[?2026h[?25l[1Gpulling manifest ⠋ [K[?25h[?2026l[?2026h[?25l[1Gpulling manifest ⠙ [K[?25h[?2026l[?2026h[?25l[1Gpulling manifest ⠹ [K[?25h[?2026l[?2026h[?25l[1Gpulling manifest ⠸ [K[?25h[?2026l[?2026h[?25l[1Gpulling manifest ⠼ [K[?25h[?2026l[?2026h[?25l[1Gpulling manifest [K
pulling 4cd576d9aa16:   0% ▕                  ▏  43 MB/ 42 GB                  [K[?25h[?2026l[?2026h[?25l[A[1Gpulling manifest [K
pulling 4cd576d9aa16:   0% ▕                  ▏  97 MB/ 42 GB                  [K[?25h[?2026l[?2026h[?25l[A[1Gpulling manifest [K
pulling 4cd576d9aa16:   0% ▕                  ▏ 193 MB/ 42 GB                  [K[?25h[?2026l[?2026h[?25l[A[1Gpulling manifest [K
pulling 4cd576d9aa16:   1% ▕                  ▏ 270 MB/ 42 GB                  [K[?25h[?2026l[?2026h[?25l[A[1Gpulling manifest [K
pulling 4cd576d9aa16:   1% ▕                  ▏ 309 MB/ 42 GB                  [K[?25h[?2026l[?2026h[?25l[A[1Gpulling manifest [K
pulling 4cd576d9aa16:   1% ▕                  ▏ 384 MB/ 42 GB                  [K[?25h[?2026l[?2026h[?25l[A[1Gpulling manifest [K
pulling 4cd576d9aa16:   1% ▕                  ▏ 460 MB/ 42 GB                  [K[?25h[?2026l[?2026h[?25l[A[1Gpulling manifest [K
pulling 4cd576d9aa16:   1% ▕                  ▏ 497 MB/ 42 GB                  [K[?25h[?2026l[?2026h[?25l[A[1Gpulling manifest [K
pulling 4cd576d9aa16:   1% ▕                  ▏ 572 MB/ 42 GB                  [K[?25h[?2026l[?2026h[?25l[A[1Gpulling manifest [K
pulling 4cd576d9aa16:   2% ▕                  ▏ 644 MB/ 42 GB                  [K[?25h[?2026l[?2026h[?25l[A[1Gpulling manifest [K
pulling 4cd576d9aa16:   2% ▕                  ▏ 686 MB/ 42 GB  679 MB/s    1m1s[K[?25h[?2026l[?2026h[?25l[A[1Gpulling manifest [K
pulling 4cd576d9aa16:   2% ▕                  ▏ 757 MB/ 42 GB  679 MB/s    1m1s[K[?25h[?2026l[?2026h[?25l[A[1Gpulling manifest [K
pulling 4cd576d9aa16:   2% ▕                  ▏ 832 MB/ 42 GB  679 MB/s    1m1s[K[?25h[?2026l[?2026h[?25l[A[1Gpulling manifest [K
pulling 4cd576d9aa16:   2% ▕                  ▏ 870 MB/ 42 GB  679 MB/s    1m1s[K[?25h[?2026l[?2026h[?25l[A[1Gpulling manifest [K
pulling 4cd576d9aa16:   2% ▕                  ▏ 944 MB/ 42 GB  679 MB/s    1m1s[K[?25h[?2026l[?2026h[?25l[A[1Gpulling manifest [K
pulling 4cd576d9aa16:   2% ▕                  ▏ 1.0 GB/ 42 GB  679 MB/s    1m1s[K[?25h[?2026l[?2026h[?25l[A[1Gpulling manifest [K
pulling 4cd576d9aa16:   2% ▕                  ▏ 1.1 GB/ 42 GB  679 MB/s    1m1s[K[?25h[?2026l[?2026h[?25l[A[1Gpulling manifest [K
pulling 4cd576d9aa16:   3% ▕                  ▏ 1.1 GB/ 42 GB  679 MB/s    1m0s[K[?25h[?2026l[?2026h[?25l[A[1Gpulling manifest [K
pulling 4cd576d9aa16:   3% ▕                  ▏ 1.2 GB/ 42 GB  679 MB/s    1m0s[K[?25h[?2026l[?2026h[?25l[A[1Gpulling manifest [K
pulling 4cd576d9aa16:   3% ▕                  ▏ 1.2 GB/ 42 GB  679 MB/s    1m0s[K[?25h[?2026l[?2026h[?25l[A[1Gpulling manifest [K
pulling 4cd576d9aa16:   3% ▕                  ▏ 1.3 GB/ 42 GB  655 MB/s    1m2s[K[?25h[?2026l[?2026h[?25l[A[1Gpulling manifest [K
pulling 4cd576d9aa16:   3% ▕                  ▏ 1.4 GB/ 42 GB  655 MB/s    1m2s[K[?25h[?2026l[?2026h[?25l[A[1Gpulling manifest [K
pulling 4cd576d9aa16:   3% ▕                  ▏ 1.4 GB/ 42 GB  655 MB/s    1m2s[K[?25h[?2026l[?2026h[?25l[A[1Gpulling manifest [K
pulling 4cd576d9aa16:   4% ▕                  ▏ 1.5 GB/ 42 GB  655 MB/s    1m2s[K[?25h[?2026l[?2026h[?25l[A[1Gpulling manifest [K
pulling 4cd576d9aa16:   4% ▕                  ▏ 1.6 GB/ 42 GB  655 MB/s    1m2s[K[?25h[?2026l[?2026h[?25l[A[1Gpulling manifest [K
pulling 4cd576d9aa16:   4% ▕                  ▏ 1.6 GB/ 42 GB  655 MB/s    1m2s[K[?25h[?2026l[?2026h[?25l[A[1Gpulling manifest [K
pulling 4cd576d9aa16:   4% ▕                  ▏ 1.7 GB/ 42 GB  655 MB/s    1m2s[K[?25h[?2026l[?2026h[?25l[A[1Gpulling manifest [K
pulling 4cd576d9aa16:   4% ▕                  ▏ 1.8 GB/ 42 GB  655 MB/s    1m2s[K[?25h[?2026l[?2026h[?25l[A[1Gpulling manifest [K
pulling 4cd576d9aa16:   4% ▕                  ▏ 1.8 GB/ 42 GB  655 MB/s    1m2s[K[?25h[?2026l[?2026h[?25l[A[1Gpulling manifest [K
pulling 4cd576d9aa16:   4% ▕                  ▏ 1.9 GB/ 42 GB  655 MB/s    1m2s[K[?25h[?2026l[?2026h[?25l[A[1Gpulling manifest [K
pulling 4cd576d9aa16:   5% ▕                  ▏ 2.0 GB/ 42 GB  648 MB/s    1m2s[K[?25h[?2026l[?2026h[?25l[A[1Gpulling manifest [K
pulling 4cd576d9aa16:   5% ▕                  ▏ 2.0 GB/ 42 GB  648 MB/s    1m2s[K[?25h[?2026l[?2026h[?25l[A[1Gpulling manifest [K
pulling 4cd576d9aa16:   5% ▕                  ▏ 2.1 GB/ 42 GB  648 MB/s    1m2s[K[?25h[?2026l[?2026h[?25l[A[1Gpulling manifest [K
pulling 4cd576d9aa16:   5% ▕                  ▏ 2.1 GB/ 42 GB  648 MB/s    1m2s[K[?25h[?2026l[?2026h[?25l[A[1Gpulling manifest [K
pulling 4cd576d9aa16:   5% ▕                  ▏ 2.2 GB/ 42 GB  648 MB/s    1m2s[K[?25h[?2026l[?2026h[?25l[A[1Gpulling manifest [K
pulling 4cd576d9aa16:   5% ▕                  ▏ 2.3 GB/ 42 GB  648 MB/s    1m2s[K[?25h[?2026l[?2026h[?25l[A[1Gpulling manifest [K
pulling 4cd576d9aa16:   5% ▕                  ▏ 2.3 GB/ 42 GB  648 MB/s    1m2s[K[?25h[?2026l[?2026h[?25l[A[1Gpulling manifest [K
pulling 4cd576d9aa16:   6% ▕█                 ▏ 2.4 GB/ 42 GB  648 MB/s    1m1s[K[?25h[?2026l[?2026h[?25l[A[1Gpulling manifest [K
pulling 4cd576d9aa16:   6% ▕█                 ▏ 2.4 GB/ 42 GB  648 MB/s    1m1s[K[?25h[?2026l[?2026h[?25l[A[1Gpulling manifest [K
pulling 4cd576d9aa16:   6% ▕█                 ▏ 2.5 GB/ 42 GB  648 MB/s    1m1s[K[?25h[?2026l[?2026h[?25l[A[1Gpulling manifest [K
pulling 4cd576d9aa16:   6% ▕█                 ▏ 2.6 GB/ 42 GB  648 MB/s    1m1s[K[?25h[?2026l[?2026h[?25l[A[1Gpulling manifest [K
pulling 4cd576d9aa16:   6% ▕█                 ▏ 2.6 GB/ 42 GB  645 MB/s    1m1s[K[?25h[?2026l[?2026h[?25l[A[1Gpulling manifest [K
pulling 4cd576d9aa16:   6% ▕█                 ▏ 2.7 GB/ 42 GB  645 MB/s    1m1s[K[?25h[?2026l[?2026h[?25l[A[1Gpulling manifest [K
pulling 4cd576d9aa16:   6% ▕█                 ▏ 2.7 GB/ 42 GB  645 MB/s    1m1s[K[?25h[?2026l[?2026h[?25l[A[1Gpulling manifest [K
pulling 4cd576d9aa16:   7% ▕█                 ▏ 2.8 GB/ 42 GB  645 MB/s    1m1s[K[?25h[?2026l[?2026h[?25l[A[1Gpulling manifest [K
pulling 4cd576d9aa16:   7% ▕█                 ▏ 2.9 GB/ 42 GB  645 MB/s    1m1s[K[?25h[?2026l[?2026h[?25l[A[1Gpulling manifest [K
pulling 4cd576d9aa16:   7% ▕█                 ▏ 2.9 GB/ 42 GB  645 MB/s    1m1s[K[?25h[?2026l[?2026h[?25l[A[1Gpulling manifest [K
pulling 4cd576d9aa16:   7% ▕█                 ▏ 3.0 GB/ 42 GB  645 MB/s    1m1s[K[?25h[?2026l[?2026h[?25l[A[1Gpulling manifest [K
pulling 4cd576d9aa16:   7% ▕█                 ▏ 3.1 GB/ 42 GB  645 MB/s    1m1s[K[?25h[?2026l[?2026h[?25l[A[1Gpulling manifest [K
pulling 4cd576d9aa16:   7% ▕█                 ▏ 3.1 GB/ 42 GB  645 MB/s    1m1s[K[?25h[?2026l[?2026h[?25l[A[1Gpulling manifest [K
pulling 4cd576d9aa16:   7% ▕█                 ▏ 3.2 GB/ 42 GB  645 MB/s    1m0s[K[?25h[?2026l[?2026h[?25l[A[1Gpulling manifest [K
pulling 4cd576d9aa16:   8% ▕█                 ▏ 3.3 GB/ 42 GB  643 MB/s    1m1s[K[?25h[?2026l[?2026h[?25l[A[1Gpulling manifest [K
pulling 4cd576d9aa16:   8% ▕█                 ▏ 3.3 GB/ 42 GB  643 MB/s    1m0s[K[?25h[?2026l[?2026h[?25l[A[1Gpulling manifest [K
pulling 4cd576d9aa16:   8% ▕█                 ▏ 3.4 GB/ 42 GB  643 MB/s    1m0s[K[?25h[?2026l[?2026h[?25l[A[1Gpulling manifest [K
pulling 4cd576d9aa16:   8% ▕█                 ▏ 3.5 GB/ 42 GB  643 MB/s    1m0s[K[?25h[?2026l[?2026h[?25l[A[1Gpulling manifest [K
pulling 4cd576d9aa16:   8% ▕█                 ▏ 3.5 GB/ 42 GB  643 MB/s    1m0s[K[?25h[?2026l[?2026h[?25l[A[1Gpulling manifest [K
pulling 4cd576d9aa16:   8% ▕█                 ▏ 3.5 GB/ 42 GB  643 MB/s    1m0s[K[?25h[?2026l[?2026h[?25l[A[1Gpulling manifest [K
pulling 4cd576d9aa16:   8% ▕█                 ▏ 3.6 GB/ 42 GB  643 MB/s    1m0s[K[?25h[?2026l[?2026h[?25l[A[1Gpulling manifest [K
pulling 4cd576d9aa16:   8% ▕█                 ▏ 3.6 GB/ 42 GB  643 MB/s    1m0s[K[?25h[?2026l[?2026h[?25l[A[1Gpulling manifest [K
pulling 4cd576d9aa16:   8% ▕█                 ▏ 3.6 GB/ 42 GB  643 MB/s    1m0s[K[?25h[?2026l[?2026h[?25l[A[1Gpulling manifest [K
pulling 4cd576d9aa16:   9% ▕█                 ▏ 3.6 GB/ 42 GB  643 MB/s    1m0s[K[?25h[?2026l[?2026h[?25l[A[1Gpulling manifest [K
pulling 4cd576d9aa16:   9% ▕█                 ▏ 3.7 GB/ 42 GB  607 MB/s    1m3s[K[?25h[?2026l[?2026h[?25l[A[1Gpulling manifest [K
pulling 4cd576d9aa16:   9% ▕█                 ▏ 3.7 GB/ 42 GB  607 MB/s    1m3s[K[?25h[?2026l[?2026h[?25l[A[1Gpulling manifest [K
pulling 4cd576d9aa16:   9% ▕█                 ▏ 3.7 GB/ 42 GB  607 MB/s    1m3s[K[?25h[?2026l[?2026h[?25l[A[1Gpulling manifest [K
pulling 4cd576d9aa16:   9% ▕█                 ▏ 3.7 GB/ 42 GB  607 MB/s    1m3s[K[?25h[?2026l[?2026h[?25l[A[1Gpulling manifest [K
pulling 4cd576d9aa16:   9% ▕█                 ▏ 3.8 GB/ 42 GB  607 MB/s    1m3s[K[?25h[?2026l[?2026h[?25l[A[1Gpulling manifest [K
pulling 4cd576d9aa16:   9% ▕█                 ▏ 3.8 GB/ 42 GB  607 MB/s    1m3s[K[?25h[?2026l[?2026h[?25l[A[1Gpulling manifest [K
pulling 4cd576d9aa16:   9% ▕█                 ▏ 3.8 GB/ 42 GB  607 MB/s    1m3s[K[?25h[?2026l[?2026h[?25l[A[1Gpulling manifest [K
pulling 4cd576d9aa16:   9% ▕█                 ▏ 3.8 GB/ 42 GB  607 MB/s    1m3s[K[?25h[?2026l[?2026h[?25l[A[1Gpulling manifest [K
pulling 4cd576d9aa16:   9% ▕█                 ▏ 3.9 GB/ 42 GB  607 MB/s    1m3s[K[?25h[?2026l[?2026h[?25l[A[1Gpulling manifest [K
pulling 4cd576d9aa16:   9% ▕█                 ▏ 3.9 GB/ 42 GB  607 MB/s    1m3s[K[?25h[?2026l[?2026h[?25l[A[1Gpulling manifest [K
pulling 4cd576d9aa16:   9% ▕█                 ▏ 3.9 GB/ 42 GB  557 MB/s    1m9s[K[?25h[?2026l[?2026h[?25l[A[1Gpulling manifest [K
pulling 4cd576d9aa16:   9% ▕█                 ▏ 3.9 GB/ 42 GB  557 MB/s    1m9s[K[?25h[?2026l[?2026h[?25l[A[1Gpulling manifest [K
pulling 4cd576d9aa16:   9% ▕█                 ▏ 4.0 GB/ 42 GB  557 MB/s    1m9s[K[?25h[?2026l[?2026h[?25l[A[1Gpulling manifest [K
pulling 4cd576d9aa16:   9% ▕█                 ▏ 4.0 GB/ 42 GB  557 MB/s    1m9s[K[?25h[?2026l[?2026h[?25l[A[1Gpulling manifest [K
pulling 4cd576d9aa16:   9% ▕█                 ▏ 4.0 GB/ 42 GB  557 MB/s    1m9s[K[?25h[?2026l[?2026h[?25l[A[1Gpulling manifest [K
pulling 4cd576d9aa16:   9% ▕█                 ▏ 4.0 GB/ 42 GB  557 MB/s    1m9s[K[?25h[?2026l[?2026h[?25l[A[1Gpulling manifest [K
pulling 4cd576d9aa16:  10% ▕█                 ▏ 4.1 GB/ 42 GB  557 MB/s    1m9s[K[?25h[?2026l[?2026h[?25l[A[1Gpulling manifest [K
pulling 4cd576d9aa16:  10% ▕█                 ▏ 4.1 GB/ 42 GB  557 MB/s    1m9s[K[?25h[?2026l[?2026h[?25l[A[1Gpulling manifest [K
pulling 4cd576d9aa16:  10% ▕█                 ▏ 4.1 GB/ 42 GB  557 MB/s    1m8s[K[?25h[?2026l[?2026h[?25l[A[1Gpulling manifest [K
pulling 4cd576d9aa16:  10% ▕█                 ▏ 4.1 GB/ 42 GB  557 MB/s    1m8s[K[?25h[?2026l[?2026h[?25l[A[1Gpulling manifest [K
pulling 4cd576d9aa16:  10% ▕█                 ▏ 4.2 GB/ 42 GB  519 MB/s   1m13s[K[?25h[?2026l[?2026h[?25l[A[1Gpulling manifest [K
pulling 4cd576d9aa16:  10% ▕█                 ▏ 4.2 GB/ 42 GB  519 MB/s   1m13s[K[?25h[?2026l[?2026h[?25l[A[1Gpulling manifest [K
pulling 4cd576d9aa16:  10% ▕█                 ▏ 4.2 GB/ 42 GB  519 MB/s   1m13s[K[?25h[?2026l[?2026h[?25l[A[1Gpulling manifest [K
pulling 4cd576d9aa16:  10% ▕█                 ▏ 4.2 GB/ 42 GB  519 MB/s   1m13s[K[?25h[?2026l[?2026h[?25l[A[1Gpulling manifest [K
pulling 4cd576d9aa16:  10% ▕█                 ▏ 4.2 GB/ 42 GB  519 MB/s   1m13s[K[?25h[?2026l[?2026h[?25l[A[1Gpulling manifest [K
pulling 4cd576d9aa16:  10% ▕█                 ▏ 4.3 GB/ 42 GB  519 MB/s   1m13s[K[?25h[?2026l[?2026h[?25l[A[1Gpulling manifest [K
pulling 4cd576d9aa16:  10% ▕█                 ▏ 4.3 GB/ 42 GB  519 MB/s   1m13s[K[?25h[?2026l[?2026h[?25l[A[1Gpulling manifest [K
pulling 4cd576d9aa16:  10% ▕█                 ▏ 4.3 GB/ 42 GB  519 MB/s   1m13s[K[?25h[?2026l[?2026h[?25l[A[1Gpulling manifest [K
pulling 4cd576d9aa16:  10% ▕█                 ▏ 4.4 GB/ 42 GB  519 MB/s   1m13s[K[?25h[?2026l[?2026h[?25l[A[1Gpulling manifest [K
pulling 4cd576d9aa16:  10% ▕█                 ▏ 4.4 GB/ 42 GB  519 MB/s   1m13s[K[?25h[?2026l[?2026h[?25l[A[1Gpulling manifest [K
pulling 4cd576d9aa16:  10% ▕█                 ▏ 4.4 GB/ 42 GB  519 MB/s   1m13s[K[?25h[?2026l[?2026h[?25l[A[1Gpulling manifest [K
pulling 4cd576d9aa16:  10% ▕█                 ▏ 4.4 GB/ 42 GB  489 MB/s   1m17s[K[?25h[?2026l[?2026h[?25l[A[1Gpulling manifest [K
pulling 4cd576d9aa16:  10% ▕█                 ▏ 4.5 GB/ 42 GB  489 MB/s   1m17s[K[?25h[?2026l[?2026h[?25l[A[1Gpulling manifest [K
pulling 4cd576d9aa16:  11% ▕█                 ▏ 4.5 GB/ 42 GB  489 MB/s   1m17s[K[?25h[?2026l[?2026h[?25l[A[1Gpulling manifest [K
pulling 4cd576d9aa16:  11% ▕█                 ▏ 4.5 GB/ 42 GB  489 MB/s   1m17s[K[?25h[?2026l[?2026h[?25l[A[1Gpulling manifest [K
pulling 4cd576d9aa16:  11% ▕█                 ▏ 4.5 GB/ 42 GB  489 MB/s   1m17s[K[?25h[?2026l[?2026h[?25l[A[1Gpulling manifest [K
pulling 4cd576d9aa16:  11% ▕█                 ▏ 4.5 GB/ 42 GB  489 MB/s   1m17s[K[?25h[?2026l[?2026h[?25l[A[1Gpulling manifest [K
pulling 4cd576d9aa16:  11% ▕█                 ▏ 4.6 GB/ 42 GB  489 MB/s   1m17s[K[?25h[?2026l[?2026h[?25l[A[1Gpulling manifest [K
pulling 4cd576d9aa16:  11% ▕█                 ▏ 4.6 GB/ 42 GB  489 MB/s   1m17s[K[?25h[?2026l[?2026h[?25l[A[1Gpulling manifest [K
pulling 4cd576d9aa16:  11% ▕█                 ▏ 4.6 GB/ 42 GB  489 MB/s   1m17s[K[?25h[?2026l[?2026h[?25l[A[1Gpulling manifest [K
pulling 4cd576d9aa16:  11% ▕█                 ▏ 4.7 GB/ 42 GB  489 MB/s   1m17s[K[?25h[?2026l[?2026h[?25l[A[1Gpulling manifest [K
pulling 4cd576d9aa16:  11% ▕█                 ▏ 4.7 GB/ 42 GB  442 MB/s   1m25s[K[?25h[?2026l[?2026h[?25l[A[1Gpulling manifest [K
pulling 4cd576d9aa16:  11% ▕█                 ▏ 4.7 GB/ 42 GB  442 MB/s   1m25s[K[?25h[?2026l[?2026h[?25l[A[1Gpulling manifest [K
pulling 4cd576d9aa16:  11% ▕█                 ▏ 4.7 GB/ 42 GB  442 MB/s   1m25s[K[?25h[?2026l[?2026h[?25l[A[1Gpulling manifest [K
pulling 4cd576d9aa16:  11% ▕██                ▏ 4.8 GB/ 42 GB  442 MB/s   1m25s[K[?25h[?2026l[?2026h[?25l[A[1Gpulling manifest [K
pulling 4cd576d9aa16:  11% ▕██                ▏ 4.8 GB/ 42 GB  442 MB/s   1m25s[K[?25h[?2026l[?2026h[?25l[A[1Gpulling manifest [K
pulling 4cd576d9aa16:  11% ▕██                ▏ 4.8 GB/ 42 GB  442 MB/s   1m25s[K[?25h[?2026l[?2026h[?25l[A[1Gpulling manifest [K
pulling 4cd576d9aa16:  11% ▕██                ▏ 4.8 GB/ 42 GB  442 MB/s   1m25s[K[?25h[?2026l[?2026h[?25l[A[1Gpulling manifest [K
pulling 4cd576d9aa16:  11% ▕██                ▏ 4.8 GB/ 42 GB  442 MB/s   1m25s[K[?25h[?2026l[?2026h[?25l[A[1Gpulling manifest [K
pulling 4cd576d9aa16:  11% ▕██                ▏ 4.9 GB/ 42 GB  442 MB/s   1m25s[K[?25h[?2026l[?2026h[?25l[A[1Gpulling manifest [K
pulling 4cd576d9aa16:  12% ▕██                ▏ 4.9 GB/ 42 GB  442 MB/s   1m25s[K[?25h[?2026l[?2026h[?25l[A[1Gpulling manifest [K
pulling 4cd576d9aa16:  12% ▕██                ▏ 4.9 GB/ 42 GB  400 MB/s   1m33s[K[?25h[?2026l[?2026h[?25l[A[1Gpulling manifest [K
pulling 4cd576d9aa16:  12% ▕██                ▏ 4.9 GB/ 42 GB  400 MB/s   1m33s[K[?25h[?2026l[?2026h[?25l[A[1Gpulling manifest [K
pulling 4cd576d9aa16:  12% ▕██                ▏ 5.0 GB/ 42 GB  400 MB/s   1m33s[K[?25h[?2026l[?2026h[?25l[A[1Gpulling manifest [K
pulling 4cd576d9aa16:  12% ▕██                ▏ 5.0 GB/ 42 GB  400 MB/s   1m33s[K[?25h[?2026l[?2026h[?25l[A[1Gpulling manifest [K
pulling 4cd576d9aa16:  12% ▕██                ▏ 5.0 GB/ 42 GB  400 MB/s   1m33s[K[?25h[?2026l[?2026h[?25l[A[1Gpulling manifest [K
pulling 4cd576d9aa16:  12% ▕██                ▏ 5.1 GB/ 42 GB  400 MB/s   1m33s[K[?25h[?2026l[?2026h[?25l[A[1Gpulling manifest [K
pulling 4cd576d9aa16:  12% ▕██                ▏ 5.1 GB/ 42 GB  400 MB/s   1m33s[K[?25h[?2026l[?2026h[?25l[A[1Gpulling manifest [K
pulling 4cd576d9aa16:  12% ▕██                ▏ 5.1 GB/ 42 GB  400 MB/s   1m33s[K[?25h[?2026l[?2026h[?25l[A[1Gpulling manifest [K
pulling 4cd576d9aa16:  12% ▕██                ▏ 5.1 GB/ 42 GB  400 MB/s   1m33s[K[?25h[?2026l[?2026h[?25l[A[1Gpulling manifest [K
pulling 4cd576d9aa16:  12% ▕██                ▏ 5.1 GB/ 42 GB  400 MB/s   1m33s[K[?25h[?2026l[?2026h[?25l[A[1Gpulling manifest [K
pulling 4cd576d9aa16:  12% ▕██                ▏ 5.2 GB/ 42 GB  357 MB/s   1m44s[K[?25h[?2026l[?2026h[?25l[A[1Gpulling manifest [K
pulling 4cd576d9aa16:  12% ▕██                ▏ 5.2 GB/ 42 GB  357 MB/s   1m44s[K[?25h[?2026l[?2026h[?25l[A[1Gpulling manifest [K
pulling 4cd576d9aa16:  12% ▕██                ▏ 5.2 GB/ 42 GB  357 MB/s   1m44s[K[?25h[?2026l[?2026h[?25l[A[1Gpulling manifest [K
pulling 4cd576d9aa16:  12% ▕██                ▏ 5.2 GB/ 42 GB  357 MB/s   1m44s[K[?25h[?2026l[?2026h[?25l[A[1Gpulling manifest [K
pulling 4cd576d9aa16:  12% ▕██                ▏ 5.3 GB/ 42 GB  357 MB/s   1m44s[K[?25h[?2026l[?2026h[?25l[A[1Gpulling manifest [K
pulling 4cd576d9aa16:  12% ▕██                ▏ 5.3 GB/ 42 GB  357 MB/s   1m44s[K[?25h[?2026l[?2026h[?25l[A[1Gpulling manifest [K
pulling 4cd576d9aa16:  13% ▕██                ▏ 5.3 GB/ 42 GB  357 MB/s   1m43s[K[?25h[?2026l[?2026h[?25l[A[1Gpulling manifest [K
pulling 4cd576d9aa16:  13% ▕██                ▏ 5.4 GB/ 42 GB  357 MB/s   1m43s[K[?25h[?2026l[?2026h[?25l[A[1Gpulling manifest [K
pulling 4cd576d9aa16:  13% ▕██                ▏ 5.4 GB/ 42 GB  357 MB/s   1m43s[K[?25h[?2026l[?2026h[?25l[A[1Gpulling manifest [K
pulling 4cd576d9aa16:  13% ▕██                ▏ 5.4 GB/ 42 GB  357 MB/s   1m43s[K[?25h[?2026l[?2026h[?25l[A[1Gpulling manifest [K
pulling 4cd576d9aa16:  13% ▕██                ▏ 5.4 GB/ 42 GB  315 MB/s   1m57s[K[?25h[?2026l[?2026h[?25l[A[1Gpulling manifest [K
pulling 4cd576d9aa16:  13% ▕██                ▏ 5.4 GB/ 42 GB  315 MB/s   1m57s[K[?25h[?2026l[?2026h[?25l[A[1Gpulling manifest [K
pulling 4cd576d9aa16:  13% ▕██                ▏ 5.5 GB/ 42 GB  315 MB/s   1m57s[K[?25h[?2026l[?2026h[?25l[A[1Gpulling manifest [K
pulling 4cd576d9aa16:  13% ▕██                ▏ 5.5 GB/ 42 GB  315 MB/s   1m57s[K[?25h[?2026l[?2026h[?25l[A[1Gpulling manifest [K
pulling 4cd576d9aa16:  13% ▕██                ▏ 5.5 GB/ 42 GB  315 MB/s   1m57s[K[?25h[?2026l[?2026h[?25l[A[1Gpulling manifest [K
pulling 4cd576d9aa16:  13% ▕██                ▏ 5.5 GB/ 42 GB  315 MB/s   1m57s[K[?25h[?2026l[?2026h[?25l[A[1Gpulling manifest [K
pulling 4cd576d9aa16:  13% ▕██                ▏ 5.6 GB/ 42 GB  315 MB/s   1m57s[K[?25h[?2026l[?2026h[?25l[A[1Gpulling manifest [K
pulling 4cd576d9aa16:  13% ▕██                ▏ 5.6 GB/ 42 GB  315 MB/s   1m57s[K[?25h[?2026l[?2026h[?25l[A[1Gpulling manifest [K
pulling 4cd576d9aa16:  13% ▕██                ▏ 5.6 GB/ 42 GB  315 MB/s   1m57s[K[?25h[?2026l[?2026h[?25l[A[1Gpulling manifest [K
pulling 4cd576d9aa16:  13% ▕██                ▏ 5.6 GB/ 42 GB  315 MB/s   1m56s[K[?25h[?2026l[?2026h[?25l[A[1Gpulling manifest [K
pulling 4cd576d9aa16:  13% ▕██                ▏ 5.7 GB/ 42 GB  315 MB/s   1m56s[K[?25h[?2026l[?2026h[?25l[A[1Gpulling manifest [K
pulling 4cd576d9aa16:  13% ▕██                ▏ 5.7 GB/ 42 GB  272 MB/s   2m15s[K[?25h[?2026l[?2026h[?25l[A[1Gpulling manifest [K
pulling 4cd576d9aa16:  13% ▕██                ▏ 5.7 GB/ 42 GB  272 MB/s   2m14s[K[?25h[?2026l[?2026h[?25l[A[1Gpulling manifest [K
pulling 4cd576d9aa16:  13% ▕██                ▏ 5.7 GB/ 42 GB  272 MB/s   2m14s[K[?25h[?2026l[?2026h[?25l[A[1Gpulling manifest [K
pulling 4cd576d9aa16:  14% ▕██                ▏ 5.8 GB/ 42 GB  272 MB/s   2m14s[K[?25h[?2026l[?2026h[?25l[A[1Gpulling manifest [K
pulling 4cd576d9aa16:  14% ▕██                ▏ 5.8 GB/ 42 GB  272 MB/s   2m14s[K[?25h[?2026l[?2026h[?25l[A[1Gpulling manifest [K
pulling 4cd576d9aa16:  14% ▕██                ▏ 5.8 GB/ 42 GB  272 MB/s   2m14s[K[?25h[?2026l[?2026h[?25l[A[1Gpulling manifest [K
pulling 4cd576d9aa16:  14% ▕██                ▏ 5.8 GB/ 42 GB  272 MB/s   2m14s[K[?25h[?2026l[?2026h[?25l[A[1Gpulling manifest [K
pulling 4cd576d9aa16:  14% ▕██                ▏ 5.9 GB/ 42 GB  272 MB/s   2m14s[K[?25h[?2026l[?2026h[?25l[A[1Gpulling manifest [K
pulling 4cd576d9aa16:  14% ▕██                ▏ 5.9 GB/ 42 GB  272 MB/s   2m14s[K[?25h[?2026l[?2026h[?25l[A[1Gpulling manifest [K
pulling 4cd576d9aa16:  14% ▕██                ▏ 5.9 GB/ 42 GB  272 MB/s   2m14s[K[?25h[?2026l[?2026h[?25l[A[1Gpulling manifest [K
pulling 4cd576d9aa16:  14% ▕██                ▏ 5.9 GB/ 42 GB  253 MB/s   2m24s[K[?25h[?2026l[?2026h[?25l[A[1Gpulling manifest [K
pulling 4cd576d9aa16:  14% ▕██                ▏ 6.0 GB/ 42 GB  253 MB/s   2m24s[K[?25h[?2026l[?2026h[?25l[A[1Gpulling manifest [K
pulling 4cd576d9aa16:  14% ▕██                ▏ 6.0 GB/ 42 GB  253 MB/s   2m24s[K[?25h[?2026l[?2026h[?25l[A[1Gpulling manifest [K
pulling 4cd576d9aa16:  14% ▕██                ▏ 6.0 GB/ 42 GB  253 MB/s   2m24s[K[?25h[?2026l[?2026h[?25l[A[1Gpulling manifest [K
pulling 4cd576d9aa16:  14% ▕██                ▏ 6.0 GB/ 42 GB  253 MB/s   2m24s[K[?25h[?2026l[?2026h[?25l[A[1Gpulling manifest [K
pulling 4cd576d9aa16:  14% ▕██                ▏ 6.1 GB/ 42 GB  253 MB/s   2m24s[K[?25h[?2026l[?2026h[?25l[A[1Gpulling manifest [K
pulling 4cd576d9aa16:  14% ▕██                ▏ 6.1 GB/ 42 GB  253 MB/s   2m23s[K[?25h[?2026l[?2026h[?25l[A[1Gpulling manifest [K
pulling 4cd576d9aa16:  14% ▕██                ▏ 6.1 GB/ 42 GB  253 MB/s   2m23s[K[?25h[?2026l[?2026h[?25l[A[1Gpulling manifest [K
pulling 4cd576d9aa16:  14% ▕██                ▏ 6.1 GB/ 42 GB  253 MB/s   2m23s[K[?25h[?2026l[?2026h[?25l[A[1Gpulling manifest [K
pulling 4cd576d9aa16:  15% ▕██                ▏ 6.2 GB/ 42 GB  253 MB/s   2m23s[K[?25h[?2026l[?2026h[?25l[A[1Gpulling manifest [K
pulling 4cd576d9aa16:  15% ▕██                ▏ 6.2 GB/ 42 GB  253 MB/s   2m23s[K[?25h[?2026l[?2026h[?25l[A[1Gpulling manifest [K
pulling 4cd576d9aa16:  15% ▕██                ▏ 6.2 GB/ 42 GB  253 MB/s   2m23s[K[?25h[?2026l[?2026h[?25l[A[1Gpulling manifest [K
pulling 4cd576d9aa16:  15% ▕██                ▏ 6.2 GB/ 42 GB  253 MB/s   2m23s[K[?25h[?2026l[?2026h[?25l[A[1Gpulling manifest [K
pulling 4cd576d9aa16:  15% ▕██                ▏ 6.3 GB/ 42 GB  253 MB/s   2m23s[K[?25h[?2026l[?2026h[?25l[A[1Gpulling manifest [K
pulling 4cd576d9aa16:  15% ▕██                ▏ 6.3 GB/ 42 GB  253 MB/s   2m23s[K[?25h[?2026l[?2026h[?25l[A[1Gpulling manifest [K
pulling 4cd576d9aa16:  15% ▕██                ▏ 6.3 GB/ 42 GB  253 MB/s   2m23s[K[?25h[?2026l[?2026h[?25l[A[1Gpulling manifest [K
pulling 4cd576d9aa16:  15% ▕██                ▏ 6.3 GB/ 42 GB  253 MB/s   2m23s[K[?25h[?2026l[?2026h[?25l[A[1Gpulling manifest [K
pulling 4cd576d9aa16:  15% ▕██                ▏ 6.4 GB/ 42 GB  253 MB/s   2m22s[K[?25h[?2026l[?2026h[?25l[A[1Gpulling manifest [K
pulling 4cd576d9aa16:  15% ▕██                ▏ 6.4 GB/ 42 GB  253 MB/s   2m22s[K[?25h[?2026l[?2026h[?25l[A[1Gpulling manifest [K
pulling 4cd576d9aa16:  15% ▕██                ▏ 6.4 GB/ 42 GB  253 MB/s   2m22s[K[?25h[?2026l[?2026h[?25l[A[1Gpulling manifest [K
pulling 4cd576d9aa16:  15% ▕██                ▏ 6.4 GB/ 42 GB  253 MB/s   2m22s[K[?25h[?2026l[?2026h[?25l[A[1Gpulling manifest [K
pulling 4cd576d9aa16:  15% ▕██                ▏ 6.5 GB/ 42 GB  253 MB/s   2m22s[K[?25h[?2026l[?2026h[?25l[A[1Gpulling manifest [K
pulling 4cd576d9aa16:  15% ▕██                ▏ 6.5 GB/ 42 GB  253 MB/s   2m22s[K[?25h[?2026l[?2026h[?25l[A[1Gpulling manifest [K
pulling 4cd576d9aa16:  15% ▕██                ▏ 6.5 GB/ 42 GB  253 MB/s   2m22s[K[?25h[?2026l[?2026h[?25l[A[1Gpulling manifest [K
pulling 4cd576d9aa16:  15% ▕██                ▏ 6.5 GB/ 42 GB  253 MB/s   2m22s[K[?25h[?2026l[?2026h[?25l[A[1Gpulling manifest [K
pulling 4cd576d9aa16:  15% ▕██                ▏ 6.6 GB/ 42 GB  253 MB/s   2m22s[K[?25h[?2026l[?2026h[?25l[A[1Gpulling manifest [K
pulling 4cd576d9aa16:  15% ▕██                ▏ 6.6 GB/ 42 GB  253 MB/s   2m21s[K[?25h[?2026l[?2026h[?25l[A[1Gpulling manifest [K
pulling 4cd576d9aa16:  16% ▕██                ▏ 6.6 GB/ 42 GB  253 MB/s   2m21s[K[?25h[?2026l[?2026h[?25l[A[1Gpulling manifest [K
pulling 4cd576d9aa16:  16% ▕██                ▏ 6.6 GB/ 42 GB  253 MB/s   2m21s[K[?25h[?2026l[?2026h[?25l[A[1Gpulling manifest [K
pulling 4cd576d9aa16:  16% ▕██                ▏ 6.7 GB/ 42 GB  253 MB/s   2m21s[K[?25h[?2026l[?2026h[?25l[A[1Gpulling manifest [K
pulling 4cd576d9aa16:  16% ▕██                ▏ 6.7 GB/ 42 GB  253 MB/s   2m21s[K[?25h[?2026l[?2026h[?25l[A[1Gpulling manifest [K
pulling 4cd576d9aa16:  16% ▕██                ▏ 6.7 GB/ 42 GB  253 MB/s   2m21s[K[?25h[?2026l[?2026h[?25l[A[1Gpulling manifest [K
pulling 4cd576d9aa16:  16% ▕██                ▏ 6.7 GB/ 42 GB  253 MB/s   2m21s[K[?25h[?2026l[?2026h[?25l[A[1Gpulling manifest [K
pulling 4cd576d9aa16:  16% ▕██                ▏ 6.8 GB/ 42 GB  253 MB/s   2m21s[K[?25h[?2026l[?2026h[?25l[A[1Gpulling manifest [K
pulling 4cd576d9aa16:  16% ▕██                ▏ 6.8 GB/ 42 GB  253 MB/s   2m21s[K[?25h[?2026l[?2026h[?25l[A[1Gpulling manifest [K
pulling 4cd576d9aa16:  16% ▕██                ▏ 6.8 GB/ 42 GB  253 MB/s   2m21s[K[?25h[?2026l[?2026h[?25l[A[1Gpulling manifest [K
pulling 4cd576d9aa16:  16% ▕██                ▏ 6.8 GB/ 42 GB  253 MB/s   2m20s[K[?25h[?2026l[?2026h[?25l[A[1Gpulling manifest [K
pulling 4cd576d9aa16:  16% ▕██                ▏ 6.9 GB/ 42 GB  253 MB/s   2m20s[K[?25h[?2026l[?2026h[?25l[A[1Gpulling manifest [K
pulling 4cd576d9aa16:  16% ▕██                ▏ 6.9 GB/ 42 GB  253 MB/s   2m20s[K[?25h[?2026l[?2026h[?25l[A[1Gpulling manifest [K
pulling 4cd576d9aa16:  16% ▕██                ▏ 6.9 GB/ 42 GB  253 MB/s   2m20s[K[?25h[?2026l[?2026h[?25l[A[1Gpulling manifest [K
pulling 4cd576d9aa16:  16% ▕██                ▏ 6.9 GB/ 42 GB  253 MB/s   2m20s[K[?25h[?2026l[?2026h[?25l[A[1Gpulling manifest [K
pulling 4cd576d9aa16:  16% ▕██                ▏ 7.0 GB/ 42 GB  252 MB/s   2m20s[K[?25h[?2026l[?2026h[?25l[A[1Gpulling manifest [K
pulling 4cd576d9aa16:  16% ▕██                ▏ 7.0 GB/ 42 GB  252 MB/s   2m20s[K[?25h[?2026l[?2026h[?25l[A[1Gpulling manifest [K
pulling 4cd576d9aa16:  16% ▕██                ▏ 7.0 GB/ 42 GB  252 MB/s   2m20s[K[?25h[?2026l[?2026h[?25l[A[1Gpulling manifest [K
pulling 4cd576d9aa16:  17% ▕██                ▏ 7.0 GB/ 42 GB  252 MB/s   2m20s[K[?25h[?2026l[?2026h[?25l[A[1Gpulling manifest [K
pulling 4cd576d9aa16:  17% ▕██                ▏ 7.1 GB/ 42 GB  252 MB/s   2m20s[K[?25h[?2026l[?2026h[?25l[A[1Gpulling manifest [K
pulling 4cd576d9aa16:  17% ▕██                ▏ 7.1 GB/ 42 GB  252 MB/s   2m20s[K[?25h[?2026l[?2026h[?25l[A[1Gpulling manifest [K
pulling 4cd576d9aa16:  17% ▕███               ▏ 7.1 GB/ 42 GB  252 MB/s   2m19s[K[?25h[?2026l[?2026h[?25l[A[1Gpulling manifest [K
pulling 4cd576d9aa16:  17% ▕███               ▏ 7.1 GB/ 42 GB  252 MB/s   2m19s[K[?25h[?2026l[?2026h[?25l[A[1Gpulling manifest [K
pulling 4cd576d9aa16:  17% ▕███               ▏ 7.2 GB/ 42 GB  252 MB/s   2m19s[K[?25h[?2026l[?2026h[?25l[A[1Gpulling manifest [K
pulling 4cd576d9aa16:  17% ▕███               ▏ 7.2 GB/ 42 GB  252 MB/s   2m19s[K[?25h[?2026l[?2026h[?25l[A[1Gpulling manifest [K
pulling 4cd576d9aa16:  17% ▕███               ▏ 7.2 GB/ 42 GB  253 MB/s   2m19s[K[?25h[?2026l[?2026h[?25l[A[1Gpulling manifest [K
pulling 4cd576d9aa16:  17% ▕███               ▏ 7.2 GB/ 42 GB  253 MB/s   2m19s[K[?25h[?2026l[?2026h[?25l[A[1Gpulling manifest [K
pulling 4cd576d9aa16:  17% ▕███               ▏ 7.2 GB/ 42 GB  253 MB/s   2m19s[K[?25h[?2026l[?2026h[?25l[A[1Gpulling manifest [K
pulling 4cd576d9aa16:  17% ▕███               ▏ 7.3 GB/ 42 GB  253 MB/s   2m19s[K[?25h[?2026l[?2026h[?25l[A[1Gpulling manifest [K
pulling 4cd576d9aa16:  17% ▕███               ▏ 7.3 GB/ 42 GB  253 MB/s   2m19s[K[?25h[?2026l[?2026h[?25l[A[1Gpulling manifest [K
pulling 4cd576d9aa16:  17% ▕███               ▏ 7.3 GB/ 42 GB  253 MB/s   2m18s[K[?25h[?2026l[?2026h[?25l[A[1Gpulling manifest [K
pulling 4cd576d9aa16:  17% ▕███               ▏ 7.4 GB/ 42 GB  253 MB/s   2m18s[K[?25h[?2026l[?2026h[?25l[A[1Gpulling manifest [K
pulling 4cd576d9aa16:  17% ▕███               ▏ 7.4 GB/ 42 GB  253 MB/s   2m18s[K[?25h[?2026l[?2026h[?25l[A[1Gpulling manifest [K
pulling 4cd576d9aa16:  17% ▕███               ▏ 7.4 GB/ 42 GB  253 MB/s   2m18s[K[?25h[?2026l[?2026h[?25l[A[1Gpulling manifest [K
pulling 4cd576d9aa16:  17% ▕███               ▏ 7.4 GB/ 42 GB  253 MB/s   2m18s[K[?25h[?2026l[?2026h[?25l[A[1Gpulling manifest [K
pulling 4cd576d9aa16:  18% ▕███               ▏ 7.4 GB/ 42 GB  253 MB/s   2m18s[K[?25h[?2026l[?2026h[?25l[A[1Gpulling manifest [K
pulling 4cd576d9aa16:  18% ▕███               ▏ 7.5 GB/ 42 GB  253 MB/s   2m18s[K[?25h[?2026l[?2026h[?25l[A[1Gpulling manifest [K
pulling 4cd576d9aa16:  18% ▕███               ▏ 7.5 GB/ 42 GB  253 MB/s   2m18s[K[?25h[?2026l[?2026h[?25l[A[1Gpulling manifest [K
pulling 4cd576d9aa16:  18% ▕███               ▏ 7.5 GB/ 42 GB  253 MB/s   2m18s[K[?25h[?2026l[?2026h[?25l[A[1Gpulling manifest [K
pulling 4cd576d9aa16:  18% ▕███               ▏ 7.6 GB/ 42 GB  253 MB/s   2m18s[K[?25h[?2026l[?2026h[?25l[A[1Gpulling manifest [K
pulling 4cd576d9aa16:  18% ▕███               ▏ 7.6 GB/ 42 GB  253 MB/s   2m18s[K[?25h[?2026l[?2026h[?25l[A[1Gpulling manifest [K
pulling 4cd576d9aa16:  18% ▕███               ▏ 7.6 GB/ 42 GB  253 MB/s   2m17s[K[?25h[?2026l[?2026h[?25l[A[1Gpulling manifest [K
pulling 4cd576d9aa16:  18% ▕███               ▏ 7.6 GB/ 42 GB  253 MB/s   2m17s[K[?25h[?2026l[?2026h[?25l[A[1Gpulling manifest [K
pulling 4cd576d9aa16:  18% ▕███               ▏ 7.7 GB/ 42 GB  253 MB/s   2m17s[K[?25h[?2026l[?2026h[?25l[A[1Gpulling manifest [K
pulling 4cd576d9aa16:  18% ▕███               ▏ 7.7 GB/ 42 GB  253 MB/s   2m17s[K[?25h[?2026l[?2026h[?25l[A[1Gpulling manifest [K
pulling 4cd576d9aa16:  18% ▕███               ▏ 7.7 GB/ 42 GB  253 MB/s   2m17s[K[?25h[?2026l[?2026h[?25l[A[1Gpulling manifest [K
pulling 4cd576d9aa16:  18% ▕███               ▏ 7.7 GB/ 42 GB  253 MB/s   2m17s[K[?25h[?2026l[?2026h[?25l[A[1Gpulling manifest [K
pulling 4cd576d9aa16:  18% ▕███               ▏ 7.7 GB/ 42 GB  253 MB/s   2m17s[K[?25h[?2026l[?2026h[?25l[A[1Gpulling manifest [K
pulling 4cd576d9aa16:  18% ▕███               ▏ 7.8 GB/ 42 GB  253 MB/s   2m17s[K[?25h[?2026l[?2026h[?25l[A[1Gpulling manifest [K
pulling 4cd576d9aa16:  18% ▕███               ▏ 7.8 GB/ 42 GB  253 MB/s   2m17s[K[?25h[?2026l[?2026h[?25l[A[1Gpulling manifest [K
pulling 4cd576d9aa16:  18% ▕███               ▏ 7.8 GB/ 42 GB  253 MB/s   2m17s[K[?25h[?2026l[?2026h[?25l[A[1Gpulling manifest [K
pulling 4cd576d9aa16:  18% ▕███               ▏ 7.9 GB/ 42 GB  253 MB/s   2m16s[K[?25h[?2026l[?2026h[?25l[A[1Gpulling manifest [K
pulling 4cd576d9aa16:  19% ▕███               ▏ 7.9 GB/ 42 GB  253 MB/s   2m16s[K[?25h[?2026l[?2026h[?25l[A[1Gpulling manifest [K
pulling 4cd576d9aa16:  19% ▕███               ▏ 7.9 GB/ 42 GB  253 MB/s   2m16s[K[?25h[?2026l[?2026h[?25l[A[1Gpulling manifest [K
pulling 4cd576d9aa16:  19% ▕███               ▏ 7.9 GB/ 42 GB  253 MB/s   2m16s[K[?25h[?2026l[?2026h[?25l[A[1Gpulling manifest [K
pulling 4cd576d9aa16:  19% ▕███               ▏ 8.0 GB/ 42 GB  253 MB/s   2m16s[K[?25h[?2026l[?2026h[?25l[A[1Gpulling manifest [K
pulling 4cd576d9aa16:  19% ▕███               ▏ 8.0 GB/ 42 GB  253 MB/s   2m16s[K[?25h[?2026l[?2026h[?25l[A[1Gpulling manifest [K
pulling 4cd576d9aa16:  19% ▕███               ▏ 8.0 GB/ 42 GB  253 MB/s   2m16s[K[?25h[?2026l[?2026h[?25l[A[1Gpulling manifest [K
pulling 4cd576d9aa16:  19% ▕███               ▏ 8.0 GB/ 42 GB  253 MB/s   2m16s[K[?25h[?2026l[?2026h[?25l[A[1Gpulling manifest [K
pulling 4cd576d9aa16:  19% ▕███               ▏ 8.0 GB/ 42 GB  253 MB/s   2m16s[K[?25h[?2026l[?2026h[?25l[A[1Gpulling manifest [K
pulling 4cd576d9aa16:  19% ▕███               ▏ 8.1 GB/ 42 GB  253 MB/s   2m16s[K[?25h[?2026l[?2026h[?25l[A[1Gpulling manifest [K
pulling 4cd576d9aa16:  19% ▕███               ▏ 8.1 GB/ 42 GB  253 MB/s   2m15s[K[?25h[?2026l[?2026h[?25l[A[1Gpulling manifest [K
pulling 4cd576d9aa16:  19% ▕███               ▏ 8.1 GB/ 42 GB  253 MB/s   2m15s[K[?25h[?2026l[?2026h[?25l[A[1Gpulling manifest [K
pulling 4cd576d9aa16:  19% ▕███               ▏ 8.1 GB/ 42 GB  253 MB/s   2m15s[K[?25h[?2026l[?2026h[?25l[A[1Gpulling manifest [K
pulling 4cd576d9aa16:  19% ▕███               ▏ 8.2 GB/ 42 GB  253 MB/s   2m15s[K[?25h[?2026l[?2026h[?25l[A[1Gpulling manifest [K
pulling 4cd576d9aa16:  19% ▕███               ▏ 8.2 GB/ 42 GB  253 MB/s   2m15s[K[?25h[?2026l[?2026h[?25l[A[1Gpulling manifest [K
pulling 4cd576d9aa16:  19% ▕███               ▏ 8.2 GB/ 42 GB  253 MB/s   2m15s[K[?25h[?2026l[?2026h[?25l[A[1Gpulling manifest [K
pulling 4cd576d9aa16:  19% ▕███               ▏ 8.3 GB/ 42 GB  253 MB/s   2m15s[K[?25h[?2026l[?2026h[?25l[A[1Gpulling manifest [K
pulling 4cd576d9aa16:  19% ▕███               ▏ 8.3 GB/ 42 GB  253 MB/s   2m15s[K[?25h[?2026l[?2026h[?25l[A[1Gpulling manifest [K
pulling 4cd576d9aa16:  20% ▕███               ▏ 8.3 GB/ 42 GB  253 MB/s   2m15s[K[?25h[?2026l[?2026h[?25l[A[1Gpulling manifest [K
pulling 4cd576d9aa16:  20% ▕███               ▏ 8.3 GB/ 42 GB  253 MB/s   2m15s[K[?25h[?2026l[?2026h[?25l[A[1Gpulling manifest [K
pulling 4cd576d9aa16:  20% ▕███               ▏ 8.3 GB/ 42 GB  253 MB/s   2m14s[K[?25h[?2026l[?2026h[?25l[A[1Gpulling manifest [K
pulling 4cd576d9aa16:  20% ▕███               ▏ 8.4 GB/ 42 GB  253 MB/s   2m14s[K[?25h[?2026l[?2026h[?25l[A[1Gpulling manifest [K
pulling 4cd576d9aa16:  20% ▕███               ▏ 8.4 GB/ 42 GB  253 MB/s   2m14s[K[?25h[?2026l[?2026h[?25l[A[1Gpulling manifest [K
pulling 4cd576d9aa16:  20% ▕███               ▏ 8.4 GB/ 42 GB  253 MB/s   2m14s[K[?25h[?2026l[?2026h[?25l[A[1Gpulling manifest [K
pulling 4cd576d9aa16:  20% ▕███               ▏ 8.4 GB/ 42 GB  253 MB/s   2m14s[K[?25h[?2026l[?2026h[?25l[A[1Gpulling manifest [K
pulling 4cd576d9aa16:  20% ▕███               ▏ 8.5 GB/ 42 GB  253 MB/s   2m14s[K[?25h[?2026l[?2026h[?25l[A[1Gpulling manifest [K
pulling 4cd576d9aa16:  20% ▕███               ▏ 8.5 GB/ 42 GB  253 MB/s   2m14s[K[?25h[?2026l[?2026h[?25l[A[1Gpulling manifest [K
pulling 4cd576d9aa16:  20% ▕███               ▏ 8.5 GB/ 42 GB  253 MB/s   2m14s[K[?25h[?2026l[?2026h[?25l[A[1Gpulling manifest [K
pulling 4cd576d9aa16:  20% ▕███               ▏ 8.6 GB/ 42 GB  253 MB/s   2m14s[K[?25h[?2026l[?2026h[?25l[A[1Gpulling manifest [K
pulling 4cd576d9aa16:  20% ▕███               ▏ 8.6 GB/ 42 GB  253 MB/s   2m14s[K[?25h[?2026l[?2026h[?25l[A[1Gpulling manifest [K
pulling 4cd576d9aa16:  20% ▕███               ▏ 8.6 GB/ 42 GB  253 MB/s   2m13s[K[?25h[?2026l[?2026h[?25l[A[1Gpulling manifest [K
pulling 4cd576d9aa16:  20% ▕███               ▏ 8.6 GB/ 42 GB  253 MB/s   2m13s[K[?25h[?2026l[?2026h[?25l[A[1Gpulling manifest [K
pulling 4cd576d9aa16:  20% ▕███               ▏ 8.6 GB/ 42 GB  253 MB/s   2m13s[K[?25h[?2026l[?2026h[?25l[A[1Gpulling manifest [K
pulling 4cd576d9aa16:  20% ▕███               ▏ 8.7 GB/ 42 GB  253 MB/s   2m13s[K[?25h[?2026l[?2026h[?25l[A[1Gpulling manifest [K
pulling 4cd576d9aa16:  20% ▕███               ▏ 8.7 GB/ 42 GB  253 MB/s   2m13s[K[?25h[?2026l[?2026h[?25l[A[1Gpulling manifest [K
pulling 4cd576d9aa16:  20% ▕███               ▏ 8.7 GB/ 42 GB  253 MB/s   2m13s[K[?25h[?2026l[?2026h[?25l[A[1Gpulling manifest [K
pulling 4cd576d9aa16:  21% ▕███               ▏ 8.7 GB/ 42 GB  253 MB/s   2m13s[K[?25h[?2026l[?2026h[?25l[A[1Gpulling manifest [K
pulling 4cd576d9aa16:  21% ▕███               ▏ 8.8 GB/ 42 GB  253 MB/s   2m13s[K[?25h[?2026l[?2026h[?25l[A[1Gpulling manifest [K
pulling 4cd576d9aa16:  21% ▕███               ▏ 8.8 GB/ 42 GB  253 MB/s   2m13s[K[?25h[?2026l[?2026h[?25l[A[1Gpulling manifest [K
pulling 4cd576d9aa16:  21% ▕███               ▏ 8.8 GB/ 42 GB  253 MB/s   2m13s[K[?25h[?2026l[?2026h[?25l[A[1Gpulling manifest [K
pulling 4cd576d9aa16:  21% ▕███               ▏ 8.8 GB/ 42 GB  253 MB/s   2m13s[K[?25h[?2026l[?2026h[?25l[A[1Gpulling manifest [K
pulling 4cd576d9aa16:  21% ▕███               ▏ 8.9 GB/ 42 GB  253 MB/s   2m12s[K[?25h[?2026l[?2026h[?25l[A[1Gpulling manifest [K
pulling 4cd576d9aa16:  21% ▕███               ▏ 8.9 GB/ 42 GB  253 MB/s   2m12s[K[?25h[?2026l[?2026h[?25l[A[1Gpulling manifest [K
pulling 4cd576d9aa16:  21% ▕███               ▏ 8.9 GB/ 42 GB  253 MB/s   2m12s[K[?25h[?2026l[?2026h[?25l[A[1Gpulling manifest [K
pulling 4cd576d9aa16:  21% ▕███               ▏ 8.9 GB/ 42 GB  253 MB/s   2m12s[K[?25h[?2026l[?2026h[?25l[A[1Gpulling manifest [K
pulling 4cd576d9aa16:  21% ▕███               ▏ 9.0 GB/ 42 GB  253 MB/s   2m12s[K[?25h[?2026l[?2026h[?25l[A[1Gpulling manifest [K
pulling 4cd576d9aa16:  21% ▕███               ▏ 9.0 GB/ 42 GB  253 MB/s   2m12s[K[?25h[?2026l[?2026h[?25l[A[1Gpulling manifest [K
pulling 4cd576d9aa16:  21% ▕███               ▏ 9.0 GB/ 42 GB  253 MB/s   2m12s[K[?25h[?2026l[?2026h[?25l[A[1Gpulling manifest [K
pulling 4cd576d9aa16:  21% ▕███               ▏ 9.0 GB/ 42 GB  253 MB/s   2m12s[K[?25h[?2026l[?2026h[?25l[A[1Gpulling manifest [K
pulling 4cd576d9aa16:  21% ▕███               ▏ 9.1 GB/ 42 GB  253 MB/s   2m12s[K[?25h[?2026l[?2026h[?25l[A[1Gpulling manifest [K
pulling 4cd576d9aa16:  21% ▕███               ▏ 9.1 GB/ 42 GB  253 MB/s   2m12s[K[?25h[?2026l[?2026h[?25l[A[1Gpulling manifest [K
pulling 4cd576d9aa16:  21% ▕███               ▏ 9.1 GB/ 42 GB  253 MB/s   2m11s[K[?25h[?2026l[?2026h[?25l[A[1Gpulling manifest [K
pulling 4cd576d9aa16:  22% ▕███               ▏ 9.1 GB/ 42 GB  253 MB/s   2m11s[K[?25h[?2026l[?2026h[?25l[A[1Gpulling manifest [K
pulling 4cd576d9aa16:  22% ▕███               ▏ 9.2 GB/ 42 GB  253 MB/s   2m11s[K[?25h[?2026l[?2026h[?25l[A[1Gpulling manifest [K
pulling 4cd576d9aa16:  22% ▕███               ▏ 9.2 GB/ 42 GB  253 MB/s   2m11s[K[?25h[?2026l[?2026h[?25l[A[1Gpulling manifest [K
pulling 4cd576d9aa16:  22% ▕███               ▏ 9.2 GB/ 42 GB  253 MB/s   2m11s[K[?25h[?2026l[?2026h[?25l[A[1Gpulling manifest [K
pulling 4cd576d9aa16:  22% ▕███               ▏ 9.2 GB/ 42 GB  253 MB/s   2m11s[K[?25h[?2026l[?2026h[?25l[A[1Gpulling manifest [K
pulling 4cd576d9aa16:  22% ▕███               ▏ 9.3 GB/ 42 GB  253 MB/s   2m11s[K[?25h[?2026l[?2026h[?25l[A[1Gpulling manifest [K
pulling 4cd576d9aa16:  22% ▕███               ▏ 9.3 GB/ 42 GB  253 MB/s   2m11s[K[?25h[?2026l[?2026h[?25l[A[1Gpulling manifest [K
pulling 4cd576d9aa16:  22% ▕███               ▏ 9.3 GB/ 42 GB  253 MB/s   2m11s[K[?25h[?2026l[?2026h[?25l[A[1Gpulling manifest [K
pulling 4cd576d9aa16:  22% ▕███               ▏ 9.3 GB/ 42 GB  253 MB/s   2m11s[K[?25h[?2026l[?2026h[?25l[A[1Gpulling manifest [K
pulling 4cd576d9aa16:  22% ▕███               ▏ 9.4 GB/ 42 GB  253 MB/s   2m10s[K[?25h[?2026l[?2026h[?25l[A[1Gpulling manifest [K
pulling 4cd576d9aa16:  22% ▕███               ▏ 9.4 GB/ 42 GB  253 MB/s   2m10s[K[?25h[?2026l[?2026h[?25l[A[1Gpulling manifest [K
pulling 4cd576d9aa16:  22% ▕███               ▏ 9.4 GB/ 42 GB  253 MB/s   2m10s[K[?25h[?2026l[?2026h[?25l[A[1Gpulling manifest [K
pulling 4cd576d9aa16:  22% ▕███               ▏ 9.4 GB/ 42 GB  253 MB/s   2m10s[K[?25h[?2026l[?2026h[?25l[A[1Gpulling manifest [K
pulling 4cd576d9aa16:  22% ▕████              ▏ 9.5 GB/ 42 GB  253 MB/s   2m10s[K[?25h[?2026l[?2026h[?25l[A[1Gpulling manifest [K
pulling 4cd576d9aa16:  22% ▕████              ▏ 9.5 GB/ 42 GB  252 MB/s   2m10s[K[?25h[?2026l[?2026h[?25l[A[1Gpulling manifest [K
pulling 4cd576d9aa16:  22% ▕████              ▏ 9.5 GB/ 42 GB  252 MB/s   2m10s[K[?25h[?2026l[?2026h[?25l[A[1Gpulling manifest [K
pulling 4cd576d9aa16:  22% ▕████              ▏ 9.5 GB/ 42 GB  252 MB/s   2m10s[K[?25h[?2026l[?2026h[?25l[A[1Gpulling manifest [K
pulling 4cd576d9aa16:  22% ▕████              ▏ 9.6 GB/ 42 GB  252 MB/s   2m10s[K[?25h[?2026l[?2026h[?25l[A[1Gpulling manifest [K
pulling 4cd576d9aa16:  23% ▕████              ▏ 9.6 GB/ 42 GB  252 MB/s   2m10s[K[?25h[?2026l[?2026h[?25l[A[1Gpulling manifest [K
pulling 4cd576d9aa16:  23% ▕████              ▏ 9.6 GB/ 42 GB  252 MB/s   2m10s[K[?25h[?2026l[?2026h[?25l[A[1Gpulling manifest [K
pulling 4cd576d9aa16:  23% ▕████              ▏ 9.6 GB/ 42 GB  252 MB/s    2m9s[K[?25h[?2026l[?2026h[?25l[A[1Gpulling manifest [K
pulling 4cd576d9aa16:  23% ▕████              ▏ 9.7 GB/ 42 GB  252 MB/s    2m9s[K[?25h[?2026l[?2026h[?25l[A[1Gpulling manifest [K
pulling 4cd576d9aa16:  23% ▕████              ▏ 9.7 GB/ 42 GB  252 MB/s    2m9s[K[?25h[?2026l[?2026h[?25l[A[1Gpulling manifest [K
pulling 4cd576d9aa16:  23% ▕████              ▏ 9.7 GB/ 42 GB  252 MB/s    2m9s[K[?25h[?2026l[?2026h[?25l[A[1Gpulling manifest [K
pulling 4cd576d9aa16:  23% ▕████              ▏ 9.7 GB/ 42 GB  253 MB/s    2m9s[K[?25h[?2026l[?2026h[?25l[A[1Gpulling manifest [K
pulling 4cd576d9aa16:  23% ▕████              ▏ 9.8 GB/ 42 GB  253 MB/s    2m9s[K[?25h[?2026l[?2026h[?25l[A[1Gpulling manifest [K
pulling 4cd576d9aa16:  23% ▕████              ▏ 9.8 GB/ 42 GB  253 MB/s    2m9s[K[?25h[?2026l[?2026h[?25l[A[1Gpulling manifest [K
pulling 4cd576d9aa16:  23% ▕████              ▏ 9.8 GB/ 42 GB  253 MB/s    2m9s[K[?25h[?2026l[?2026h[?25l[A[1Gpulling manifest [K
pulling 4cd576d9aa16:  23% ▕████              ▏ 9.8 GB/ 42 GB  253 MB/s    2m9s[K[?25h[?2026l[?2026h[?25l[A[1Gpulling manifest [K
pulling 4cd576d9aa16:  23% ▕████              ▏ 9.9 GB/ 42 GB  253 MB/s    2m8s[K[?25h[?2026l[?2026h[?25l[A[1Gpulling manifest [K
pulling 4cd576d9aa16:  23% ▕████              ▏ 9.9 GB/ 42 GB  253 MB/s    2m8s[K[?25h[?2026l[?2026h[?25l[A[1Gpulling manifest [K
pulling 4cd576d9aa16:  23% ▕████              ▏ 9.9 GB/ 42 GB  253 MB/s    2m8s[K[?25h[?2026l[?2026h[?25l[A[1Gpulling manifest [K
pulling 4cd576d9aa16:  23% ▕████              ▏ 9.9 GB/ 42 GB  253 MB/s    2m8s[K[?25h[?2026l[?2026h[?25l[A[1Gpulling manifest [K
pulling 4cd576d9aa16:  23% ▕███              ▏ 10.0 GB/ 42 GB  253 MB/s    2m8s[K[?25h[?2026l[?2026h[?25l[A[1Gpulling manifest [K
pulling 4cd576d9aa16:  23% ▕███              ▏ 10.0 GB/ 42 GB  253 MB/s    2m8s[K[?25h[?2026l[?2026h[?25l[A[1Gpulling manifest [K
pulling 4cd576d9aa16:  24% ▕████              ▏  10 GB/ 42 GB  253 MB/s    2m8s[K[?25h[?2026l[?2026h[?25l[A[1Gpulling manifest [K
pulling 4cd576d9aa16:  24% ▕████              ▏  10 GB/ 42 GB  253 MB/s    2m8s[K[?25h[?2026l[?2026h[?25l[A[1Gpulling manifest [K
pulling 4cd576d9aa16:  24% ▕████              ▏  10 GB/ 42 GB  253 MB/s    2m8s[K[?25h[?2026l[?2026h[?25l[A[1Gpulling manifest [K
pulling 4cd576d9aa16:  24% ▕████              ▏  10 GB/ 42 GB  253 MB/s    2m8s[K[?25h[?2026l[?2026h[?25l[A[1Gpulling manifest [K
pulling 4cd576d9aa16:  24% ▕████              ▏  10 GB/ 42 GB  253 MB/s    2m8s[K[?25h[?2026l[?2026h[?25l[A[1Gpulling manifest [K
pulling 4cd576d9aa16:  24% ▕████              ▏  10 GB/ 42 GB  253 MB/s    2m7s[K[?25h[?2026l[?2026h[?25l[A[1Gpulling manifest [K
pulling 4cd576d9aa16:  24% ▕████              ▏  10 GB/ 42 GB  253 MB/s    2m7s[K[?25h[?2026l[?2026h[?25l[A[1Gpulling manifest [K
pulling 4cd576d9aa16:  24% ▕████              ▏  10 GB/ 42 GB  253 MB/s    2m7s[K[?25h[?2026l[?2026h[?25l[A[1Gpulling manifest [K
pulling 4cd576d9aa16:  24% ▕████              ▏  10 GB/ 42 GB  253 MB/s    2m7s[K[?25h[?2026l[?2026h[?25l[A[1Gpulling manifest [K
pulling 4cd576d9aa16:  24% ▕████              ▏  10 GB/ 42 GB  253 MB/s    2m7s[K[?25h[?2026l[?2026h[?25l[A[1Gpulling manifest [K
pulling 4cd576d9aa16:  24% ▕████              ▏  10 GB/ 42 GB  253 MB/s    2m7s[K[?25h[?2026l[?2026h[?25l[A[1Gpulling manifest [K
pulling 4cd576d9aa16:  24% ▕████              ▏  10 GB/ 42 GB  253 MB/s    2m7s[K[?25h[?2026l[?2026h[?25l[A[1Gpulling manifest [K
pulling 4cd576d9aa16:  24% ▕████              ▏  10 GB/ 42 GB  253 MB/s    2m7s[K[?25h[?2026l[?2026h[?25l[A[1Gpulling manifest [K
pulling 4cd576d9aa16:  24% ▕████              ▏  10 GB/ 42 GB  253 MB/s    2m7s[K[?25h[?2026l[?2026h[?25l[A[1Gpulling manifest [K
pulling 4cd576d9aa16:  24% ▕████              ▏  10 GB/ 42 GB  253 MB/s    2m7s[K[?25h[?2026l[?2026h[?25l[A[1Gpulling manifest [K
pulling 4cd576d9aa16:  24% ▕████              ▏  10 GB/ 42 GB  253 MB/s    2m6s[K[?25h[?2026l[?2026h[?25l[A[1Gpulling manifest [K
pulling 4cd576d9aa16:  24% ▕████              ▏  10 GB/ 42 GB  253 MB/s    2m6s[K[?25h[?2026l[?2026h[?25l[A[1Gpulling manifest [K
pulling 4cd576d9aa16:  25% ▕████              ▏  10 GB/ 42 GB  253 MB/s    2m6s[K[?25h[?2026l[?2026h[?25l[A[1Gpulling manifest [K
pulling 4cd576d9aa16:  25% ▕████              ▏  10 GB/ 42 GB  253 MB/s    2m6s[K[?25h[?2026l[?2026h[?25l[A[1Gpulling manifest [K
pulling 4cd576d9aa16:  25% ▕████              ▏  10 GB/ 42 GB  253 MB/s    2m6s[K[?25h[?2026l[?2026h[?25l[A[1Gpulling manifest [K
pulling 4cd576d9aa16:  25% ▕████              ▏  10 GB/ 42 GB  253 MB/s    2m6s[K[?25h[?2026l[?2026h[?25l[A[1Gpulling manifest [K
pulling 4cd576d9aa16:  25% ▕████              ▏  10 GB/ 42 GB  253 MB/s    2m6s[K[?25h[?2026l[?2026h[?25l[A[1Gpulling manifest [K
pulling 4cd576d9aa16:  25% ▕████              ▏  10 GB/ 42 GB  253 MB/s    2m6s[K[?25h[?2026l[?2026h[?25l[A[1Gpulling manifest [K
pulling 4cd576d9aa16:  25% ▕████              ▏  10 GB/ 42 GB  253 MB/s    2m6s[K[?25h[?2026l[?2026h[?25l[A[1Gpulling manifest [K
pulling 4cd576d9aa16:  25% ▕████              ▏  10 GB/ 42 GB  253 MB/s    2m6s[K[?25h[?2026l[?2026h[?25l[A[1Gpulling manifest [K
pulling 4cd576d9aa16:  25% ▕████              ▏  10 GB/ 42 GB  253 MB/s    2m5s[K[?25h[?2026l[?2026h[?25l[A[1Gpulling manifest [K
pulling 4cd576d9aa16:  25% ▕████              ▏  10 GB/ 42 GB  253 MB/s    2m5s[K[?25h[?2026l[?2026h[?25l[A[1Gpulling manifest [K
pulling 4cd576d9aa16:  25% ▕████              ▏  10 GB/ 42 GB  253 MB/s    2m5s[K[?25h[?2026l[?2026h[?25l[A[1Gpulling manifest [K
pulling 4cd576d9aa16:  25% ▕████              ▏  10 GB/ 42 GB  253 MB/s    2m5s[K[?25h[?2026l[?2026h[?25l[A[1Gpulling manifest [K
pulling 4cd576d9aa16:  25% ▕████              ▏  10 GB/ 42 GB  253 MB/s    2m5s[K[?25h[?2026l[?2026h[?25l[A[1Gpulling manifest [K
pulling 4cd576d9aa16:  25% ▕████              ▏  10 GB/ 42 GB  253 MB/s    2m5s[K[?25h[?2026l[?2026h[?25l[A[1Gpulling manifest [K
pulling 4cd576d9aa16:  25% ▕████              ▏  10 GB/ 42 GB  253 MB/s    2m5s[K[?25h[?2026l[?2026h[?25l[A[1Gpulling manifest [K
pulling 4cd576d9aa16:  25% ▕████              ▏  10 GB/ 42 GB  253 MB/s    2m5s[K[?25h[?2026l[?2026h[?25l[A[1Gpulling manifest [K
pulling 4cd576d9aa16:  25% ▕████              ▏  10 GB/ 42 GB  253 MB/s    2m5s[K[?25h[?2026l[?2026h[?25l[A[1Gpulling manifest [K
pulling 4cd576d9aa16:  26% ▕████              ▏  10 GB/ 42 GB  253 MB/s    2m5s[K[?25h[?2026l[?2026h[?25l[A[1Gpulling manifest [K
pulling 4cd576d9aa16:  26% ▕████              ▏  10 GB/ 42 GB  253 MB/s    2m4s[K[?25h[?2026l[?2026h[?25l[A[1Gpulling manifest [K
pulling 4cd576d9aa16:  26% ▕████              ▏  10 GB/ 42 GB  253 MB/s    2m4s[K[?25h[?2026l[?2026h[?25l[A[1Gpulling manifest [K
pulling 4cd576d9aa16:  26% ▕████              ▏  10 GB/ 42 GB  253 MB/s    2m4s[K[?25h[?2026l[?2026h[?25l[A[1Gpulling manifest [K
pulling 4cd576d9aa16:  26% ▕████              ▏  10 GB/ 42 GB  253 MB/s    2m4s[K[?25h[?2026l[?2026h[?25l[A[1Gpulling manifest [K
pulling 4cd576d9aa16:  26% ▕████              ▏  10 GB/ 42 GB  253 MB/s    2m4s[K[?25h[?2026l[?2026h[?25l[A[1Gpulling manifest [K
pulling 4cd576d9aa16:  26% ▕████              ▏  11 GB/ 42 GB  253 MB/s    2m4s[K[?25h[?2026l[?2026h[?25l[A[1Gpulling manifest [K
pulling 4cd576d9aa16:  26% ▕████              ▏  11 GB/ 42 GB  253 MB/s    2m4s[K[?25h[?2026l[?2026h[?25l[A[1Gpulling manifest [K
pulling 4cd576d9aa16:  26% ▕████              ▏  11 GB/ 42 GB  253 MB/s    2m4s[K[?25h[?2026l[?2026h[?25l[A[1Gpulling manifest [K
pulling 4cd576d9aa16:  26% ▕████              ▏  11 GB/ 42 GB  253 MB/s    2m4s[K[?25h[?2026l[?2026h[?25l[A[1Gpulling manifest [K
pulling 4cd576d9aa16:  26% ▕████              ▏  11 GB/ 42 GB  253 MB/s    2m4s[K[?25h[?2026l[?2026h[?25l[A[1Gpulling manifest [K
pulling 4cd576d9aa16:  26% ▕████              ▏  11 GB/ 42 GB  253 MB/s    2m3s[K[?25h[?2026l[?2026h[?25l[A[1Gpulling manifest [K
pulling 4cd576d9aa16:  26% ▕████              ▏  11 GB/ 42 GB  253 MB/s    2m3s[K[?25h[?2026l[?2026h[?25l[A[1Gpulling manifest [K
pulling 4cd576d9aa16:  26% ▕████              ▏  11 GB/ 42 GB  253 MB/s    2m3s[K[?25h[?2026l[?2026h[?25l[A[1Gpulling manifest [K
pulling 4cd576d9aa16:  26% ▕████              ▏  11 GB/ 42 GB  253 MB/s    2m3s[K[?25h[?2026l[?2026h[?25l[A[1Gpulling manifest [K
pulling 4cd576d9aa16:  26% ▕████              ▏  11 GB/ 42 GB  253 MB/s    2m3s[K[?25h[?2026l[?2026h[?25l[A[1Gpulling manifest [K
pulling 4cd576d9aa16:  26% ▕████              ▏  11 GB/ 42 GB  253 MB/s    2m3s[K[?25h[?2026l[?2026h[?25l[A[1Gpulling manifest [K
pulling 4cd576d9aa16:  27% ▕████              ▏  11 GB/ 42 GB  253 MB/s    2m3s[K[?25h[?2026l[?2026h[?25l[A[1Gpulling manifest [K
pulling 4cd576d9aa16:  27% ▕████              ▏  11 GB/ 42 GB  253 MB/s    2m3s[K[?25h[?2026l[?2026h[?25l[A[1Gpulling manifest [K
pulling 4cd576d9aa16:  27% ▕████              ▏  11 GB/ 42 GB  253 MB/s    2m3s[K[?25h[?2026l[?2026h[?25l[A[1Gpulling manifest [K
pulling 4cd576d9aa16:  27% ▕████              ▏  11 GB/ 42 GB  253 MB/s    2m3s[K[?25h[?2026l[?2026h[?25l[A[1Gpulling manifest [K
pulling 4cd576d9aa16:  27% ▕████              ▏  11 GB/ 42 GB  253 MB/s    2m3s[K[?25h[?2026l[?2026h[?25l[A[1Gpulling manifest [K
pulling 4cd576d9aa16:  27% ▕████              ▏  11 GB/ 42 GB  253 MB/s    2m2s[K[?25h[?2026l[?2026h[?25l[A[1Gpulling manifest [K
pulling 4cd576d9aa16:  27% ▕████              ▏  11 GB/ 42 GB  253 MB/s    2m2s[K[?25h[?2026l[?2026h[?25l[A[1Gpulling manifest [K
pulling 4cd576d9aa16:  27% ▕████              ▏  11 GB/ 42 GB  253 MB/s    2m2s[K[?25h[?2026l[?2026h[?25l[A[1Gpulling manifest [K
pulling 4cd576d9aa16:  27% ▕████              ▏  11 GB/ 42 GB  253 MB/s    2m2s[K[?25h[?2026l[?2026h[?25l[A[1Gpulling manifest [K
pulling 4cd576d9aa16:  27% ▕████              ▏  11 GB/ 42 GB  253 MB/s    2m2s[K[?25h[?2026l[?2026h[?25l[A[1Gpulling manifest [K
pulling 4cd576d9aa16:  27% ▕████              ▏  11 GB/ 42 GB  253 MB/s    2m2s[K[?25h[?2026l[?2026h[?25l[A[1Gpulling manifest [K
pulling 4cd576d9aa16:  27% ▕████              ▏  11 GB/ 42 GB  253 MB/s    2m2s[K[?25h[?2026l[?2026h[?25l[A[1Gpulling manifest [K
pulling 4cd576d9aa16:  27% ▕████              ▏  11 GB/ 42 GB  253 MB/s    2m2s[K[?25h[?2026l[?2026h[?25l[A[1Gpulling manifest [K
pulling 4cd576d9aa16:  27% ▕████              ▏  11 GB/ 42 GB  253 MB/s    2m2s[K[?25h[?2026l[?2026h[?25l[A[1Gpulling manifest [K
pulling 4cd576d9aa16:  27% ▕████              ▏  11 GB/ 42 GB  253 MB/s    2m2s[K[?25h[?2026l[?2026h[?25l[A[1Gpulling manifest [K
pulling 4cd576d9aa16:  27% ▕████              ▏  11 GB/ 42 GB  253 MB/s    2m2s[K[?25h[?2026l[?2026h[?25l[A[1Gpulling manifest [K
pulling 4cd576d9aa16:  27% ▕████              ▏  11 GB/ 42 GB  253 MB/s    2m1s[K[?25h[?2026l[?2026h[?25l[A[1Gpulling manifest [K
pulling 4cd576d9aa16:  28% ▕████              ▏  11 GB/ 42 GB  253 MB/s    2m1s[K[?25h[?2026l[?2026h[?25l[A[1Gpulling manifest [K
pulling 4cd576d9aa16:  28% ▕████              ▏  11 GB/ 42 GB  253 MB/s    2m1s[K[?25h[?2026l[?2026h[?25l[A[1Gpulling manifest [K
pulling 4cd576d9aa16:  28% ▕████              ▏  11 GB/ 42 GB  253 MB/s    2m1s[K[?25h[?2026l[?2026h[?25l[A[1Gpulling manifest [K
pulling 4cd576d9aa16:  28% ▕████              ▏  11 GB/ 42 GB  253 MB/s    2m1s[K[?25h[?2026l[?2026h[?25l[A[1Gpulling manifest [K
pulling 4cd576d9aa16:  28% ▕████              ▏  11 GB/ 42 GB  253 MB/s    2m1s[K[?25h[?2026l[?2026h[?25l[A[1Gpulling manifest [K
pulling 4cd576d9aa16:  28% ▕█████             ▏  11 GB/ 42 GB  253 MB/s    2m1s[K[?25h[?2026l[?2026h[?25l[A[1Gpulling manifest [K
pulling 4cd576d9aa16:  28% ▕█████             ▏  11 GB/ 42 GB  253 MB/s    2m1s[K[?25h[?2026l[?2026h[?25l[A[1Gpulling manifest [K
pulling 4cd576d9aa16:  28% ▕█████             ▏  11 GB/ 42 GB  253 MB/s    2m1s[K[?25h[?2026l[?2026h[?25l[A[1Gpulling manifest [K
pulling 4cd576d9aa16:  28% ▕█████             ▏  11 GB/ 42 GB  253 MB/s    2m0s[K[?25h[?2026l[?2026h[?25l[A[1Gpulling manifest [K
pulling 4cd576d9aa16:  28% ▕█████             ▏  11 GB/ 42 GB  253 MB/s    2m0s[K[?25h[?2026l[?2026h[?25l[A[1Gpulling manifest [K
pulling 4cd576d9aa16:  28% ▕█████             ▏  11 GB/ 42 GB  253 MB/s    2m0s[K[?25h[?2026l[?2026h[?25l[A[1Gpulling manifest [K
pulling 4cd576d9aa16:  28% ▕█████             ▏  11 GB/ 42 GB  253 MB/s    2m0s[K[?25h[?2026l[?2026h[?25l[A[1Gpulling manifest [K
pulling 4cd576d9aa16:  28% ▕█████             ▏  11 GB/ 42 GB  253 MB/s    2m0s[K[?25h[?2026l[?2026h[?25l[A[1Gpulling manifest [K
pulling 4cd576d9aa16:  28% ▕█████             ▏  12 GB/ 42 GB  253 MB/s    2m0s[K[?25h[?2026l[?2026h[?25l[A[1Gpulling manifest [K
pulling 4cd576d9aa16:  28% ▕█████             ▏  12 GB/ 42 GB  253 MB/s    2m0s[K[?25h[?2026l[?2026h[?25l[A[1Gpulling manifest [K
pulling 4cd576d9aa16:  28% ▕█████             ▏  12 GB/ 42 GB  253 MB/s    2m0s[K[?25h[?2026l[?2026h[?25l[A[1Gpulling manifest [K
pulling 4cd576d9aa16:  28% ▕█████             ▏  12 GB/ 42 GB  253 MB/s    2m0s[K[?25h[?2026l[?2026h[?25l[A[1Gpulling manifest [K
pulling 4cd576d9aa16:  29% ▕█████             ▏  12 GB/ 42 GB  253 MB/s    2m0s[K[?25h[?2026l[?2026h[?25l[A[1Gpulling manifest [K
pulling 4cd576d9aa16:  29% ▕█████             ▏  12 GB/ 42 GB  253 MB/s    2m0s[K[?25h[?2026l[?2026h[?25l[A[1Gpulling manifest [K
pulling 4cd576d9aa16:  29% ▕█████             ▏  12 GB/ 42 GB  253 MB/s   1m59s[K[?25h[?2026l[?2026h[?25l[A[1Gpulling manifest [K
pulling 4cd576d9aa16:  29% ▕█████             ▏  12 GB/ 42 GB  253 MB/s   1m59s[K[?25h[?2026l[?2026h[?25l[A[1Gpulling manifest [K
pulling 4cd576d9aa16:  29% ▕█████             ▏  12 GB/ 42 GB  253 MB/s   1m59s[K[?25h[?2026l[?2026h[?25l[A[1Gpulling manifest [K
pulling 4cd576d9aa16:  29% ▕█████             ▏  12 GB/ 42 GB  253 MB/s   1m59s[K[?25h[?2026l[?2026h[?25l[A[1Gpulling manifest [K
pulling 4cd576d9aa16:  29% ▕█████             ▏  12 GB/ 42 GB  253 MB/s   1m59s[K[?25h[?2026l[?2026h[?25l[A[1Gpulling manifest [K
pulling 4cd576d9aa16:  29% ▕█████             ▏  12 GB/ 42 GB  253 MB/s   1m59s[K[?25h[?2026l[?2026h[?25l[A[1Gpulling manifest [K
pulling 4cd576d9aa16:  29% ▕█████             ▏  12 GB/ 42 GB  253 MB/s   1m59s[K[?25h[?2026l[?2026h[?25l[A[1Gpulling manifest [K
pulling 4cd576d9aa16:  29% ▕█████             ▏  12 GB/ 42 GB  253 MB/s   1m59s[K[?25h[?2026l[?2026h[?25l[A[1Gpulling manifest [K
pulling 4cd576d9aa16:  29% ▕█████             ▏  12 GB/ 42 GB  253 MB/s   1m59s[K[?25h[?2026l[?2026h[?25l[A[1Gpulling manifest [K
pulling 4cd576d9aa16:  29% ▕█████             ▏  12 GB/ 42 GB  253 MB/s   1m59s[K[?25h[?2026l[?2026h[?25l[A[1Gpulling manifest [K
pulling 4cd576d9aa16:  29% ▕█████             ▏  12 GB/ 42 GB  253 MB/s   1m58s[K[?25h[?2026l[?2026h[?25l[A[1Gpulling manifest [K
pulling 4cd576d9aa16:  29% ▕█████             ▏  12 GB/ 42 GB  253 MB/s   1m58s[K[?25h[?2026l[?2026h[?25l[A[1Gpulling manifest [K
pulling 4cd576d9aa16:  29% ▕█████             ▏  12 GB/ 42 GB  253 MB/s   1m58s[K[?25h[?2026l[?2026h[?25l[A[1Gpulling manifest [K
pulling 4cd576d9aa16:  29% ▕█████             ▏  12 GB/ 42 GB  253 MB/s   1m58s[K[?25h[?2026l[?2026h[?25l[A[1Gpulling manifest [K
pulling 4cd576d9aa16:  29% ▕█████             ▏  12 GB/ 42 GB  253 MB/s   1m58s[K[?25h[?2026l[?2026h[?25l[A[1Gpulling manifest [K
pulling 4cd576d9aa16:  29% ▕█████             ▏  12 GB/ 42 GB  253 MB/s   1m58s[K[?25h[?2026l[?2026h[?25l[A[1Gpulling manifest [K
pulling 4cd576d9aa16:  30% ▕█████             ▏  12 GB/ 42 GB  253 MB/s   1m58s[K[?25h[?2026l[?2026h[?25l[A[1Gpulling manifest [K
pulling 4cd576d9aa16:  30% ▕█████             ▏  12 GB/ 42 GB  253 MB/s   1m58s[K[?25h[?2026l[?2026h[?25l[A[1Gpulling manifest [K
pulling 4cd576d9aa16:  30% ▕█████             ▏  12 GB/ 42 GB  253 MB/s   1m58s[K[?25h[?2026l[?2026h[?25l[A[1Gpulling manifest [K
pulling 4cd576d9aa16:  30% ▕█████             ▏  12 GB/ 42 GB  253 MB/s   1m58s[K[?25h[?2026l[?2026h[?25l[A[1Gpulling manifest [K
pulling 4cd576d9aa16:  30% ▕█████             ▏  12 GB/ 42 GB  253 MB/s   1m57s[K[?25h[?2026l[?2026h[?25l[A[1Gpulling manifest [K
pulling 4cd576d9aa16:  30% ▕█████             ▏  12 GB/ 42 GB  253 MB/s   1m57s[K[?25h[?2026l[?2026h[?25l[A[1Gpulling manifest [K
pulling 4cd576d9aa16:  30% ▕█████             ▏  12 GB/ 42 GB  253 MB/s   1m57s[K[?25h[?2026l[?2026h[?25l[A[1Gpulling manifest [K
pulling 4cd576d9aa16:  30% ▕█████             ▏  12 GB/ 42 GB  253 MB/s   1m57s[K[?25h[?2026l[?2026h[?25l[A[1Gpulling manifest [K
pulling 4cd576d9aa16:  30% ▕█████             ▏  12 GB/ 42 GB  253 MB/s   1m57s[K[?25h[?2026l[?2026h[?25l[A[1Gpulling manifest [K
pulling 4cd576d9aa16:  30% ▕█████             ▏  12 GB/ 42 GB  253 MB/s   1m57s[K[?25h[?2026l[?2026h[?25l[A[1Gpulling manifest [K
pulling 4cd576d9aa16:  30% ▕█████             ▏  12 GB/ 42 GB  253 MB/s   1m57s[K[?25h[?2026l[?2026h[?25l[A[1Gpulling manifest [K
pulling 4cd576d9aa16:  30% ▕█████             ▏  12 GB/ 42 GB  253 MB/s   1m57s[K[?25h[?2026l[?2026h[?25l[A[1Gpulling manifest [K
pulling 4cd576d9aa16:  30% ▕█████             ▏  12 GB/ 42 GB  253 MB/s   1m57s[K[?25h[?2026l[?2026h[?25l[A[1Gpulling manifest [K
pulling 4cd576d9aa16:  30% ▕█████             ▏  12 GB/ 42 GB  253 MB/s   1m57s[K[?25h[?2026l[?2026h[?25l[A[1Gpulling manifest [K
pulling 4cd576d9aa16:  30% ▕█████             ▏  12 GB/ 42 GB  253 MB/s   1m56s[K[?25h[?2026l[?2026h[?25l[A[1Gpulling manifest [K
pulling 4cd576d9aa16:  30% ▕█████             ▏  12 GB/ 42 GB  253 MB/s   1m56s[K[?25h[?2026l[?2026h[?25l[A[1Gpulling manifest [K
pulling 4cd576d9aa16:  30% ▕█████             ▏  12 GB/ 42 GB  253 MB/s   1m56s[K[?25h[?2026l[?2026h[?25l[A[1Gpulling manifest [K
pulling 4cd576d9aa16:  31% ▕█████             ▏  12 GB/ 42 GB  253 MB/s   1m56s[K[?25h[?2026l[?2026h[?25l[A[1Gpulling manifest [K
pulling 4cd576d9aa16:  31% ▕█████             ▏  13 GB/ 42 GB  253 MB/s   1m56s[K[?25h[?2026l[?2026h[?25l[A[1Gpulling manifest [K
pulling 4cd576d9aa16:  31% ▕█████             ▏  13 GB/ 42 GB  253 MB/s   1m56s[K[?25h[?2026l[?2026h[?25l[A[1Gpulling manifest [K
pulling 4cd576d9aa16:  31% ▕█████             ▏  13 GB/ 42 GB  253 MB/s   1m56s[K[?25h[?2026l[?2026h[?25l[A[1Gpulling manifest [K
pulling 4cd576d9aa16:  31% ▕█████             ▏  13 GB/ 42 GB  253 MB/s   1m56s[K[?25h[?2026l[?2026h[?25l[A[1Gpulling manifest [K
pulling 4cd576d9aa16:  31% ▕█████             ▏  13 GB/ 42 GB  253 MB/s   1m56s[K[?25h[?2026l[?2026h[?25l[A[1Gpulling manifest [K
pulling 4cd576d9aa16:  31% ▕█████             ▏  13 GB/ 42 GB  253 MB/s   1m56s[K[?25h[?2026l[?2026h[?25l[A[1Gpulling manifest [K
pulling 4cd576d9aa16:  31% ▕█████             ▏  13 GB/ 42 GB  253 MB/s   1m56s[K[?25h[?2026l[?2026h[?25l[A[1Gpulling manifest [K
pulling 4cd576d9aa16:  31% ▕█████             ▏  13 GB/ 42 GB  253 MB/s   1m55s[K[?25h[?2026l[?2026h[?25l[A[1Gpulling manifest [K
pulling 4cd576d9aa16:  31% ▕█████             ▏  13 GB/ 42 GB  253 MB/s   1m55s[K[?25h[?2026l[?2026h[?25l[A[1Gpulling manifest [K
pulling 4cd576d9aa16:  31% ▕█████             ▏  13 GB/ 42 GB  253 MB/s   1m55s[K[?25h[?2026l[?2026h[?25l[A[1Gpulling manifest [K
pulling 4cd576d9aa16:  31% ▕█████             ▏  13 GB/ 42 GB  253 MB/s   1m55s[K[?25h[?2026l[?2026h[?25l[A[1Gpulling manifest [K
pulling 4cd576d9aa16:  31% ▕█████             ▏  13 GB/ 42 GB  253 MB/s   1m55s[K[?25h[?2026l[?2026h[?25l[A[1Gpulling manifest [K
pulling 4cd576d9aa16:  31% ▕█████             ▏  13 GB/ 42 GB  253 MB/s   1m55s[K[?25h[?2026l[?2026h[?25l[A[1Gpulling manifest [K
pulling 4cd576d9aa16:  31% ▕█████             ▏  13 GB/ 42 GB  253 MB/s   1m55s[K[?25h[?2026l[?2026h[?25l[A[1Gpulling manifest [K
pulling 4cd576d9aa16:  31% ▕█████             ▏  13 GB/ 42 GB  253 MB/s   1m55s[K[?25h[?2026l[?2026h[?25l[A[1Gpulling manifest [K
pulling 4cd576d9aa16:  31% ▕█████             ▏  13 GB/ 42 GB  253 MB/s   1m55s[K[?25h[?2026l[?2026h[?25l[A[1Gpulling manifest [K
pulling 4cd576d9aa16:  32% ▕█████             ▏  13 GB/ 42 GB  253 MB/s   1m55s[K[?25h[?2026l[?2026h[?25l[A[1Gpulling manifest [K
pulling 4cd576d9aa16:  32% ▕█████             ▏  13 GB/ 42 GB  253 MB/s   1m54s[K[?25h[?2026l[?2026h[?25l[A[1Gpulling manifest [K
pulling 4cd576d9aa16:  32% ▕█████             ▏  13 GB/ 42 GB  253 MB/s   1m54s[K[?25h[?2026l[?2026h[?25l[A[1Gpulling manifest [K
pulling 4cd576d9aa16:  32% ▕█████             ▏  13 GB/ 42 GB  253 MB/s   1m54s[K[?25h[?2026l[?2026h[?25l[A[1Gpulling manifest [K
pulling 4cd576d9aa16:  32% ▕█████             ▏  13 GB/ 42 GB  253 MB/s   1m54s[K[?25h[?2026l[?2026h[?25l[A[1Gpulling manifest [K
pulling 4cd576d9aa16:  32% ▕█████             ▏  13 GB/ 42 GB  253 MB/s   1m54s[K[?25h[?2026l[?2026h[?25l[A[1Gpulling manifest [K
pulling 4cd576d9aa16:  32% ▕█████             ▏  13 GB/ 42 GB  253 MB/s   1m54s[K[?25h[?2026l[?2026h[?25l[A[1Gpulling manifest [K
pulling 4cd576d9aa16:  32% ▕█████             ▏  13 GB/ 42 GB  253 MB/s   1m54s[K[?25h[?2026l[?2026h[?25l[A[1Gpulling manifest [K
pulling 4cd576d9aa16:  32% ▕█████             ▏  13 GB/ 42 GB  253 MB/s   1m54s[K[?25h[?2026l[?2026h[?25l[A[1Gpulling manifest [K
pulling 4cd576d9aa16:  32% ▕█████             ▏  13 GB/ 42 GB  253 MB/s   1m54s[K[?25h[?2026l[?2026h[?25l[A[1Gpulling manifest [K
pulling 4cd576d9aa16:  32% ▕█████             ▏  13 GB/ 42 GB  253 MB/s   1m54s[K[?25h[?2026l[?2026h[?25l[A[1Gpulling manifest [K
pulling 4cd576d9aa16:  32% ▕█████             ▏  13 GB/ 42 GB  253 MB/s   1m53s[K[?25h[?2026l[?2026h[?25l[A[1Gpulling manifest [K
pulling 4cd576d9aa16:  32% ▕█████             ▏  13 GB/ 42 GB  253 MB/s   1m53s[K[?25h[?2026l[?2026h[?25l[A[1Gpulling manifest [K
pulling 4cd576d9aa16:  32% ▕█████             ▏  13 GB/ 42 GB  253 MB/s   1m53s[K[?25h[?2026l[?2026h[?25l[A[1Gpulling manifest [K
pulling 4cd576d9aa16:  32% ▕█████             ▏  13 GB/ 42 GB  253 MB/s   1m53s[K[?25h[?2026l[?2026h[?25l[A[1Gpulling manifest [K
pulling 4cd576d9aa16:  32% ▕█████             ▏  13 GB/ 42 GB  253 MB/s   1m53s[K[?25h[?2026l[?2026h[?25l[A[1Gpulling manifest [K
pulling 4cd576d9aa16:  32% ▕█████             ▏  13 GB/ 42 GB  253 MB/s   1m53s[K[?25h[?2026l[?2026h[?25l[A[1Gpulling manifest [K
pulling 4cd576d9aa16:  33% ▕█████             ▏  13 GB/ 42 GB  253 MB/s   1m53s[K[?25h[?2026l[?2026h[?25l[A[1Gpulling manifest [K
pulling 4cd576d9aa16:  33% ▕█████             ▏  13 GB/ 42 GB  253 MB/s   1m53s[K[?25h[?2026l[?2026h[?25l[A[1Gpulling manifest [K
pulling 4cd576d9aa16:  33% ▕█████             ▏  13 GB/ 42 GB  253 MB/s   1m53s[K[?25h[?2026l[?2026h[?25l[A[1Gpulling manifest [K
pulling 4cd576d9aa16:  33% ▕█████             ▏  13 GB/ 42 GB  253 MB/s   1m53s[K[?25h[?2026l[?2026h[?25l[A[1Gpulling manifest [K
pulling 4cd576d9aa16:  33% ▕█████             ▏  13 GB/ 42 GB  253 MB/s   1m52s[K[?25h[?2026l[?2026h[?25l[A[1Gpulling manifest [K
pulling 4cd576d9aa16:  33% ▕█████             ▏  13 GB/ 42 GB  253 MB/s   1m52s[K[?25h[?2026l[?2026h[?25l[A[1Gpulling manifest [K
pulling 4cd576d9aa16:  33% ▕█████             ▏  13 GB/ 42 GB  253 MB/s   1m52s[K[?25h[?2026l[?2026h[?25l[A[1Gpulling manifest [K
pulling 4cd576d9aa16:  33% ▕█████             ▏  14 GB/ 42 GB  253 MB/s   1m52s[K[?25h[?2026l[?2026h[?25l[A[1Gpulling manifest [K
pulling 4cd576d9aa16:  33% ▕█████             ▏  14 GB/ 42 GB  253 MB/s   1m52s[K[?25h[?2026l[?2026h[?25l[A[1Gpulling manifest [K
pulling 4cd576d9aa16:  33% ▕█████             ▏  14 GB/ 42 GB  253 MB/s   1m52s[K[?25h[?2026l[?2026h[?25l[A[1Gpulling manifest [K
pulling 4cd576d9aa16:  33% ▕█████             ▏  14 GB/ 42 GB  253 MB/s   1m52s[K[?25h[?2026l[?2026h[?25l[A[1Gpulling manifest [K
pulling 4cd576d9aa16:  33% ▕█████             ▏  14 GB/ 42 GB  253 MB/s   1m52s[K[?25h[?2026l[?2026h[?25l[A[1Gpulling manifest [K
pulling 4cd576d9aa16:  33% ▕█████             ▏  14 GB/ 42 GB  253 MB/s   1m52s[K[?25h[?2026l[?2026h[?25l[A[1Gpulling manifest [K
pulling 4cd576d9aa16:  33% ▕█████             ▏  14 GB/ 42 GB  253 MB/s   1m52s[K[?25h[?2026l[?2026h[?25l[A[1Gpulling manifest [K
pulling 4cd576d9aa16:  33% ▕██████            ▏  14 GB/ 42 GB  253 MB/s   1m51s[K[?25h[?2026l[?2026h[?25l[A[1Gpulling manifest [K
pulling 4cd576d9aa16:  33% ▕██████            ▏  14 GB/ 42 GB  253 MB/s   1m51s[K[?25h[?2026l[?2026h[?25l[A[1Gpulling manifest [K
pulling 4cd576d9aa16:  33% ▕██████            ▏  14 GB/ 42 GB  253 MB/s   1m51s[K[?25h[?2026l[?2026h[?25l[A[1Gpulling manifest [K
pulling 4cd576d9aa16:  34% ▕██████            ▏  14 GB/ 42 GB  253 MB/s   1m51s[K[?25h[?2026l[?2026h[?25l[A[1Gpulling manifest [K
pulling 4cd576d9aa16:  34% ▕██████            ▏  14 GB/ 42 GB  252 MB/s   1m51s[K[?25h[?2026l[?2026h[?25l[A[1Gpulling manifest [K
pulling 4cd576d9aa16:  34% ▕██████            ▏  14 GB/ 42 GB  252 MB/s   1m51s[K[?25h[?2026l[?2026h[?25l[A[1Gpulling manifest [K
pulling 4cd576d9aa16:  34% ▕██████            ▏  14 GB/ 42 GB  252 MB/s   1m51s[K[?25h[?2026l[?2026h[?25l[A[1Gpulling manifest [K
pulling 4cd576d9aa16:  34% ▕██████            ▏  14 GB/ 42 GB  252 MB/s   1m51s[K[?25h[?2026l[?2026h[?25l[A[1Gpulling manifest [K
pulling 4cd576d9aa16:  34% ▕██████            ▏  14 GB/ 42 GB  252 MB/s   1m51s[K[?25h[?2026l[?2026h[?25l[A[1Gpulling manifest [K
pulling 4cd576d9aa16:  34% ▕██████            ▏  14 GB/ 42 GB  252 MB/s   1m51s[K[?25h[?2026l[?2026h[?25l[A[1Gpulling manifest [K
pulling 4cd576d9aa16:  34% ▕██████            ▏  14 GB/ 42 GB  252 MB/s   1m51s[K[?25h[?2026l[?2026h[?25l[A[1Gpulling manifest [K
pulling 4cd576d9aa16:  34% ▕██████            ▏  14 GB/ 42 GB  252 MB/s   1m51s[K[?25h[?2026l[?2026h[?25l[A[1Gpulling manifest [K
pulling 4cd576d9aa16:  34% ▕██████            ▏  14 GB/ 42 GB  252 MB/s   1m50s[K[?25h[?2026l[?2026h[?25l[A[1Gpulling manifest [K
pulling 4cd576d9aa16:  34% ▕██████            ▏  14 GB/ 42 GB  252 MB/s   1m50s[K[?25h[?2026l[?2026h[?25l[A[1Gpulling manifest [K
pulling 4cd576d9aa16:  34% ▕██████            ▏  14 GB/ 42 GB  252 MB/s   1m50s[K[?25h[?2026l[?2026h[?25l[A[1Gpulling manifest [K
pulling 4cd576d9aa16:  34% ▕██████            ▏  14 GB/ 42 GB  252 MB/s   1m50s[K[?25h[?2026l[?2026h[?25l[A[1Gpulling manifest [K
pulling 4cd576d9aa16:  34% ▕██████            ▏  14 GB/ 42 GB  252 MB/s   1m50s[K[?25h[?2026l[?2026h[?25l[A[1Gpulling manifest [K
pulling 4cd576d9aa16:  34% ▕██████            ▏  14 GB/ 42 GB  252 MB/s   1m50s[K[?25h[?2026l[?2026h[?25l[A[1Gpulling manifest [K
pulling 4cd576d9aa16:  34% ▕██████            ▏  14 GB/ 42 GB  252 MB/s   1m50s[K[?25h[?2026l[?2026h[?25l[A[1Gpulling manifest [K
pulling 4cd576d9aa16:  34% ▕██████            ▏  14 GB/ 42 GB  252 MB/s   1m50s[K[?25h[?2026l[?2026h[?25l[A[1Gpulling manifest [K
pulling 4cd576d9aa16:  35% ▕██████            ▏  14 GB/ 42 GB  252 MB/s   1m50s[K[?25h[?2026l[?2026h[?25l[A[1Gpulling manifest [K
pulling 4cd576d9aa16:  35% ▕██████            ▏  14 GB/ 42 GB  252 MB/s   1m49s[K[?25h[?2026l[?2026h[?25l[A[1Gpulling manifest [K
pulling 4cd576d9aa16:  35% ▕██████            ▏  14 GB/ 42 GB  252 MB/s   1m49s[K[?25h[?2026l[?2026h[?25l[A[1Gpulling manifest [K
pulling 4cd576d9aa16:  35% ▕██████            ▏  14 GB/ 42 GB  252 MB/s   1m49s[K[?25h[?2026l[?2026h[?25l[A[1Gpulling manifest [K
pulling 4cd576d9aa16:  35% ▕██████            ▏  14 GB/ 42 GB  252 MB/s   1m49s[K[?25h[?2026l[?2026h[?25l[A[1Gpulling manifest [K
pulling 4cd576d9aa16:  35% ▕██████            ▏  14 GB/ 42 GB  253 MB/s   1m49s[K[?25h[?2026l[?2026h[?25l[A[1Gpulling manifest [K
pulling 4cd576d9aa16:  35% ▕██████            ▏  14 GB/ 42 GB  253 MB/s   1m49s[K[?25h[?2026l[?2026h[?25l[A[1Gpulling manifest [K
pulling 4cd576d9aa16:  35% ▕██████            ▏  14 GB/ 42 GB  253 MB/s   1m49s[K[?25h[?2026l[?2026h[?25l[A[1Gpulling manifest [K
pulling 4cd576d9aa16:  35% ▕██████            ▏  14 GB/ 42 GB  253 MB/s   1m49s[K[?25h[?2026l[?2026h[?25l[A[1Gpulling manifest [K
pulling 4cd576d9aa16:  35% ▕██████            ▏  14 GB/ 42 GB  253 MB/s   1m49s[K[?25h[?2026l[?2026h[?25l[A[1Gpulling manifest [K
pulling 4cd576d9aa16:  35% ▕██████            ▏  14 GB/ 42 GB  253 MB/s   1m49s[K[?25h[?2026l[?2026h[?25l[A[1Gpulling manifest [K
pulling 4cd576d9aa16:  35% ▕██████            ▏  14 GB/ 42 GB  253 MB/s   1m48s[K[?25h[?2026l[?2026h[?25l[A[1Gpulling manifest [K
pulling 4cd576d9aa16:  35% ▕██████            ▏  14 GB/ 42 GB  253 MB/s   1m48s[K[?25h[?2026l[?2026h[?25l[A[1Gpulling manifest [K
pulling 4cd576d9aa16:  35% ▕██████            ▏  14 GB/ 42 GB  253 MB/s   1m48s[K[?25h[?2026l[?2026h[?25l[A[1Gpulling manifest [K
pulling 4cd576d9aa16:  35% ▕██████            ▏  15 GB/ 42 GB  253 MB/s   1m48s[K[?25h[?2026l[?2026h[?25l[A[1Gpulling manifest [K
pulling 4cd576d9aa16:  35% ▕██████            ▏  15 GB/ 42 GB  252 MB/s   1m48s[K[?25h[?2026l[?2026h[?25l[A[1Gpulling manifest [K
pulling 4cd576d9aa16:  35% ▕██████            ▏  15 GB/ 42 GB  252 MB/s   1m48s[K[?25h[?2026l[?2026h[?25l[A[1Gpulling manifest [K
pulling 4cd576d9aa16:  36% ▕██████            ▏  15 GB/ 42 GB  252 MB/s   1m48s[K[?25h[?2026l[?2026h[?25l[A[1Gpulling manifest [K
pulling 4cd576d9aa16:  36% ▕██████            ▏  15 GB/ 42 GB  252 MB/s   1m48s[K[?25h[?2026l[?2026h[?25l[A[1Gpulling manifest [K
pulling 4cd576d9aa16:  36% ▕██████            ▏  15 GB/ 42 GB  252 MB/s   1m48s[K[?25h[?2026l[?2026h[?25l[A[1Gpulling manifest [K
pulling 4cd576d9aa16:  36% ▕██████            ▏  15 GB/ 42 GB  252 MB/s   1m48s[K[?25h[?2026l[?2026h[?25l[A[1Gpulling manifest [K
pulling 4cd576d9aa16:  36% ▕██████            ▏  15 GB/ 42 GB  252 MB/s   1m48s[K[?25h[?2026l[?2026h[?25l[A[1Gpulling manifest [K
pulling 4cd576d9aa16:  36% ▕██████            ▏  15 GB/ 42 GB  252 MB/s   1m47s[K[?25h[?2026l[?2026h[?25l[A[1Gpulling manifest [K
pulling 4cd576d9aa16:  36% ▕██████            ▏  15 GB/ 42 GB  252 MB/s   1m47s[K[?25h[?2026l[?2026h[?25l[A[1Gpulling manifest [K
pulling 4cd576d9aa16:  36% ▕██████            ▏  15 GB/ 42 GB  252 MB/s   1m47s[K[?25h[?2026l[?2026h[?25l[A[1Gpulling manifest [K
pulling 4cd576d9aa16:  36% ▕██████            ▏  15 GB/ 42 GB  252 MB/s   1m47s[K[?25h[?2026l[?2026h[?25l[A[1Gpulling manifest [K
pulling 4cd576d9aa16:  36% ▕██████            ▏  15 GB/ 42 GB  252 MB/s   1m47s[K[?25h[?2026l[?2026h[?25l[A[1Gpulling manifest [K
pulling 4cd576d9aa16:  36% ▕██████            ▏  15 GB/ 42 GB  252 MB/s   1m47s[K[?25h[?2026l[?2026h[?25l[A[1Gpulling manifest [K
pulling 4cd576d9aa16:  36% ▕██████            ▏  15 GB/ 42 GB  252 MB/s   1m47s[K[?25h[?2026l[?2026h[?25l[A[1Gpulling manifest [K
pulling 4cd576d9aa16:  36% ▕██████            ▏  15 GB/ 42 GB  252 MB/s   1m47s[K[?25h[?2026l[?2026h[?25l[A[1Gpulling manifest [K
pulling 4cd576d9aa16:  36% ▕██████            ▏  15 GB/ 42 GB  252 MB/s   1m47s[K[?25h[?2026l[?2026h[?25l[A[1Gpulling manifest [K
pulling 4cd576d9aa16:  36% ▕██████            ▏  15 GB/ 42 GB  252 MB/s   1m47s[K[?25h[?2026l[?2026h[?25l[A[1Gpulling manifest [K
pulling 4cd576d9aa16:  36% ▕██████            ▏  15 GB/ 42 GB  252 MB/s   1m46s[K[?25h[?2026l[?2026h[?25l[A[1Gpulling manifest [K
pulling 4cd576d9aa16:  36% ▕██████            ▏  15 GB/ 42 GB  252 MB/s   1m46s[K[?25h[?2026l[?2026h[?25l[A[1Gpulling manifest [K
pulling 4cd576d9aa16:  36% ▕██████            ▏  15 GB/ 42 GB  252 MB/s   1m46s[K[?25h[?2026l[?2026h[?25l[A[1Gpulling manifest [K
pulling 4cd576d9aa16:  37% ▕██████            ▏  15 GB/ 42 GB  252 MB/s   1m46s[K[?25h[?2026l[?2026h[?25l[A[1Gpulling manifest [K
pulling 4cd576d9aa16:  37% ▕██████            ▏  15 GB/ 42 GB  252 MB/s   1m46s[K[?25h[?2026l[?2026h[?25l[A[1Gpulling manifest [K
pulling 4cd576d9aa16:  37% ▕██████            ▏  15 GB/ 42 GB  252 MB/s   1m46s[K[?25h[?2026l[?2026h[?25l[A[1Gpulling manifest [K
pulling 4cd576d9aa16:  37% ▕██████            ▏  15 GB/ 42 GB  252 MB/s   1m46s[K[?25h[?2026l[?2026h[?25l[A[1Gpulling manifest [K
pulling 4cd576d9aa16:  37% ▕██████            ▏  15 GB/ 42 GB  252 MB/s   1m46s[K[?25h[?2026l[?2026h[?25l[A[1Gpulling manifest [K
pulling 4cd576d9aa16:  37% ▕██████            ▏  15 GB/ 42 GB  252 MB/s   1m46s[K[?25h[?2026l[?2026h[?25l[A[1Gpulling manifest [K
pulling 4cd576d9aa16:  37% ▕██████            ▏  15 GB/ 42 GB  252 MB/s   1m46s[K[?25h[?2026l[?2026h[?25l[A[1Gpulling manifest [K
pulling 4cd576d9aa16:  37% ▕██████            ▏  15 GB/ 42 GB  252 MB/s   1m45s[K[?25h[?2026l[?2026h[?25l[A[1Gpulling manifest [K
pulling 4cd576d9aa16:  37% ▕██████            ▏  15 GB/ 42 GB  252 MB/s   1m45s[K[?25h[?2026l[?2026h[?25l[A[1Gpulling manifest [K
pulling 4cd576d9aa16:  37% ▕██████            ▏  15 GB/ 42 GB  252 MB/s   1m45s[K[?25h[?2026l[?2026h[?25l[A[1Gpulling manifest [K
pulling 4cd576d9aa16:  37% ▕██████            ▏  15 GB/ 42 GB  252 MB/s   1m45s[K[?25h[?2026l[?2026h[?25l[A[1Gpulling manifest [K
pulling 4cd576d9aa16:  37% ▕██████            ▏  15 GB/ 42 GB  253 MB/s   1m45s[K[?25h[?2026l[?2026h[?25l[A[1Gpulling manifest [K
pulling 4cd576d9aa16:  37% ▕██████            ▏  15 GB/ 42 GB  253 MB/s   1m45s[K[?25h[?2026l[?2026h[?25l[A[1Gpulling manifest [K
pulling 4cd576d9aa16:  37% ▕██████            ▏  15 GB/ 42 GB  253 MB/s   1m45s[K[?25h[?2026l[?2026h[?25l[A[1Gpulling manifest [K
pulling 4cd576d9aa16:  37% ▕██████            ▏  15 GB/ 42 GB  253 MB/s   1m45s[K[?25h[?2026l[?2026h[?25l[A[1Gpulling manifest [K
pulling 4cd576d9aa16:  37% ▕██████            ▏  15 GB/ 42 GB  253 MB/s   1m45s[K[?25h[?2026l[?2026h[?25l[A[1Gpulling manifest [K
pulling 4cd576d9aa16:  37% ▕██████            ▏  15 GB/ 42 GB  253 MB/s   1m45s[K[?25h[?2026l[?2026h[?25l[A[1Gpulling manifest [K
pulling 4cd576d9aa16:  38% ▕██████            ▏  15 GB/ 42 GB  253 MB/s   1m44s[K[?25h[?2026l[?2026h[?25l[A[1Gpulling manifest [K
pulling 4cd576d9aa16:  38% ▕██████            ▏  15 GB/ 42 GB  253 MB/s   1m44s[K[?25h[?2026l[?2026h[?25l[A[1Gpulling manifest [K
pulling 4cd576d9aa16:  38% ▕██████            ▏  16 GB/ 42 GB  253 MB/s   1m44s[K[?25h[?2026l[?2026h[?25l[A[1Gpulling manifest [K
pulling 4cd576d9aa16:  38% ▕██████            ▏  16 GB/ 42 GB  253 MB/s   1m44s[K[?25h[?2026l[?2026h[?25l[A[1Gpulling manifest [K
pulling 4cd576d9aa16:  38% ▕██████            ▏  16 GB/ 42 GB  253 MB/s   1m44s[K[?25h[?2026l[?2026h[?25l[A[1Gpulling manifest [K
pulling 4cd576d9aa16:  38% ▕██████            ▏  16 GB/ 42 GB  253 MB/s   1m44s[K[?25h[?2026l[?2026h[?25l[A[1Gpulling manifest [K
pulling 4cd576d9aa16:  38% ▕██████            ▏  16 GB/ 42 GB  253 MB/s   1m44s[K[?25h[?2026l[?2026h[?25l[A[1Gpulling manifest [K
pulling 4cd576d9aa16:  38% ▕██████            ▏  16 GB/ 42 GB  253 MB/s   1m44s[K[?25h[?2026l[?2026h[?25l[A[1Gpulling manifest [K
pulling 4cd576d9aa16:  38% ▕██████            ▏  16 GB/ 42 GB  253 MB/s   1m44s[K[?25h[?2026l[?2026h[?25l[A[1Gpulling manifest [K
pulling 4cd576d9aa16:  38% ▕██████            ▏  16 GB/ 42 GB  253 MB/s   1m44s[K[?25h[?2026l[?2026h[?25l[A[1Gpulling manifest [K
pulling 4cd576d9aa16:  38% ▕██████            ▏  16 GB/ 42 GB  253 MB/s   1m43s[K[?25h[?2026l[?2026h[?25l[A[1Gpulling manifest [K
pulling 4cd576d9aa16:  38% ▕██████            ▏  16 GB/ 42 GB  253 MB/s   1m43s[K[?25h[?2026l[?2026h[?25l[A[1Gpulling manifest [K
pulling 4cd576d9aa16:  38% ▕██████            ▏  16 GB/ 42 GB  253 MB/s   1m43s[K[?25h[?2026l[?2026h[?25l[A[1Gpulling manifest [K
pulling 4cd576d9aa16:  38% ▕██████            ▏  16 GB/ 42 GB  253 MB/s   1m43s[K[?25h[?2026l[?2026h[?25l[A[1Gpulling manifest [K
pulling 4cd576d9aa16:  38% ▕██████            ▏  16 GB/ 42 GB  252 MB/s   1m43s[K[?25h[?2026l[?2026h[?25l[A[1Gpulling manifest [K
pulling 4cd576d9aa16:  38% ▕██████            ▏  16 GB/ 42 GB  252 MB/s   1m43s[K[?25h[?2026l[?2026h[?25l[A[1Gpulling manifest [K
pulling 4cd576d9aa16:  38% ▕██████            ▏  16 GB/ 42 GB  252 MB/s   1m43s[K[?25h[?2026l[?2026h[?25l[A[1Gpulling manifest [K
pulling 4cd576d9aa16:  39% ▕██████            ▏  16 GB/ 42 GB  252 MB/s   1m43s[K[?25h[?2026l[?2026h[?25l[A[1Gpulling manifest [K
pulling 4cd576d9aa16:  39% ▕██████            ▏  16 GB/ 42 GB  252 MB/s   1m43s[K[?25h[?2026l[?2026h[?25l[A[1Gpulling manifest [K
pulling 4cd576d9aa16:  39% ▕██████            ▏  16 GB/ 42 GB  252 MB/s   1m43s[K[?25h[?2026l[?2026h[?25l[A[1Gpulling manifest [K
pulling 4cd576d9aa16:  39% ▕██████            ▏  16 GB/ 42 GB  252 MB/s   1m43s[K[?25h[?2026l[?2026h[?25l[A[1Gpulling manifest [K
pulling 4cd576d9aa16:  39% ▕██████            ▏  16 GB/ 42 GB  252 MB/s   1m42s[K[?25h[?2026l[?2026h[?25l[A[1Gpulling manifest [K
pulling 4cd576d9aa16:  39% ▕██████            ▏  16 GB/ 42 GB  252 MB/s   1m42s[K[?25h[?2026l[?2026h[?25l[A[1Gpulling manifest [K
pulling 4cd576d9aa16:  39% ▕██████            ▏  16 GB/ 42 GB  252 MB/s   1m42s[K[?25h[?2026l[?2026h[?25l[A[1Gpulling manifest [K
pulling 4cd576d9aa16:  39% ▕███████           ▏  16 GB/ 42 GB  253 MB/s   1m42s[K[?25h[?2026l[?2026h[?25l[A[1Gpulling manifest [K
pulling 4cd576d9aa16:  39% ▕███████           ▏  16 GB/ 42 GB  253 MB/s   1m42s[K[?25h[?2026l[?2026h[?25l[A[1Gpulling manifest [K
pulling 4cd576d9aa16:  39% ▕███████           ▏  16 GB/ 42 GB  253 MB/s   1m42s[K[?25h[?2026l[?2026h[?25l[A[1Gpulling manifest [K
pulling 4cd576d9aa16:  39% ▕███████           ▏  16 GB/ 42 GB  253 MB/s   1m42s[K[?25h[?2026l[?2026h[?25l[A[1Gpulling manifest [K
pulling 4cd576d9aa16:  39% ▕███████           ▏  16 GB/ 42 GB  253 MB/s   1m42s[K[?25h[?2026l[?2026h[?25l[A[1Gpulling manifest [K
pulling 4cd576d9aa16:  39% ▕███████           ▏  16 GB/ 42 GB  253 MB/s   1m42s[K[?25h[?2026l[?2026h[?25l[A[1Gpulling manifest [K
pulling 4cd576d9aa16:  39% ▕███████           ▏  16 GB/ 42 GB  253 MB/s   1m41s[K[?25h[?2026l[?2026h[?25l[A[1Gpulling manifest [K
pulling 4cd576d9aa16:  39% ▕███████           ▏  16 GB/ 42 GB  253 MB/s   1m41s[K[?25h[?2026l[?2026h[?25l[A[1Gpulling manifest [K
pulling 4cd576d9aa16:  39% ▕███████           ▏  16 GB/ 42 GB  253 MB/s   1m41s[K[?25h[?2026l[?2026h[?25l[A[1Gpulling manifest [K
pulling 4cd576d9aa16:  39% ▕███████           ▏  16 GB/ 42 GB  253 MB/s   1m41s[K[?25h[?2026l[?2026h[?25l[A[1Gpulling manifest [K
pulling 4cd576d9aa16:  40% ▕███████           ▏  16 GB/ 42 GB  253 MB/s   1m41s[K[?25h[?2026l[?2026h[?25l[A[1Gpulling manifest [K
pulling 4cd576d9aa16:  40% ▕███████           ▏  16 GB/ 42 GB  253 MB/s   1m41s[K[?25h[?2026l[?2026h[?25l[A[1Gpulling manifest [K
pulling 4cd576d9aa16:  40% ▕███████           ▏  16 GB/ 42 GB  253 MB/s   1m41s[K[?25h[?2026l[?2026h[?25l[A[1Gpulling manifest [K
pulling 4cd576d9aa16:  40% ▕███████           ▏  16 GB/ 42 GB  253 MB/s   1m41s[K[?25h[?2026l[?2026h[?25l[A[1Gpulling manifest [K
pulling 4cd576d9aa16:  40% ▕███████           ▏  16 GB/ 42 GB  253 MB/s   1m41s[K[?25h[?2026l[?2026h[?25l[A[1Gpulling manifest [K
pulling 4cd576d9aa16:  40% ▕███████           ▏  16 GB/ 42 GB  253 MB/s   1m41s[K[?25h[?2026l[?2026h[?25l[A[1Gpulling manifest [K
pulling 4cd576d9aa16:  40% ▕███████           ▏  16 GB/ 42 GB  253 MB/s   1m41s[K[?25h[?2026l[?2026h[?25l[A[1Gpulling manifest [K
pulling 4cd576d9aa16:  40% ▕███████           ▏  16 GB/ 42 GB  253 MB/s   1m40s[K[?25h[?2026l[?2026h[?25l[A[1Gpulling manifest [K
pulling 4cd576d9aa16:  40% ▕███████           ▏  17 GB/ 42 GB  253 MB/s   1m40s[K[?25h[?2026l[?2026h[?25l[A[1Gpulling manifest [K
pulling 4cd576d9aa16:  40% ▕███████           ▏  17 GB/ 42 GB  253 MB/s   1m40s[K[?25h[?2026l[?2026h[?25l[A[1Gpulling manifest [K
pulling 4cd576d9aa16:  40% ▕███████           ▏  17 GB/ 42 GB  253 MB/s   1m40s[K[?25h[?2026l[?2026h[?25l[A[1Gpulling manifest [K
pulling 4cd576d9aa16:  40% ▕███████           ▏  17 GB/ 42 GB  253 MB/s   1m40s[K[?25h[?2026l[?2026h[?25l[A[1Gpulling manifest [K
pulling 4cd576d9aa16:  40% ▕███████           ▏  17 GB/ 42 GB  253 MB/s   1m40s[K[?25h[?2026l[?2026h[?25l[A[1Gpulling manifest [K
pulling 4cd576d9aa16:  40% ▕███████           ▏  17 GB/ 42 GB  253 MB/s   1m40s[K[?25h[?2026l[?2026h[?25l[A[1Gpulling manifest [K
pulling 4cd576d9aa16:  40% ▕███████           ▏  17 GB/ 42 GB  253 MB/s   1m40s[K[?25h[?2026l[?2026h[?25l[A[1Gpulling manifest [K
pulling 4cd576d9aa16:  40% ▕███████           ▏  17 GB/ 42 GB  253 MB/s   1m40s[K[?25h[?2026l[?2026h[?25l[A[1Gpulling manifest [K
pulling 4cd576d9aa16:  40% ▕███████           ▏  17 GB/ 42 GB  253 MB/s   1m40s[K[?25h[?2026l[?2026h[?25l[A[1Gpulling manifest [K
pulling 4cd576d9aa16:  41% ▕███████           ▏  17 GB/ 42 GB  253 MB/s   1m39s[K[?25h[?2026l[?2026h[?25l[A[1Gpulling manifest [K
pulling 4cd576d9aa16:  41% ▕███████           ▏  17 GB/ 42 GB  253 MB/s   1m39s[K[?25h[?2026l[?2026h[?25l[A[1Gpulling manifest [K
pulling 4cd576d9aa16:  41% ▕███████           ▏  17 GB/ 42 GB  253 MB/s   1m39s[K[?25h[?2026l[?2026h[?25l[A[1Gpulling manifest [K
pulling 4cd576d9aa16:  41% ▕███████           ▏  17 GB/ 42 GB  253 MB/s   1m39s[K[?25h[?2026l[?2026h[?25l[A[1Gpulling manifest [K
pulling 4cd576d9aa16:  41% ▕███████           ▏  17 GB/ 42 GB  253 MB/s   1m39s[K[?25h[?2026l[?2026h[?25l[A[1Gpulling manifest [K
pulling 4cd576d9aa16:  41% ▕███████           ▏  17 GB/ 42 GB  253 MB/s   1m39s[K[?25h[?2026l[?2026h[?25l[A[1Gpulling manifest [K
pulling 4cd576d9aa16:  41% ▕███████           ▏  17 GB/ 42 GB  253 MB/s   1m39s[K[?25h[?2026l[?2026h[?25l[A[1Gpulling manifest [K
pulling 4cd576d9aa16:  41% ▕███████           ▏  17 GB/ 42 GB  253 MB/s   1m39s[K[?25h[?2026l[?2026h[?25l[A[1Gpulling manifest [K
pulling 4cd576d9aa16:  41% ▕███████           ▏  17 GB/ 42 GB  253 MB/s   1m39s[K[?25h[?2026l[?2026h[?25l[A[1Gpulling manifest [K
pulling 4cd576d9aa16:  41% ▕███████           ▏  17 GB/ 42 GB  253 MB/s   1m38s[K[?25h[?2026l[?2026h[?25l[A[1Gpulling manifest [K
pulling 4cd576d9aa16:  41% ▕███████           ▏  17 GB/ 42 GB  253 MB/s   1m38s[K[?25h[?2026l[?2026h[?25l[A[1Gpulling manifest [K
pulling 4cd576d9aa16:  41% ▕███████           ▏  17 GB/ 42 GB  253 MB/s   1m38s[K[?25h[?2026l[?2026h[?25l[A[1Gpulling manifest [K
pulling 4cd576d9aa16:  41% ▕███████           ▏  17 GB/ 42 GB  253 MB/s   1m38s[K[?25h[?2026l[?2026h[?25l[A[1Gpulling manifest [K
pulling 4cd576d9aa16:  41% ▕███████           ▏  17 GB/ 42 GB  253 MB/s   1m38s[K[?25h[?2026l[?2026h[?25l[A[1Gpulling manifest [K
pulling 4cd576d9aa16:  41% ▕███████           ▏  17 GB/ 42 GB  253 MB/s   1m38s[K[?25h[?2026l[?2026h[?25l[A[1Gpulling manifest [K
pulling 4cd576d9aa16:  41% ▕███████           ▏  17 GB/ 42 GB  253 MB/s   1m38s[K[?25h[?2026l[?2026h[?25l[A[1Gpulling manifest [K
pulling 4cd576d9aa16:  41% ▕███████           ▏  17 GB/ 42 GB  253 MB/s   1m38s[K[?25h[?2026l[?2026h[?25l[A[1Gpulling manifest [K
pulling 4cd576d9aa16:  42% ▕███████           ▏  17 GB/ 42 GB  253 MB/s   1m38s[K[?25h[?2026l[?2026h[?25l[A[1Gpulling manifest [K
pulling 4cd576d9aa16:  42% ▕███████           ▏  17 GB/ 42 GB  253 MB/s   1m38s[K[?25h[?2026l[?2026h[?25l[A[1Gpulling manifest [K
pulling 4cd576d9aa16:  42% ▕███████           ▏  17 GB/ 42 GB  253 MB/s   1m38s[K[?25h[?2026l[?2026h[?25l[A[1Gpulling manifest [K
pulling 4cd576d9aa16:  42% ▕███████           ▏  17 GB/ 42 GB  253 MB/s   1m37s[K[?25h[?2026l[?2026h[?25l[A[1Gpulling manifest [K
pulling 4cd576d9aa16:  42% ▕███████           ▏  17 GB/ 42 GB  253 MB/s   1m37s[K[?25h[?2026l[?2026h[?25l[A[1Gpulling manifest [K
pulling 4cd576d9aa16:  42% ▕███████           ▏  17 GB/ 42 GB  253 MB/s   1m37s[K[?25h[?2026l[?2026h[?25l[A[1Gpulling manifest [K
pulling 4cd576d9aa16:  42% ▕███████           ▏  17 GB/ 42 GB  253 MB/s   1m37s[K[?25h[?2026l[?2026h[?25l[A[1Gpulling manifest [K
pulling 4cd576d9aa16:  42% ▕███████           ▏  17 GB/ 42 GB  253 MB/s   1m37s[K[?25h[?2026l[?2026h[?25l[A[1Gpulling manifest [K
pulling 4cd576d9aa16:  42% ▕███████           ▏  17 GB/ 42 GB  253 MB/s   1m37s[K[?25h[?2026l[?2026h[?25l[A[1Gpulling manifest [K
pulling 4cd576d9aa16:  42% ▕███████           ▏  17 GB/ 42 GB  253 MB/s   1m37s[K[?25h[?2026l[?2026h[?25l[A[1Gpulling manifest [K
pulling 4cd576d9aa16:  42% ▕███████           ▏  17 GB/ 42 GB  253 MB/s   1m37s[K[?25h[?2026l[?2026h[?25l[A[1Gpulling manifest [K
pulling 4cd576d9aa16:  42% ▕███████           ▏  17 GB/ 42 GB  253 MB/s   1m37s[K[?25h[?2026l[?2026h[?25l[A[1Gpulling manifest [K
pulling 4cd576d9aa16:  42% ▕███████           ▏  17 GB/ 42 GB  253 MB/s   1m37s[K[?25h[?2026l[?2026h[?25l[A[1Gpulling manifest [K
pulling 4cd576d9aa16:  42% ▕███████           ▏  17 GB/ 42 GB  253 MB/s   1m36s[K[?25h[?2026l[?2026h[?25l[A[1Gpulling manifest [K
pulling 4cd576d9aa16:  42% ▕███████           ▏  18 GB/ 42 GB  253 MB/s   1m36s[K[?25h[?2026l[?2026h[?25l[A[1Gpulling manifest [K
pulling 4cd576d9aa16:  42% ▕███████           ▏  18 GB/ 42 GB  253 MB/s   1m36s[K[?25h[?2026l[?2026h[?25l[A[1Gpulling manifest [K
pulling 4cd576d9aa16:  42% ▕███████           ▏  18 GB/ 42 GB  253 MB/s   1m36s[K[?25h[?2026l[?2026h[?25l[A[1Gpulling manifest [K
pulling 4cd576d9aa16:  43% ▕███████           ▏  18 GB/ 42 GB  253 MB/s   1m36s[K[?25h[?2026l[?2026h[?25l[A[1Gpulling manifest [K
pulling 4cd576d9aa16:  43% ▕███████           ▏  18 GB/ 42 GB  253 MB/s   1m36s[K[?25h[?2026l[?2026h[?25l[A[1Gpulling manifest [K
pulling 4cd576d9aa16:  43% ▕███████           ▏  18 GB/ 42 GB  253 MB/s   1m36s[K[?25h[?2026l[?2026h[?25l[A[1Gpulling manifest [K
pulling 4cd576d9aa16:  43% ▕███████           ▏  18 GB/ 42 GB  253 MB/s   1m36s[K[?25h[?2026l[?2026h[?25l[A[1Gpulling manifest [K
pulling 4cd576d9aa16:  43% ▕███████           ▏  18 GB/ 42 GB  253 MB/s   1m36s[K[?25h[?2026l[?2026h[?25l[A[1Gpulling manifest [K
pulling 4cd576d9aa16:  43% ▕███████           ▏  18 GB/ 42 GB  253 MB/s   1m36s[K[?25h[?2026l[?2026h[?25l[A[1Gpulling manifest [K
pulling 4cd576d9aa16:  43% ▕███████           ▏  18 GB/ 42 GB  253 MB/s   1m36s[K[?25h[?2026l[?2026h[?25l[A[1Gpulling manifest [K
pulling 4cd576d9aa16:  43% ▕███████           ▏  18 GB/ 42 GB  253 MB/s   1m35s[K[?25h[?2026l[?2026h[?25l[A[1Gpulling manifest [K
pulling 4cd576d9aa16:  43% ▕███████           ▏  18 GB/ 42 GB  253 MB/s   1m35s[K[?25h[?2026l[?2026h[?25l[A[1Gpulling manifest [K
pulling 4cd576d9aa16:  43% ▕███████           ▏  18 GB/ 42 GB  253 MB/s   1m35s[K[?25h[?2026l[?2026h[?25l[A[1Gpulling manifest [K
pulling 4cd576d9aa16:  43% ▕███████           ▏  18 GB/ 42 GB  253 MB/s   1m35s[K[?25h[?2026l[?2026h[?25l[A[1Gpulling manifest [K
pulling 4cd576d9aa16:  43% ▕███████           ▏  18 GB/ 42 GB  253 MB/s   1m35s[K[?25h[?2026l[?2026h[?25l[A[1Gpulling manifest [K
pulling 4cd576d9aa16:  43% ▕███████           ▏  18 GB/ 42 GB  253 MB/s   1m35s[K[?25h[?2026l[?2026h[?25l[A[1Gpulling manifest [K
pulling 4cd576d9aa16:  43% ▕███████           ▏  18 GB/ 42 GB  253 MB/s   1m35s[K[?25h[?2026l[?2026h[?25l[A[1Gpulling manifest [K
pulling 4cd576d9aa16:  43% ▕███████           ▏  18 GB/ 42 GB  253 MB/s   1m35s[K[?25h[?2026l[?2026h[?25l[A[1Gpulling manifest [K
pulling 4cd576d9aa16:  43% ▕███████           ▏  18 GB/ 42 GB  253 MB/s   1m35s[K[?25h[?2026l[?2026h[?25l[A[1Gpulling manifest [K
pulling 4cd576d9aa16:  43% ▕███████           ▏  18 GB/ 42 GB  253 MB/s   1m35s[K[?25h[?2026l[?2026h[?25l[A[1Gpulling manifest [K
pulling 4cd576d9aa16:  43% ▕███████           ▏  18 GB/ 42 GB  253 MB/s   1m34s[K[?25h[?2026l[?2026h[?25l[A[1Gpulling manifest [K
pulling 4cd576d9aa16:  44% ▕███████           ▏  18 GB/ 42 GB  253 MB/s   1m34s[K[?25h[?2026l[?2026h[?25l[A[1Gpulling manifest [K
pulling 4cd576d9aa16:  44% ▕███████           ▏  18 GB/ 42 GB  253 MB/s   1m34s[K[?25h[?2026l[?2026h[?25l[A[1Gpulling manifest [K
pulling 4cd576d9aa16:  44% ▕███████           ▏  18 GB/ 42 GB  253 MB/s   1m34s[K[?25h[?2026l[?2026h[?25l[A[1Gpulling manifest [K
pulling 4cd576d9aa16:  44% ▕███████           ▏  18 GB/ 42 GB  253 MB/s   1m34s[K[?25h[?2026l[?2026h[?25l[A[1Gpulling manifest [K
pulling 4cd576d9aa16:  44% ▕███████           ▏  18 GB/ 42 GB  253 MB/s   1m34s[K[?25h[?2026l[?2026h[?25l[A[1Gpulling manifest [K
pulling 4cd576d9aa16:  44% ▕███████           ▏  18 GB/ 42 GB  253 MB/s   1m34s[K[?25h[?2026l[?2026h[?25l[A[1Gpulling manifest [K
pulling 4cd576d9aa16:  44% ▕███████           ▏  18 GB/ 42 GB  253 MB/s   1m34s[K[?25h[?2026l[?2026h[?25l[A[1Gpulling manifest [K
pulling 4cd576d9aa16:  44% ▕███████           ▏  18 GB/ 42 GB  253 MB/s   1m34s[K[?25h[?2026l[?2026h[?25l[A[1Gpulling manifest [K
pulling 4cd576d9aa16:  44% ▕███████           ▏  18 GB/ 42 GB  253 MB/s   1m34s[K[?25h[?2026l[?2026h[?25l[A[1Gpulling manifest [K
pulling 4cd576d9aa16:  44% ▕███████           ▏  18 GB/ 42 GB  253 MB/s   1m33s[K[?25h[?2026l[?2026h[?25l[A[1Gpulling manifest [K
pulling 4cd576d9aa16:  44% ▕███████           ▏  18 GB/ 42 GB  253 MB/s   1m33s[K[?25h[?2026l[?2026h[?25l[A[1Gpulling manifest [K
pulling 4cd576d9aa16:  44% ▕███████           ▏  18 GB/ 42 GB  253 MB/s   1m33s[K[?25h[?2026l[?2026h[?25l[A[1Gpulling manifest [K
pulling 4cd576d9aa16:  44% ▕███████           ▏  18 GB/ 42 GB  253 MB/s   1m33s[K[?25h[?2026l[?2026h[?25l[A[1Gpulling manifest [K
pulling 4cd576d9aa16:  44% ▕███████           ▏  18 GB/ 42 GB  253 MB/s   1m33s[K[?25h[?2026l[?2026h[?25l[A[1Gpulling manifest [K
pulling 4cd576d9aa16:  44% ▕███████           ▏  18 GB/ 42 GB  253 MB/s   1m33s[K[?25h[?2026l[?2026h[?25l[A[1Gpulling manifest [K
pulling 4cd576d9aa16:  44% ▕███████           ▏  18 GB/ 42 GB  253 MB/s   1m33s[K[?25h[?2026l[?2026h[?25l[A[1Gpulling manifest [K
pulling 4cd576d9aa16:  44% ▕████████          ▏  18 GB/ 42 GB  253 MB/s   1m33s[K[?25h[?2026l[?2026h[?25l[A[1Gpulling manifest [K
pulling 4cd576d9aa16:  45% ▕████████          ▏  18 GB/ 42 GB  253 MB/s   1m33s[K[?25h[?2026l[?2026h[?25l[A[1Gpulling manifest [K
pulling 4cd576d9aa16:  45% ▕████████          ▏  18 GB/ 42 GB  253 MB/s   1m33s[K[?25h[?2026l[?2026h[?25l[A[1Gpulling manifest [K
pulling 4cd576d9aa16:  45% ▕████████          ▏  18 GB/ 42 GB  253 MB/s   1m32s[K[?25h[?2026l[?2026h[?25l[A[1Gpulling manifest [K
pulling 4cd576d9aa16:  45% ▕████████          ▏  19 GB/ 42 GB  253 MB/s   1m32s[K[?25h[?2026l[?2026h[?25l[A[1Gpulling manifest [K
pulling 4cd576d9aa16:  45% ▕████████          ▏  19 GB/ 42 GB  253 MB/s   1m32s[K[?25h[?2026l[?2026h[?25l[A[1Gpulling manifest [K
pulling 4cd576d9aa16:  45% ▕████████          ▏  19 GB/ 42 GB  253 MB/s   1m32s[K[?25h[?2026l[?2026h[?25l[A[1Gpulling manifest [K
pulling 4cd576d9aa16:  45% ▕████████          ▏  19 GB/ 42 GB  253 MB/s   1m32s[K[?25h[?2026l[?2026h[?25l[A[1Gpulling manifest [K
pulling 4cd576d9aa16:  45% ▕████████          ▏  19 GB/ 42 GB  253 MB/s   1m32s[K[?25h[?2026l[?2026h[?25l[A[1Gpulling manifest [K
pulling 4cd576d9aa16:  45% ▕████████          ▏  19 GB/ 42 GB  253 MB/s   1m32s[K[?25h[?2026l[?2026h[?25l[A[1Gpulling manifest [K
pulling 4cd576d9aa16:  45% ▕████████          ▏  19 GB/ 42 GB  253 MB/s   1m32s[K[?25h[?2026l[?2026h[?25l[A[1Gpulling manifest [K
pulling 4cd576d9aa16:  45% ▕████████          ▏  19 GB/ 42 GB  253 MB/s   1m32s[K[?25h[?2026l[?2026h[?25l[A[1Gpulling manifest [K
pulling 4cd576d9aa16:  45% ▕████████          ▏  19 GB/ 42 GB  253 MB/s   1m32s[K[?25h[?2026l[?2026h[?25l[A[1Gpulling manifest [K
pulling 4cd576d9aa16:  45% ▕████████          ▏  19 GB/ 42 GB  253 MB/s   1m31s[K[?25h[?2026l[?2026h[?25l[A[1Gpulling manifest [K
pulling 4cd576d9aa16:  45% ▕████████          ▏  19 GB/ 42 GB  253 MB/s   1m31s[K[?25h[?2026l[?2026h[?25l[A[1Gpulling manifest [K
pulling 4cd576d9aa16:  45% ▕████████          ▏  19 GB/ 42 GB  253 MB/s   1m31s[K[?25h[?2026l[?2026h[?25l[A[1Gpulling manifest [K
pulling 4cd576d9aa16:  45% ▕████████          ▏  19 GB/ 42 GB  253 MB/s   1m31s[K[?25h[?2026l[?2026h[?25l[A[1Gpulling manifest [K
pulling 4cd576d9aa16:  45% ▕████████          ▏  19 GB/ 42 GB  253 MB/s   1m31s[K[?25h[?2026l[?2026h[?25l[A[1Gpulling manifest [K
pulling 4cd576d9aa16:  46% ▕████████          ▏  19 GB/ 42 GB  253 MB/s   1m31s[K[?25h[?2026l[?2026h[?25l[A[1Gpulling manifest [K
pulling 4cd576d9aa16:  46% ▕████████          ▏  19 GB/ 42 GB  253 MB/s   1m31s[K[?25h[?2026l[?2026h[?25l[A[1Gpulling manifest [K
pulling 4cd576d9aa16:  46% ▕████████          ▏  19 GB/ 42 GB  253 MB/s   1m31s[K[?25h[?2026l[?2026h[?25l[A[1Gpulling manifest [K
pulling 4cd576d9aa16:  46% ▕████████          ▏  19 GB/ 42 GB  253 MB/s   1m31s[K[?25h[?2026l[?2026h[?25l[A[1Gpulling manifest [K
pulling 4cd576d9aa16:  46% ▕████████          ▏  19 GB/ 42 GB  253 MB/s   1m31s[K[?25h[?2026l[?2026h[?25l[A[1Gpulling manifest [K
pulling 4cd576d9aa16:  46% ▕████████          ▏  19 GB/ 42 GB  253 MB/s   1m31s[K[?25h[?2026l[?2026h[?25l[A[1Gpulling manifest [K
pulling 4cd576d9aa16:  46% ▕████████          ▏  19 GB/ 42 GB  253 MB/s   1m30s[K[?25h[?2026l[?2026h[?25l[A[1Gpulling manifest [K
pulling 4cd576d9aa16:  46% ▕████████          ▏  19 GB/ 42 GB  253 MB/s   1m30s[K[?25h[?2026l[?2026h[?25l[A[1Gpulling manifest [K
pulling 4cd576d9aa16:  46% ▕████████          ▏  19 GB/ 42 GB  253 MB/s   1m30s[K[?25h[?2026l[?2026h[?25l[A[1Gpulling manifest [K
pulling 4cd576d9aa16:  46% ▕████████          ▏  19 GB/ 42 GB  253 MB/s   1m30s[K[?25h[?2026l[?2026h[?25l[A[1Gpulling manifest [K
pulling 4cd576d9aa16:  46% ▕████████          ▏  19 GB/ 42 GB  253 MB/s   1m30s[K[?25h[?2026l[?2026h[?25l[A[1Gpulling manifest [K
pulling 4cd576d9aa16:  46% ▕████████          ▏  19 GB/ 42 GB  253 MB/s   1m30s[K[?25h[?2026l[?2026h[?25l[A[1Gpulling manifest [K
pulling 4cd576d9aa16:  46% ▕████████          ▏  19 GB/ 42 GB  253 MB/s   1m30s[K[?25h[?2026l[?2026h[?25l[A[1Gpulling manifest [K
pulling 4cd576d9aa16:  46% ▕████████          ▏  19 GB/ 42 GB  253 MB/s   1m30s[K[?25h[?2026l[?2026h[?25l[A[1Gpulling manifest [K
pulling 4cd576d9aa16:  46% ▕████████          ▏  19 GB/ 42 GB  253 MB/s   1m30s[K[?25h[?2026l[?2026h[?25l[A[1Gpulling manifest [K
pulling 4cd576d9aa16:  46% ▕████████          ▏  19 GB/ 42 GB  253 MB/s   1m30s[K[?25h[?2026l[?2026h[?25l[A[1Gpulling manifest [K
pulling 4cd576d9aa16:  46% ▕████████          ▏  19 GB/ 42 GB  253 MB/s   1m29s[K[?25h[?2026l[?2026h[?25l[A[1Gpulling manifest [K
pulling 4cd576d9aa16:  47% ▕████████          ▏  19 GB/ 42 GB  253 MB/s   1m29s[K[?25h[?2026l[?2026h[?25l[A[1Gpulling manifest [K
pulling 4cd576d9aa16:  47% ▕████████          ▏  19 GB/ 42 GB  253 MB/s   1m29s[K[?25h[?2026l[?2026h[?25l[A[1Gpulling manifest [K
pulling 4cd576d9aa16:  47% ▕████████          ▏  19 GB/ 42 GB  253 MB/s   1m29s[K[?25h[?2026l[?2026h[?25l[A[1Gpulling manifest [K
pulling 4cd576d9aa16:  47% ▕████████          ▏  19 GB/ 42 GB  253 MB/s   1m29s[K[?25h[?2026l[?2026h[?25l[A[1Gpulling manifest [K
pulling 4cd576d9aa16:  47% ▕████████          ▏  19 GB/ 42 GB  253 MB/s   1m29s[K[?25h[?2026l[?2026h[?25l[A[1Gpulling manifest [K
pulling 4cd576d9aa16:  47% ▕████████          ▏  19 GB/ 42 GB  253 MB/s   1m29s[K[?25h[?2026l[?2026h[?25l[A[1Gpulling manifest [K
pulling 4cd576d9aa16:  47% ▕████████          ▏  19 GB/ 42 GB  253 MB/s   1m29s[K[?25h[?2026l[?2026h[?25l[A[1Gpulling manifest [K
pulling 4cd576d9aa16:  47% ▕████████          ▏  19 GB/ 42 GB  253 MB/s   1m29s[K[?25h[?2026l[?2026h[?25l[A[1Gpulling manifest [K
pulling 4cd576d9aa16:  47% ▕████████          ▏  19 GB/ 42 GB  253 MB/s   1m29s[K[?25h[?2026l[?2026h[?25l[A[1Gpulling manifest [K
pulling 4cd576d9aa16:  47% ▕████████          ▏  20 GB/ 42 GB  253 MB/s   1m28s[K[?25h[?2026l[?2026h[?25l[A[1Gpulling manifest [K
pulling 4cd576d9aa16:  47% ▕████████          ▏  20 GB/ 42 GB  253 MB/s   1m28s[K[?25h[?2026l[?2026h[?25l[A[1Gpulling manifest [K
pulling 4cd576d9aa16:  47% ▕████████          ▏  20 GB/ 42 GB  253 MB/s   1m28s[K[?25h[?2026l[?2026h[?25l[A[1Gpulling manifest [K
pulling 4cd576d9aa16:  47% ▕████████          ▏  20 GB/ 42 GB  253 MB/s   1m28s[K[?25h[?2026l[?2026h[?25l[A[1Gpulling manifest [K
pulling 4cd576d9aa16:  47% ▕████████          ▏  20 GB/ 42 GB  253 MB/s   1m28s[K[?25h[?2026l[?2026h[?25l[A[1Gpulling manifest [K
pulling 4cd576d9aa16:  47% ▕████████          ▏  20 GB/ 42 GB  253 MB/s   1m28s[K[?25h[?2026l[?2026h[?25l[A[1Gpulling manifest [K
pulling 4cd576d9aa16:  47% ▕████████          ▏  20 GB/ 42 GB  253 MB/s   1m28s[K[?25h[?2026l[?2026h[?25l[A[1Gpulling manifest [K
pulling 4cd576d9aa16:  47% ▕████████          ▏  20 GB/ 42 GB  253 MB/s   1m28s[K[?25h[?2026l[?2026h[?25l[A[1Gpulling manifest [K
pulling 4cd576d9aa16:  48% ▕████████          ▏  20 GB/ 42 GB  253 MB/s   1m28s[K[?25h[?2026l[?2026h[?25l[A[1Gpulling manifest [K
pulling 4cd576d9aa16:  48% ▕████████          ▏  20 GB/ 42 GB  253 MB/s   1m28s[K[?25h[?2026l[?2026h[?25l[A[1Gpulling manifest [K
pulling 4cd576d9aa16:  48% ▕████████          ▏  20 GB/ 42 GB  253 MB/s   1m27s[K[?25h[?2026l[?2026h[?25l[A[1Gpulling manifest [K
pulling 4cd576d9aa16:  48% ▕████████          ▏  20 GB/ 42 GB  253 MB/s   1m27s[K[?25h[?2026l[?2026h[?25l[A[1Gpulling manifest [K
pulling 4cd576d9aa16:  48% ▕████████          ▏  20 GB/ 42 GB  253 MB/s   1m27s[K[?25h[?2026l[?2026h[?25l[A[1Gpulling manifest [K
pulling 4cd576d9aa16:  48% ▕████████          ▏  20 GB/ 42 GB  253 MB/s   1m27s[K[?25h[?2026l[?2026h[?25l[A[1Gpulling manifest [K
pulling 4cd576d9aa16:  48% ▕████████          ▏  20 GB/ 42 GB  253 MB/s   1m27s[K[?25h[?2026l[?2026h[?25l[A[1Gpulling manifest [K
pulling 4cd576d9aa16:  48% ▕████████          ▏  20 GB/ 42 GB  253 MB/s   1m27s[K[?25h[?2026l[?2026h[?25l[A[1Gpulling manifest [K
pulling 4cd576d9aa16:  48% ▕████████          ▏  20 GB/ 42 GB  253 MB/s   1m27s[K[?25h[?2026l[?2026h[?25l[A[1Gpulling manifest [K
pulling 4cd576d9aa16:  48% ▕████████          ▏  20 GB/ 42 GB  253 MB/s   1m27s[K[?25h[?2026l[?2026h[?25l[A[1Gpulling manifest [K
pulling 4cd576d9aa16:  48% ▕████████          ▏  20 GB/ 42 GB  253 MB/s   1m27s[K[?25h[?2026l[?2026h[?25l[A[1Gpulling manifest [K
pulling 4cd576d9aa16:  48% ▕████████          ▏  20 GB/ 42 GB  253 MB/s   1m27s[K[?25h[?2026l[?2026h[?25l[A[1Gpulling manifest [K
pulling 4cd576d9aa16:  48% ▕████████          ▏  20 GB/ 42 GB  253 MB/s   1m26s[K[?25h[?2026l[?2026h[?25l[A[1Gpulling manifest [K
pulling 4cd576d9aa16:  48% ▕████████          ▏  20 GB/ 42 GB  253 MB/s   1m26s[K[?25h[?2026l[?2026h[?25l[A[1Gpulling manifest [K
pulling 4cd576d9aa16:  48% ▕████████          ▏  20 GB/ 42 GB  253 MB/s   1m26s[K[?25h[?2026l[?2026h[?25l[A[1Gpulling manifest [K
pulling 4cd576d9aa16:  48% ▕████████          ▏  20 GB/ 42 GB  253 MB/s   1m26s[K[?25h[?2026l[?2026h[?25l[A[1Gpulling manifest [K
pulling 4cd576d9aa16:  48% ▕████████          ▏  20 GB/ 42 GB  253 MB/s   1m26s[K[?25h[?2026l[?2026h[?25l[A[1Gpulling manifest [K
pulling 4cd576d9aa16:  49% ▕████████          ▏  20 GB/ 42 GB  253 MB/s   1m26s[K[?25h[?2026l[?2026h[?25l[A[1Gpulling manifest [K
pulling 4cd576d9aa16:  49% ▕████████          ▏  20 GB/ 42 GB  253 MB/s   1m26s[K[?25h[?2026l[?2026h[?25l[A[1Gpulling manifest [K
pulling 4cd576d9aa16:  49% ▕████████          ▏  20 GB/ 42 GB  253 MB/s   1m26s[K[?25h[?2026l[?2026h[?25l[A[1Gpulling manifest [K
pulling 4cd576d9aa16:  49% ▕████████          ▏  20 GB/ 42 GB  253 MB/s   1m26s[K[?25h[?2026l[?2026h[?25l[A[1Gpulling manifest [K
pulling 4cd576d9aa16:  49% ▕████████          ▏  20 GB/ 42 GB  253 MB/s   1m26s[K[?25h[?2026l[?2026h[?25l[A[1Gpulling manifest [K
pulling 4cd576d9aa16:  49% ▕████████          ▏  20 GB/ 42 GB  253 MB/s   1m26s[K[?25h[?2026l[?2026h[?25l[A[1Gpulling manifest [K
pulling 4cd576d9aa16:  49% ▕████████          ▏  20 GB/ 42 GB  253 MB/s   1m25s[K[?25h[?2026l[?2026h[?25l[A[1Gpulling manifest [K
pulling 4cd576d9aa16:  49% ▕████████          ▏  20 GB/ 42 GB  253 MB/s   1m25s[K[?25h[?2026l[?2026h[?25l[A[1Gpulling manifest [K
pulling 4cd576d9aa16:  49% ▕████████          ▏  20 GB/ 42 GB  253 MB/s   1m25s[K[?25h[?2026l[?2026h[?25l[A[1Gpulling manifest [K
pulling 4cd576d9aa16:  49% ▕████████          ▏  20 GB/ 42 GB  253 MB/s   1m25s[K[?25h[?2026l[?2026h[?25l[A[1Gpulling manifest [K
pulling 4cd576d9aa16:  49% ▕████████          ▏  20 GB/ 42 GB  253 MB/s   1m25s[K[?25h[?2026l[?2026h[?25l[A[1Gpulling manifest [K
pulling 4cd576d9aa16:  49% ▕████████          ▏  20 GB/ 42 GB  253 MB/s   1m25s[K[?25h[?2026l[?2026h[?25l[A[1Gpulling manifest [K
pulling 4cd576d9aa16:  49% ▕████████          ▏  20 GB/ 42 GB  253 MB/s   1m25s[K[?25h[?2026l[?2026h[?25l[A[1Gpulling manifest [K
pulling 4cd576d9aa16:  49% ▕████████          ▏  20 GB/ 42 GB  253 MB/s   1m25s[K[?25h[?2026l[?2026h[?25l[A[1Gpulling manifest [K
pulling 4cd576d9aa16:  49% ▕████████          ▏  20 GB/ 42 GB  253 MB/s   1m25s[K[?25h[?2026l[?2026h[?25l[A[1Gpulling manifest [K
pulling 4cd576d9aa16:  49% ▕████████          ▏  20 GB/ 42 GB  253 MB/s   1m24s[K[?25h[?2026l[?2026h[?25l[A[1Gpulling manifest [K
pulling 4cd576d9aa16:  49% ▕████████          ▏  21 GB/ 42 GB  253 MB/s   1m24s[K[?25h[?2026l[?2026h[?25l[A[1Gpulling manifest [K
pulling 4cd576d9aa16:  50% ▕████████          ▏  21 GB/ 42 GB  253 MB/s   1m24s[K[?25h[?2026l[?2026h[?25l[A[1Gpulling manifest [K
pulling 4cd576d9aa16:  50% ▕████████          ▏  21 GB/ 42 GB  253 MB/s   1m24s[K[?25h[?2026l[?2026h[?25l[A[1Gpulling manifest [K
pulling 4cd576d9aa16:  50% ▕████████          ▏  21 GB/ 42 GB  253 MB/s   1m24s[K[?25h[?2026l[?2026h[?25l[A[1Gpulling manifest [K
pulling 4cd576d9aa16:  50% ▕████████          ▏  21 GB/ 42 GB  253 MB/s   1m24s[K[?25h[?2026l[?2026h[?25l[A[1Gpulling manifest [K
pulling 4cd576d9aa16:  50% ▕████████          ▏  21 GB/ 42 GB  253 MB/s   1m24s[K[?25h[?2026l[?2026h[?25l[A[1Gpulling manifest [K
pulling 4cd576d9aa16:  50% ▕████████          ▏  21 GB/ 42 GB  253 MB/s   1m24s[K[?25h[?2026l[?2026h[?25l[A[1Gpulling manifest [K
pulling 4cd576d9aa16:  50% ▕████████          ▏  21 GB/ 42 GB  253 MB/s   1m24s[K[?25h[?2026l[?2026h[?25l[A[1Gpulling manifest [K
pulling 4cd576d9aa16:  50% ▕████████          ▏  21 GB/ 42 GB  253 MB/s   1m24s[K[?25h[?2026l[?2026h[?25l[A[1Gpulling manifest [K
pulling 4cd576d9aa16:  50% ▕████████          ▏  21 GB/ 42 GB  253 MB/s   1m24s[K[?25h[?2026l[?2026h[?25l[A[1Gpulling manifest [K
pulling 4cd576d9aa16:  50% ▕█████████         ▏  21 GB/ 42 GB  253 MB/s   1m23s[K[?25h[?2026l[?2026h[?25l[A[1Gpulling manifest [K
pulling 4cd576d9aa16:  50% ▕█████████         ▏  21 GB/ 42 GB  253 MB/s   1m23s[K[?25h[?2026l[?2026h[?25l[A[1Gpulling manifest [K
pulling 4cd576d9aa16:  50% ▕█████████         ▏  21 GB/ 42 GB  253 MB/s   1m23s[K[?25h[?2026l[?2026h[?25l[A[1Gpulling manifest [K
pulling 4cd576d9aa16:  50% ▕█████████         ▏  21 GB/ 42 GB  253 MB/s   1m23s[K[?25h[?2026l[?2026h[?25l[A[1Gpulling manifest [K
pulling 4cd576d9aa16:  50% ▕█████████         ▏  21 GB/ 42 GB  253 MB/s   1m23s[K[?25h[?2026l[?2026h[?25l[A[1Gpulling manifest [K
pulling 4cd576d9aa16:  50% ▕█████████         ▏  21 GB/ 42 GB  253 MB/s   1m23s[K[?25h[?2026l[?2026h[?25l[A[1Gpulling manifest [K
pulling 4cd576d9aa16:  50% ▕█████████         ▏  21 GB/ 42 GB  253 MB/s   1m23s[K[?25h[?2026l[?2026h[?25l[A[1Gpulling manifest [K
pulling 4cd576d9aa16:  50% ▕█████████         ▏  21 GB/ 42 GB  253 MB/s   1m23s[K[?25h[?2026l[?2026h[?25l[A[1Gpulling manifest [K
pulling 4cd576d9aa16:  51% ▕█████████         ▏  21 GB/ 42 GB  253 MB/s   1m23s[K[?25h[?2026l[?2026h[?25l[A[1Gpulling manifest [K
pulling 4cd576d9aa16:  51% ▕█████████         ▏  21 GB/ 42 GB  253 MB/s   1m23s[K[?25h[?2026l[?2026h[?25l[A[1Gpulling manifest [K
pulling 4cd576d9aa16:  51% ▕█████████         ▏  21 GB/ 42 GB  253 MB/s   1m22s[K[?25h[?2026l[?2026h[?25l[A[1Gpulling manifest [K
pulling 4cd576d9aa16:  51% ▕█████████         ▏  21 GB/ 42 GB  253 MB/s   1m22s[K[?25h[?2026l[?2026h[?25l[A[1Gpulling manifest [K
pulling 4cd576d9aa16:  51% ▕█████████         ▏  21 GB/ 42 GB  253 MB/s   1m22s[K[?25h[?2026l[?2026h[?25l[A[1Gpulling manifest [K
pulling 4cd576d9aa16:  51% ▕█████████         ▏  21 GB/ 42 GB  253 MB/s   1m22s[K[?25h[?2026l[?2026h[?25l[A[1Gpulling manifest [K
pulling 4cd576d9aa16:  51% ▕█████████         ▏  21 GB/ 42 GB  253 MB/s   1m22s[K[?25h[?2026l[?2026h[?25l[A[1Gpulling manifest [K
pulling 4cd576d9aa16:  51% ▕█████████         ▏  21 GB/ 42 GB  253 MB/s   1m22s[K[?25h[?2026l[?2026h[?25l[A[1Gpulling manifest [K
pulling 4cd576d9aa16:  51% ▕█████████         ▏  21 GB/ 42 GB  253 MB/s   1m22s[K[?25h[?2026l[?2026h[?25l[A[1Gpulling manifest [K
pulling 4cd576d9aa16:  51% ▕█████████         ▏  21 GB/ 42 GB  253 MB/s   1m22s[K[?25h[?2026l[?2026h[?25l[A[1Gpulling manifest [K
pulling 4cd576d9aa16:  51% ▕█████████         ▏  21 GB/ 42 GB  253 MB/s   1m22s[K[?25h[?2026l[?2026h[?25l[A[1Gpulling manifest [K
pulling 4cd576d9aa16:  51% ▕█████████         ▏  21 GB/ 42 GB  253 MB/s   1m22s[K[?25h[?2026l[?2026h[?25l[A[1Gpulling manifest [K
pulling 4cd576d9aa16:  51% ▕█████████         ▏  21 GB/ 42 GB  253 MB/s   1m21s[K[?25h[?2026l[?2026h[?25l[A[1Gpulling manifest [K
pulling 4cd576d9aa16:  51% ▕█████████         ▏  21 GB/ 42 GB  253 MB/s   1m21s[K[?25h[?2026l[?2026h[?25l[A[1Gpulling manifest [K
pulling 4cd576d9aa16:  51% ▕█████████         ▏  21 GB/ 42 GB  253 MB/s   1m21s[K[?25h[?2026l[?2026h[?25l[A[1Gpulling manifest [K
pulling 4cd576d9aa16:  51% ▕█████████         ▏  21 GB/ 42 GB  253 MB/s   1m21s[K[?25h[?2026l[?2026h[?25l[A[1Gpulling manifest [K
pulling 4cd576d9aa16:  51% ▕█████████         ▏  21 GB/ 42 GB  253 MB/s   1m21s[K[?25h[?2026l[?2026h[?25l[A[1Gpulling manifest [K
pulling 4cd576d9aa16:  51% ▕█████████         ▏  21 GB/ 42 GB  253 MB/s   1m21s[K[?25h[?2026l[?2026h[?25l[A[1Gpulling manifest [K
pulling 4cd576d9aa16:  52% ▕█████████         ▏  21 GB/ 42 GB  253 MB/s   1m21s[K[?25h[?2026l[?2026h[?25l[A[1Gpulling manifest [K
pulling 4cd576d9aa16:  52% ▕█████████         ▏  21 GB/ 42 GB  253 MB/s   1m21s[K[?25h[?2026l[?2026h[?25l[A[1Gpulling manifest [K
pulling 4cd576d9aa16:  52% ▕█████████         ▏  21 GB/ 42 GB  253 MB/s   1m21s[K[?25h[?2026l[?2026h[?25l[A[1Gpulling manifest [K
pulling 4cd576d9aa16:  52% ▕█████████         ▏  21 GB/ 42 GB  253 MB/s   1m21s[K[?25h[?2026l[?2026h[?25l[A[1Gpulling manifest [K
pulling 4cd576d9aa16:  52% ▕█████████         ▏  22 GB/ 42 GB  253 MB/s   1m20s[K[?25h[?2026l[?2026h[?25l[A[1Gpulling manifest [K
pulling 4cd576d9aa16:  52% ▕█████████         ▏  22 GB/ 42 GB  253 MB/s   1m20s[K[?25h[?2026l[?2026h[?25l[A[1Gpulling manifest [K
pulling 4cd576d9aa16:  52% ▕█████████         ▏  22 GB/ 42 GB  253 MB/s   1m20s[K[?25h[?2026l[?2026h[?25l[A[1Gpulling manifest [K
pulling 4cd576d9aa16:  52% ▕█████████         ▏  22 GB/ 42 GB  253 MB/s   1m20s[K[?25h[?2026l[?2026h[?25l[A[1Gpulling manifest [K
pulling 4cd576d9aa16:  52% ▕█████████         ▏  22 GB/ 42 GB  253 MB/s   1m20s[K[?25h[?2026l[?2026h[?25l[A[1Gpulling manifest [K
pulling 4cd576d9aa16:  52% ▕█████████         ▏  22 GB/ 42 GB  252 MB/s   1m20s[K[?25h[?2026l[?2026h[?25l[A[1Gpulling manifest [K
pulling 4cd576d9aa16:  52% ▕█████████         ▏  22 GB/ 42 GB  252 MB/s   1m20s[K[?25h[?2026l[?2026h[?25l[A[1Gpulling manifest [K
pulling 4cd576d9aa16:  52% ▕█████████         ▏  22 GB/ 42 GB  252 MB/s   1m20s[K[?25h[?2026l[?2026h[?25l[A[1Gpulling manifest [K
pulling 4cd576d9aa16:  52% ▕█████████         ▏  22 GB/ 42 GB  252 MB/s   1m20s[K[?25h[?2026l[?2026h[?25l[A[1Gpulling manifest [K
pulling 4cd576d9aa16:  52% ▕█████████         ▏  22 GB/ 42 GB  252 MB/s   1m20s[K[?25h[?2026l[?2026h[?25l[A[1Gpulling manifest [K
pulling 4cd576d9aa16:  52% ▕█████████         ▏  22 GB/ 42 GB  252 MB/s   1m20s[K[?25h[?2026l[?2026h[?25l[A[1Gpulling manifest [K
pulling 4cd576d9aa16:  52% ▕█████████         ▏  22 GB/ 42 GB  252 MB/s   1m19s[K[?25h[?2026l[?2026h[?25l[A[1Gpulling manifest [K
pulling 4cd576d9aa16:  52% ▕█████████         ▏  22 GB/ 42 GB  252 MB/s   1m19s[K[?25h[?2026l[?2026h[?25l[A[1Gpulling manifest [K
pulling 4cd576d9aa16:  53% ▕█████████         ▏  22 GB/ 42 GB  252 MB/s   1m19s[K[?25h[?2026l[?2026h[?25l[A[1Gpulling manifest [K
pulling 4cd576d9aa16:  53% ▕█████████         ▏  22 GB/ 42 GB  252 MB/s   1m19s[K[?25h[?2026l[?2026h[?25l[A[1Gpulling manifest [K
pulling 4cd576d9aa16:  53% ▕█████████         ▏  22 GB/ 42 GB  253 MB/s   1m19s[K[?25h[?2026l[?2026h[?25l[A[1Gpulling manifest [K
pulling 4cd576d9aa16:  53% ▕█████████         ▏  22 GB/ 42 GB  253 MB/s   1m19s[K[?25h[?2026l[?2026h[?25l[A[1Gpulling manifest [K
pulling 4cd576d9aa16:  53% ▕█████████         ▏  22 GB/ 42 GB  253 MB/s   1m19s[K[?25h[?2026l[?2026h[?25l[A[1Gpulling manifest [K
pulling 4cd576d9aa16:  53% ▕█████████         ▏  22 GB/ 42 GB  253 MB/s   1m19s[K[?25h[?2026l[?2026h[?25l[A[1Gpulling manifest [K
pulling 4cd576d9aa16:  53% ▕█████████         ▏  22 GB/ 42 GB  253 MB/s   1m19s[K[?25h[?2026l[?2026h[?25l[A[1Gpulling manifest [K
pulling 4cd576d9aa16:  53% ▕█████████         ▏  22 GB/ 42 GB  253 MB/s   1m19s[K[?25h[?2026l[?2026h[?25l[A[1Gpulling manifest [K
pulling 4cd576d9aa16:  53% ▕█████████         ▏  22 GB/ 42 GB  253 MB/s   1m18s[K[?25h[?2026l[?2026h[?25l[A[1Gpulling manifest [K
pulling 4cd576d9aa16:  53% ▕█████████         ▏  22 GB/ 42 GB  253 MB/s   1m18s[K[?25h[?2026l[?2026h[?25l[A[1Gpulling manifest [K
pulling 4cd576d9aa16:  53% ▕█████████         ▏  22 GB/ 42 GB  253 MB/s   1m18s[K[?25h[?2026l[?2026h[?25l[A[1Gpulling manifest [K
pulling 4cd576d9aa16:  53% ▕█████████         ▏  22 GB/ 42 GB  253 MB/s   1m18s[K[?25h[?2026l[?2026h[?25l[A[1Gpulling manifest [K
pulling 4cd576d9aa16:  53% ▕█████████         ▏  22 GB/ 42 GB  253 MB/s   1m18s[K[?25h[?2026l[?2026h[?25l[A[1Gpulling manifest [K
pulling 4cd576d9aa16:  53% ▕█████████         ▏  22 GB/ 42 GB  253 MB/s   1m18s[K[?25h[?2026l[?2026h[?25l[A[1Gpulling manifest [K
pulling 4cd576d9aa16:  53% ▕█████████         ▏  22 GB/ 42 GB  253 MB/s   1m18s[K[?25h[?2026l[?2026h[?25l[A[1Gpulling manifest [K
pulling 4cd576d9aa16:  53% ▕█████████         ▏  22 GB/ 42 GB  253 MB/s   1m18s[K[?25h[?2026l[?2026h[?25l[A[1Gpulling manifest [K
pulling 4cd576d9aa16:  53% ▕█████████         ▏  22 GB/ 42 GB  253 MB/s   1m18s[K[?25h[?2026l[?2026h[?25l[A[1Gpulling manifest [K
pulling 4cd576d9aa16:  54% ▕█████████         ▏  22 GB/ 42 GB  253 MB/s   1m18s[K[?25h[?2026l[?2026h[?25l[A[1Gpulling manifest [K
pulling 4cd576d9aa16:  54% ▕█████████         ▏  22 GB/ 42 GB  253 MB/s   1m17s[K[?25h[?2026l[?2026h[?25l[A[1Gpulling manifest [K
pulling 4cd576d9aa16:  54% ▕█████████         ▏  22 GB/ 42 GB  253 MB/s   1m17s[K[?25h[?2026l[?2026h[?25l[A[1Gpulling manifest [K
pulling 4cd576d9aa16:  54% ▕█████████         ▏  22 GB/ 42 GB  253 MB/s   1m17s[K[?25h[?2026l[?2026h[?25l[A[1Gpulling manifest [K
pulling 4cd576d9aa16:  54% ▕█████████         ▏  22 GB/ 42 GB  253 MB/s   1m17s[K[?25h[?2026l[?2026h[?25l[A[1Gpulling manifest [K
pulling 4cd576d9aa16:  54% ▕█████████         ▏  22 GB/ 42 GB  253 MB/s   1m17s[K[?25h[?2026l[?2026h[?25l[A[1Gpulling manifest [K
pulling 4cd576d9aa16:  54% ▕█████████         ▏  22 GB/ 42 GB  253 MB/s   1m17s[K[?25h[?2026l[?2026h[?25l[A[1Gpulling manifest [K
pulling 4cd576d9aa16:  54% ▕█████████         ▏  22 GB/ 42 GB  253 MB/s   1m17s[K[?25h[?2026l[?2026h[?25l[A[1Gpulling manifest [K
pulling 4cd576d9aa16:  54% ▕█████████         ▏  22 GB/ 42 GB  253 MB/s   1m17s[K[?25h[?2026l[?2026h[?25l[A[1Gpulling manifest [K
pulling 4cd576d9aa16:  54% ▕█████████         ▏  22 GB/ 42 GB  253 MB/s   1m17s[K[?25h[?2026l[?2026h[?25l[A[1Gpulling manifest [K
pulling 4cd576d9aa16:  54% ▕█████████         ▏  23 GB/ 42 GB  253 MB/s   1m17s[K[?25h[?2026l[?2026h[?25l[A[1Gpulling manifest [K
pulling 4cd576d9aa16:  54% ▕█████████         ▏  23 GB/ 42 GB  253 MB/s   1m16s[K[?25h[?2026l[?2026h[?25l[A[1Gpulling manifest [K
pulling 4cd576d9aa16:  54% ▕█████████         ▏  23 GB/ 42 GB  253 MB/s   1m16s[K[?25h[?2026l[?2026h[?25l[A[1Gpulling manifest [K
pulling 4cd576d9aa16:  54% ▕█████████         ▏  23 GB/ 42 GB  253 MB/s   1m16s[K[?25h[?2026l[?2026h[?25l[A[1Gpulling manifest [K
pulling 4cd576d9aa16:  54% ▕█████████         ▏  23 GB/ 42 GB  253 MB/s   1m16s[K[?25h[?2026l[?2026h[?25l[A[1Gpulling manifest [K
pulling 4cd576d9aa16:  54% ▕█████████         ▏  23 GB/ 42 GB  253 MB/s   1m16s[K[?25h[?2026l[?2026h[?25l[A[1Gpulling manifest [K
pulling 4cd576d9aa16:  54% ▕█████████         ▏  23 GB/ 42 GB  253 MB/s   1m16s[K[?25h[?2026l[?2026h[?25l[A[1Gpulling manifest [K
pulling 4cd576d9aa16:  55% ▕█████████         ▏  23 GB/ 42 GB  253 MB/s   1m16s[K[?25h[?2026l[?2026h[?25l[A[1Gpulling manifest [K
pulling 4cd576d9aa16:  55% ▕█████████         ▏  23 GB/ 42 GB  253 MB/s   1m16s[K[?25h[?2026l[?2026h[?25l[A[1Gpulling manifest [K
pulling 4cd576d9aa16:  55% ▕█████████         ▏  23 GB/ 42 GB  253 MB/s   1m16s[K[?25h[?2026l[?2026h[?25l[A[1Gpulling manifest [K
pulling 4cd576d9aa16:  55% ▕█████████         ▏  23 GB/ 42 GB  253 MB/s   1m16s[K[?25h[?2026l[?2026h[?25l[A[1Gpulling manifest [K
pulling 4cd576d9aa16:  55% ▕█████████         ▏  23 GB/ 42 GB  253 MB/s   1m15s[K[?25h[?2026l[?2026h[?25l[A[1Gpulling manifest [K
pulling 4cd576d9aa16:  55% ▕█████████         ▏  23 GB/ 42 GB  253 MB/s   1m15s[K[?25h[?2026l[?2026h[?25l[A[1Gpulling manifest [K
pulling 4cd576d9aa16:  55% ▕█████████         ▏  23 GB/ 42 GB  253 MB/s   1m15s[K[?25h[?2026l[?2026h[?25l[A[1Gpulling manifest [K
pulling 4cd576d9aa16:  55% ▕█████████         ▏  23 GB/ 42 GB  253 MB/s   1m15s[K[?25h[?2026l[?2026h[?25l[A[1Gpulling manifest [K
pulling 4cd576d9aa16:  55% ▕█████████         ▏  23 GB/ 42 GB  253 MB/s   1m15s[K[?25h[?2026l[?2026h[?25l[A[1Gpulling manifest [K
pulling 4cd576d9aa16:  55% ▕█████████         ▏  23 GB/ 42 GB  253 MB/s   1m15s[K[?25h[?2026l[?2026h[?25l[A[1Gpulling manifest [K
pulling 4cd576d9aa16:  55% ▕█████████         ▏  23 GB/ 42 GB  253 MB/s   1m15s[K[?25h[?2026l[?2026h[?25l[A[1Gpulling manifest [K
pulling 4cd576d9aa16:  55% ▕█████████         ▏  23 GB/ 42 GB  253 MB/s   1m15s[K[?25h[?2026l[?2026h[?25l[A[1Gpulling manifest [K
pulling 4cd576d9aa16:  55% ▕█████████         ▏  23 GB/ 42 GB  253 MB/s   1m15s[K[?25h[?2026l[?2026h[?25l[A[1Gpulling manifest [K
pulling 4cd576d9aa16:  55% ▕█████████         ▏  23 GB/ 42 GB  253 MB/s   1m15s[K[?25h[?2026l[?2026h[?25l[A[1Gpulling manifest [K
pulling 4cd576d9aa16:  55% ▕█████████         ▏  23 GB/ 42 GB  253 MB/s   1m15s[K[?25h[?2026l[?2026h[?25l[A[1Gpulling manifest [K
pulling 4cd576d9aa16:  55% ▕█████████         ▏  23 GB/ 42 GB  253 MB/s   1m14s[K[?25h[?2026l[?2026h[?25l[A[1Gpulling manifest [K
pulling 4cd576d9aa16:  55% ▕█████████         ▏  23 GB/ 42 GB  253 MB/s   1m14s[K[?25h[?2026l[?2026h[?25l[A[1Gpulling manifest [K
pulling 4cd576d9aa16:  56% ▕█████████         ▏  23 GB/ 42 GB  253 MB/s   1m14s[K[?25h[?2026l[?2026h[?25l[A[1Gpulling manifest [K
pulling 4cd576d9aa16:  56% ▕██████████        ▏  23 GB/ 42 GB  253 MB/s   1m14s[K[?25h[?2026l[?2026h[?25l[A[1Gpulling manifest [K
pulling 4cd576d9aa16:  56% ▕██████████        ▏  23 GB/ 42 GB  253 MB/s   1m14s[K[?25h[?2026l[?2026h[?25l[A[1Gpulling manifest [K
pulling 4cd576d9aa16:  56% ▕██████████        ▏  23 GB/ 42 GB  253 MB/s   1m14s[K[?25h[?2026l[?2026h[?25l[A[1Gpulling manifest [K
pulling 4cd576d9aa16:  56% ▕██████████        ▏  23 GB/ 42 GB  253 MB/s   1m14s[K[?25h[?2026l[?2026h[?25l[A[1Gpulling manifest [K
pulling 4cd576d9aa16:  56% ▕██████████        ▏  23 GB/ 42 GB  253 MB/s   1m14s[K[?25h[?2026l[?2026h[?25l[A[1Gpulling manifest [K
pulling 4cd576d9aa16:  56% ▕██████████        ▏  23 GB/ 42 GB  253 MB/s   1m14s[K[?25h[?2026l[?2026h[?25l[A[1Gpulling manifest [K
pulling 4cd576d9aa16:  56% ▕██████████        ▏  23 GB/ 42 GB  253 MB/s   1m13s[K[?25h[?2026l[?2026h[?25l[A[1Gpulling manifest [K
pulling 4cd576d9aa16:  56% ▕██████████        ▏  23 GB/ 42 GB  253 MB/s   1m13s[K[?25h[?2026l[?2026h[?25l[A[1Gpulling manifest [K
pulling 4cd576d9aa16:  56% ▕██████████        ▏  23 GB/ 42 GB  253 MB/s   1m13s[K[?25h[?2026l[?2026h[?25l[A[1Gpulling manifest [K
pulling 4cd576d9aa16:  56% ▕██████████        ▏  23 GB/ 42 GB  253 MB/s   1m13s[K[?25h[?2026l[?2026h[?25l[A[1Gpulling manifest [K
pulling 4cd576d9aa16:  56% ▕██████████        ▏  23 GB/ 42 GB  253 MB/s   1m13s[K[?25h[?2026l[?2026h[?25l[A[1Gpulling manifest [K
pulling 4cd576d9aa16:  56% ▕██████████        ▏  23 GB/ 42 GB  253 MB/s   1m13s[K[?25h[?2026l[?2026h[?25l[A[1Gpulling manifest [K
pulling 4cd576d9aa16:  56% ▕██████████        ▏  23 GB/ 42 GB  253 MB/s   1m13s[K[?25h[?2026l[?2026h[?25l[A[1Gpulling manifest [K
pulling 4cd576d9aa16:  56% ▕██████████        ▏  23 GB/ 42 GB  253 MB/s   1m13s[K[?25h[?2026l[?2026h[?25l[A[1Gpulling manifest [K
pulling 4cd576d9aa16:  56% ▕██████████        ▏  23 GB/ 42 GB  253 MB/s   1m13s[K[?25h[?2026l[?2026h[?25l[A[1Gpulling manifest [K
pulling 4cd576d9aa16:  56% ▕██████████        ▏  24 GB/ 42 GB  253 MB/s   1m13s[K[?25h[?2026l[?2026h[?25l[A[1Gpulling manifest [K
pulling 4cd576d9aa16:  57% ▕██████████        ▏  24 GB/ 42 GB  253 MB/s   1m13s[K[?25h[?2026l[?2026h[?25l[A[1Gpulling manifest [K
pulling 4cd576d9aa16:  57% ▕██████████        ▏  24 GB/ 42 GB  253 MB/s   1m12s[K[?25h[?2026l[?2026h[?25l[A[1Gpulling manifest [K
pulling 4cd576d9aa16:  57% ▕██████████        ▏  24 GB/ 42 GB  253 MB/s   1m12s[K[?25h[?2026l[?2026h[?25l[A[1Gpulling manifest [K
pulling 4cd576d9aa16:  57% ▕██████████        ▏  24 GB/ 42 GB  253 MB/s   1m12s[K[?25h[?2026l[?2026h[?25l[A[1Gpulling manifest [K
pulling 4cd576d9aa16:  57% ▕██████████        ▏  24 GB/ 42 GB  253 MB/s   1m12s[K[?25h[?2026l[?2026h[?25l[A[1Gpulling manifest [K
pulling 4cd576d9aa16:  57% ▕██████████        ▏  24 GB/ 42 GB  253 MB/s   1m12s[K[?25h[?2026l[?2026h[?25l[A[1Gpulling manifest [K
pulling 4cd576d9aa16:  57% ▕██████████        ▏  24 GB/ 42 GB  253 MB/s   1m12s[K[?25h[?2026l[?2026h[?25l[A[1Gpulling manifest [K
pulling 4cd576d9aa16:  57% ▕██████████        ▏  24 GB/ 42 GB  253 MB/s   1m12s[K[?25h[?2026l[?2026h[?25l[A[1Gpulling manifest [K
pulling 4cd576d9aa16:  57% ▕██████████        ▏  24 GB/ 42 GB  253 MB/s   1m12s[K[?25h[?2026l[?2026h[?25l[A[1Gpulling manifest [K
pulling 4cd576d9aa16:  57% ▕██████████        ▏  24 GB/ 42 GB  253 MB/s   1m12s[K[?25h[?2026l[?2026h[?25l[A[1Gpulling manifest [K
pulling 4cd576d9aa16:  57% ▕██████████        ▏  24 GB/ 42 GB  253 MB/s   1m12s[K[?25h[?2026l[?2026h[?25l[A[1Gpulling manifest [K
pulling 4cd576d9aa16:  57% ▕██████████        ▏  24 GB/ 42 GB  253 MB/s   1m11s[K[?25h[?2026l[?2026h[?25l[A[1Gpulling manifest [K
pulling 4cd576d9aa16:  57% ▕██████████        ▏  24 GB/ 42 GB  253 MB/s   1m11s[K[?25h[?2026l[?2026h[?25l[A[1Gpulling manifest [K
pulling 4cd576d9aa16:  57% ▕██████████        ▏  24 GB/ 42 GB  253 MB/s   1m11s[K[?25h[?2026l[?2026h[?25l[A[1Gpulling manifest [K
pulling 4cd576d9aa16:  57% ▕██████████        ▏  24 GB/ 42 GB  253 MB/s   1m11s[K[?25h[?2026l[?2026h[?25l[A[1Gpulling manifest [K
pulling 4cd576d9aa16:  57% ▕██████████        ▏  24 GB/ 42 GB  253 MB/s   1m11s[K[?25h[?2026l[?2026h[?25l[A[1Gpulling manifest [K
pulling 4cd576d9aa16:  57% ▕██████████        ▏  24 GB/ 42 GB  253 MB/s   1m11s[K[?25h[?2026l[?2026h[?25l[A[1Gpulling manifest [K
pulling 4cd576d9aa16:  58% ▕██████████        ▏  24 GB/ 42 GB  253 MB/s   1m11s[K[?25h[?2026l[?2026h[?25l[A[1Gpulling manifest [K
pulling 4cd576d9aa16:  58% ▕██████████        ▏  24 GB/ 42 GB  253 MB/s   1m11s[K[?25h[?2026l[?2026h[?25l[A[1Gpulling manifest [K
pulling 4cd576d9aa16:  58% ▕██████████        ▏  24 GB/ 42 GB  253 MB/s   1m11s[K[?25h[?2026l[?2026h[?25l[A[1Gpulling manifest [K
pulling 4cd576d9aa16:  58% ▕██████████        ▏  24 GB/ 42 GB  253 MB/s   1m11s[K[?25h[?2026l[?2026h[?25l[A[1Gpulling manifest [K
pulling 4cd576d9aa16:  58% ▕██████████        ▏  24 GB/ 42 GB  253 MB/s   1m10s[K[?25h[?2026l[?2026h[?25l[A[1Gpulling manifest [K
pulling 4cd576d9aa16:  58% ▕██████████        ▏  24 GB/ 42 GB  253 MB/s   1m10s[K[?25h[?2026l[?2026h[?25l[A[1Gpulling manifest [K
pulling 4cd576d9aa16:  58% ▕██████████        ▏  24 GB/ 42 GB  253 MB/s   1m10s[K[?25h[?2026l[?2026h[?25l[A[1Gpulling manifest [K
pulling 4cd576d9aa16:  58% ▕██████████        ▏  24 GB/ 42 GB  253 MB/s   1m10s[K[?25h[?2026l[?2026h[?25l[A[1Gpulling manifest [K
pulling 4cd576d9aa16:  58% ▕██████████        ▏  24 GB/ 42 GB  253 MB/s   1m10s[K[?25h[?2026l[?2026h[?25l[A[1Gpulling manifest [K
pulling 4cd576d9aa16:  58% ▕██████████        ▏  24 GB/ 42 GB  253 MB/s   1m10s[K[?25h[?2026l[?2026h[?25l[A[1Gpulling manifest [K
pulling 4cd576d9aa16:  58% ▕██████████        ▏  24 GB/ 42 GB  253 MB/s   1m10s[K[?25h[?2026l[?2026h[?25l[A[1Gpulling manifest [K
pulling 4cd576d9aa16:  58% ▕██████████        ▏  24 GB/ 42 GB  253 MB/s   1m10s[K[?25h[?2026l[?2026h[?25l[A[1Gpulling manifest [K
pulling 4cd576d9aa16:  58% ▕██████████        ▏  24 GB/ 42 GB  253 MB/s   1m10s[K[?25h[?2026l[?2026h[?25l[A[1Gpulling manifest [K
pulling 4cd576d9aa16:  58% ▕██████████        ▏  24 GB/ 42 GB  253 MB/s   1m10s[K[?25h[?2026l[?2026h[?25l[A[1Gpulling manifest [K
pulling 4cd576d9aa16:  58% ▕██████████        ▏  24 GB/ 42 GB  253 MB/s   1m10s[K[?25h[?2026l[?2026h[?25l[A[1Gpulling manifest [K
pulling 4cd576d9aa16:  58% ▕██████████        ▏  24 GB/ 42 GB  253 MB/s    1m9s[K[?25h[?2026l[?2026h[?25l[A[1Gpulling manifest [K
pulling 4cd576d9aa16:  58% ▕██████████        ▏  24 GB/ 42 GB  253 MB/s    1m9s[K[?25h[?2026l[?2026h[?25l[A[1Gpulling manifest [K
pulling 4cd576d9aa16:  58% ▕██████████        ▏  24 GB/ 42 GB  253 MB/s    1m9s[K[?25h[?2026l[?2026h[?25l[A[1Gpulling manifest [K
pulling 4cd576d9aa16:  59% ▕██████████        ▏  24 GB/ 42 GB  253 MB/s    1m9s[K[?25h[?2026l[?2026h[?25l[A[1Gpulling manifest [K
pulling 4cd576d9aa16:  59% ▕██████████        ▏  24 GB/ 42 GB  253 MB/s    1m9s[K[?25h[?2026l[?2026h[?25l[A[1Gpulling manifest [K
pulling 4cd576d9aa16:  59% ▕██████████        ▏  24 GB/ 42 GB  253 MB/s    1m9s[K[?25h[?2026l[?2026h[?25l[A[1Gpulling manifest [K
pulling 4cd576d9aa16:  59% ▕██████████        ▏  24 GB/ 42 GB  253 MB/s    1m9s[K[?25h[?2026l[?2026h[?25l[A[1Gpulling manifest [K
pulling 4cd576d9aa16:  59% ▕██████████        ▏  25 GB/ 42 GB  253 MB/s    1m9s[K[?25h[?2026l[?2026h[?25l[A[1Gpulling manifest [K
pulling 4cd576d9aa16:  59% ▕██████████        ▏  25 GB/ 42 GB  253 MB/s    1m9s[K[?25h[?2026l[?2026h[?25l[A[1Gpulling manifest [K
pulling 4cd576d9aa16:  59% ▕██████████        ▏  25 GB/ 42 GB  253 MB/s    1m9s[K[?25h[?2026l[?2026h[?25l[A[1Gpulling manifest [K
pulling 4cd576d9aa16:  59% ▕██████████        ▏  25 GB/ 42 GB  253 MB/s    1m8s[K[?25h[?2026l[?2026h[?25l[A[1Gpulling manifest [K
pulling 4cd576d9aa16:  59% ▕██████████        ▏  25 GB/ 42 GB  253 MB/s    1m8s[K[?25h[?2026l[?2026h[?25l[A[1Gpulling manifest [K
pulling 4cd576d9aa16:  59% ▕██████████        ▏  25 GB/ 42 GB  253 MB/s    1m8s[K[?25h[?2026l[?2026h[?25l[A[1Gpulling manifest [K
pulling 4cd576d9aa16:  59% ▕██████████        ▏  25 GB/ 42 GB  253 MB/s    1m8s[K[?25h[?2026l[?2026h[?25l[A[1Gpulling manifest [K
pulling 4cd576d9aa16:  59% ▕██████████        ▏  25 GB/ 42 GB  253 MB/s    1m8s[K[?25h[?2026l[?2026h[?25l[A[1Gpulling manifest [K
pulling 4cd576d9aa16:  59% ▕██████████        ▏  25 GB/ 42 GB  253 MB/s    1m8s[K[?25h[?2026l[?2026h[?25l[A[1Gpulling manifest [K
pulling 4cd576d9aa16:  59% ▕██████████        ▏  25 GB/ 42 GB  253 MB/s    1m8s[K[?25h[?2026l[?2026h[?25l[A[1Gpulling manifest [K
pulling 4cd576d9aa16:  59% ▕██████████        ▏  25 GB/ 42 GB  253 MB/s    1m8s[K[?25h[?2026l[?2026h[?25l[A[1Gpulling manifest [K
pulling 4cd576d9aa16:  59% ▕██████████        ▏  25 GB/ 42 GB  253 MB/s    1m8s[K[?25h[?2026l[?2026h[?25l[A[1Gpulling manifest [K
pulling 4cd576d9aa16:  60% ▕██████████        ▏  25 GB/ 42 GB  253 MB/s    1m8s[K[?25h[?2026l[?2026h[?25l[A[1Gpulling manifest [K
pulling 4cd576d9aa16:  60% ▕██████████        ▏  25 GB/ 42 GB  253 MB/s    1m7s[K[?25h[?2026l[?2026h[?25l[A[1Gpulling manifest [K
pulling 4cd576d9aa16:  60% ▕██████████        ▏  25 GB/ 42 GB  253 MB/s    1m7s[K[?25h[?2026l[?2026h[?25l[A[1Gpulling manifest [K
pulling 4cd576d9aa16:  60% ▕██████████        ▏  25 GB/ 42 GB  253 MB/s    1m7s[K[?25h[?2026l[?2026h[?25l[A[1Gpulling manifest [K
pulling 4cd576d9aa16:  60% ▕██████████        ▏  25 GB/ 42 GB  253 MB/s    1m7s[K[?25h[?2026l[?2026h[?25l[A[1Gpulling manifest [K
pulling 4cd576d9aa16:  60% ▕██████████        ▏  25 GB/ 42 GB  253 MB/s    1m7s[K[?25h[?2026l[?2026h[?25l[A[1Gpulling manifest [K
pulling 4cd576d9aa16:  60% ▕██████████        ▏  25 GB/ 42 GB  253 MB/s    1m7s[K[?25h[?2026l[?2026h[?25l[A[1Gpulling manifest [K
pulling 4cd576d9aa16:  60% ▕██████████        ▏  25 GB/ 42 GB  253 MB/s    1m7s[K[?25h[?2026l[?2026h[?25l[A[1Gpulling manifest [K
pulling 4cd576d9aa16:  60% ▕██████████        ▏  25 GB/ 42 GB  253 MB/s    1m7s[K[?25h[?2026l[?2026h[?25l[A[1Gpulling manifest [K
pulling 4cd576d9aa16:  60% ▕██████████        ▏  25 GB/ 42 GB  253 MB/s    1m7s[K[?25h[?2026l[?2026h[?25l[A[1Gpulling manifest [K
pulling 4cd576d9aa16:  60% ▕██████████        ▏  25 GB/ 42 GB  253 MB/s    1m7s[K[?25h[?2026l[?2026h[?25l[A[1Gpulling manifest [K
pulling 4cd576d9aa16:  60% ▕██████████        ▏  25 GB/ 42 GB  253 MB/s    1m6s[K[?25h[?2026l[?2026h[?25l[A[1Gpulling manifest [K
pulling 4cd576d9aa16:  60% ▕██████████        ▏  25 GB/ 42 GB  253 MB/s    1m6s[K[?25h[?2026l[?2026h[?25l[A[1Gpulling manifest [K
pulling 4cd576d9aa16:  60% ▕██████████        ▏  25 GB/ 42 GB  253 MB/s    1m6s[K[?25h[?2026l[?2026h[?25l[A[1Gpulling manifest [K
pulling 4cd576d9aa16:  60% ▕██████████        ▏  25 GB/ 42 GB  253 MB/s    1m6s[K[?25h[?2026l[?2026h[?25l[A[1Gpulling manifest [K
pulling 4cd576d9aa16:  60% ▕██████████        ▏  25 GB/ 42 GB  253 MB/s    1m6s[K[?25h[?2026l[?2026h[?25l[A[1Gpulling manifest [K
pulling 4cd576d9aa16:  60% ▕██████████        ▏  25 GB/ 42 GB  253 MB/s    1m6s[K[?25h[?2026l[?2026h[?25l[A[1Gpulling manifest [K
pulling 4cd576d9aa16:  60% ▕██████████        ▏  25 GB/ 42 GB  253 MB/s    1m6s[K[?25h[?2026l[?2026h[?25l[A[1Gpulling manifest [K
pulling 4cd576d9aa16:  61% ▕██████████        ▏  25 GB/ 42 GB  253 MB/s    1m6s[K[?25h[?2026l[?2026h[?25l[A[1Gpulling manifest [K
pulling 4cd576d9aa16:  61% ▕██████████        ▏  25 GB/ 42 GB  253 MB/s    1m6s[K[?25h[?2026l[?2026h[?25l[A[1Gpulling manifest [K
pulling 4cd576d9aa16:  61% ▕██████████        ▏  25 GB/ 42 GB  253 MB/s    1m6s[K[?25h[?2026l[?2026h[?25l[A[1Gpulling manifest [K
pulling 4cd576d9aa16:  61% ▕██████████        ▏  25 GB/ 42 GB  253 MB/s    1m5s[K[?25h[?2026l[?2026h[?25l[A[1Gpulling manifest [K
pulling 4cd576d9aa16:  61% ▕██████████        ▏  25 GB/ 42 GB  253 MB/s    1m5s[K[?25h[?2026l[?2026h[?25l[A[1Gpulling manifest [K
pulling 4cd576d9aa16:  61% ▕██████████        ▏  25 GB/ 42 GB  253 MB/s    1m5s[K[?25h[?2026l[?2026h[?25l[A[1Gpulling manifest [K
pulling 4cd576d9aa16:  61% ▕██████████        ▏  25 GB/ 42 GB  253 MB/s    1m5s[K[?25h[?2026l[?2026h[?25l[A[1Gpulling manifest [K
pulling 4cd576d9aa16:  61% ▕██████████        ▏  25 GB/ 42 GB  253 MB/s    1m5s[K[?25h[?2026l[?2026h[?25l[A[1Gpulling manifest [K
pulling 4cd576d9aa16:  61% ▕██████████        ▏  25 GB/ 42 GB  253 MB/s    1m5s[K[?25h[?2026l[?2026h[?25l[A[1Gpulling manifest [K
pulling 4cd576d9aa16:  61% ▕██████████        ▏  25 GB/ 42 GB  253 MB/s    1m5s[K[?25h[?2026l[?2026h[?25l[A[1Gpulling manifest [K
pulling 4cd576d9aa16:  61% ▕███████████       ▏  25 GB/ 42 GB  253 MB/s    1m5s[K[?25h[?2026l[?2026h[?25l[A[1Gpulling manifest [K
pulling 4cd576d9aa16:  61% ▕███████████       ▏  26 GB/ 42 GB  253 MB/s    1m5s[K[?25h[?2026l[?2026h[?25l[A[1Gpulling manifest [K
pulling 4cd576d9aa16:  61% ▕███████████       ▏  26 GB/ 42 GB  253 MB/s    1m5s[K[?25h[?2026l[?2026h[?25l[A[1Gpulling manifest [K
pulling 4cd576d9aa16:  61% ▕███████████       ▏  26 GB/ 42 GB  253 MB/s    1m5s[K[?25h[?2026l[?2026h[?25l[A[1Gpulling manifest [K
pulling 4cd576d9aa16:  61% ▕███████████       ▏  26 GB/ 42 GB  253 MB/s    1m4s[K[?25h[?2026l[?2026h[?25l[A[1Gpulling manifest [K
pulling 4cd576d9aa16:  61% ▕███████████       ▏  26 GB/ 42 GB  253 MB/s    1m4s[K[?25h[?2026l[?2026h[?25l[A[1Gpulling manifest [K
pulling 4cd576d9aa16:  61% ▕███████████       ▏  26 GB/ 42 GB  253 MB/s    1m4s[K[?25h[?2026l[?2026h[?25l[A[1Gpulling manifest [K
pulling 4cd576d9aa16:  62% ▕███████████       ▏  26 GB/ 42 GB  253 MB/s    1m4s[K[?25h[?2026l[?2026h[?25l[A[1Gpulling manifest [K
pulling 4cd576d9aa16:  62% ▕███████████       ▏  26 GB/ 42 GB  253 MB/s    1m4s[K[?25h[?2026l[?2026h[?25l[A[1Gpulling manifest [K
pulling 4cd576d9aa16:  62% ▕███████████       ▏  26 GB/ 42 GB  253 MB/s    1m4s[K[?25h[?2026l[?2026h[?25l[A[1Gpulling manifest [K
pulling 4cd576d9aa16:  62% ▕███████████       ▏  26 GB/ 42 GB  253 MB/s    1m4s[K[?25h[?2026l[?2026h[?25l[A[1Gpulling manifest [K
pulling 4cd576d9aa16:  62% ▕███████████       ▏  26 GB/ 42 GB  253 MB/s    1m4s[K[?25h[?2026l[?2026h[?25l[A[1Gpulling manifest [K
pulling 4cd576d9aa16:  62% ▕███████████       ▏  26 GB/ 42 GB  253 MB/s    1m4s[K[?25h[?2026l[?2026h[?25l[A[1Gpulling manifest [K
pulling 4cd576d9aa16:  62% ▕███████████       ▏  26 GB/ 42 GB  253 MB/s    1m4s[K[?25h[?2026l[?2026h[?25l[A[1Gpulling manifest [K
pulling 4cd576d9aa16:  62% ▕███████████       ▏  26 GB/ 42 GB  253 MB/s    1m3s[K[?25h[?2026l[?2026h[?25l[A[1Gpulling manifest [K
pulling 4cd576d9aa16:  62% ▕███████████       ▏  26 GB/ 42 GB  253 MB/s    1m3s[K[?25h[?2026l[?2026h[?25l[A[1Gpulling manifest [K
pulling 4cd576d9aa16:  62% ▕███████████       ▏  26 GB/ 42 GB  253 MB/s    1m3s[K[?25h[?2026l[?2026h[?25l[A[1Gpulling manifest [K
pulling 4cd576d9aa16:  62% ▕███████████       ▏  26 GB/ 42 GB  253 MB/s    1m3s[K[?25h[?2026l[?2026h[?25l[A[1Gpulling manifest [K
pulling 4cd576d9aa16:  62% ▕███████████       ▏  26 GB/ 42 GB  253 MB/s    1m3s[K[?25h[?2026l[?2026h[?25l[A[1Gpulling manifest [K
pulling 4cd576d9aa16:  62% ▕███████████       ▏  26 GB/ 42 GB  253 MB/s    1m3s[K[?25h[?2026l[?2026h[?25l[A[1Gpulling manifest [K
pulling 4cd576d9aa16:  62% ▕███████████       ▏  26 GB/ 42 GB  253 MB/s    1m3s[K[?25h[?2026l[?2026h[?25l[A[1Gpulling manifest [K
pulling 4cd576d9aa16:  62% ▕███████████       ▏  26 GB/ 42 GB  253 MB/s    1m3s[K[?25h[?2026l[?2026h[?25l[A[1Gpulling manifest [K
pulling 4cd576d9aa16:  62% ▕███████████       ▏  26 GB/ 42 GB  253 MB/s    1m3s[K[?25h[?2026l[?2026h[?25l[A[1Gpulling manifest [K
pulling 4cd576d9aa16:  62% ▕███████████       ▏  26 GB/ 42 GB  253 MB/s    1m3s[K[?25h[?2026l[?2026h[?25l[A[1Gpulling manifest [K
pulling 4cd576d9aa16:  63% ▕███████████       ▏  26 GB/ 42 GB  253 MB/s    1m2s[K[?25h[?2026l[?2026h[?25l[A[1Gpulling manifest [K
pulling 4cd576d9aa16:  63% ▕███████████       ▏  26 GB/ 42 GB  253 MB/s    1m2s[K[?25h[?2026l[?2026h[?25l[A[1Gpulling manifest [K
pulling 4cd576d9aa16:  63% ▕███████████       ▏  26 GB/ 42 GB  253 MB/s    1m2s[K[?25h[?2026l[?2026h[?25l[A[1Gpulling manifest [K
pulling 4cd576d9aa16:  63% ▕███████████       ▏  26 GB/ 42 GB  253 MB/s    1m2s[K[?25h[?2026l[?2026h[?25l[A[1Gpulling manifest [K
pulling 4cd576d9aa16:  63% ▕███████████       ▏  26 GB/ 42 GB  253 MB/s    1m2s[K[?25h[?2026l[?2026h[?25l[A[1Gpulling manifest [K
pulling 4cd576d9aa16:  63% ▕███████████       ▏  26 GB/ 42 GB  253 MB/s    1m2s[K[?25h[?2026l[?2026h[?25l[A[1Gpulling manifest [K
pulling 4cd576d9aa16:  63% ▕███████████       ▏  26 GB/ 42 GB  253 MB/s    1m2s[K[?25h[?2026l[?2026h[?25l[A[1Gpulling manifest [K
pulling 4cd576d9aa16:  63% ▕███████████       ▏  26 GB/ 42 GB  253 MB/s    1m2s[K[?25h[?2026l[?2026h[?25l[A[1Gpulling manifest [K
pulling 4cd576d9aa16:  63% ▕███████████       ▏  26 GB/ 42 GB  253 MB/s    1m2s[K[?25h[?2026l[?2026h[?25l[A[1Gpulling manifest [K
pulling 4cd576d9aa16:  63% ▕███████████       ▏  26 GB/ 42 GB  253 MB/s    1m2s[K[?25h[?2026l[?2026h[?25l[A[1Gpulling manifest [K
pulling 4cd576d9aa16:  63% ▕███████████       ▏  26 GB/ 42 GB  253 MB/s    1m1s[K[?25h[?2026l[?2026h[?25l[A[1Gpulling manifest [K
pulling 4cd576d9aa16:  63% ▕███████████       ▏  26 GB/ 42 GB  253 MB/s    1m1s[K[?25h[?2026l[?2026h[?25l[A[1Gpulling manifest [K
pulling 4cd576d9aa16:  63% ▕███████████       ▏  26 GB/ 42 GB  253 MB/s    1m1s[K[?25h[?2026l[?2026h[?25l[A[1Gpulling manifest [K
pulling 4cd576d9aa16:  63% ▕███████████       ▏  26 GB/ 42 GB  253 MB/s    1m1s[K[?25h[?2026l[?2026h[?25l[A[1Gpulling manifest [K
pulling 4cd576d9aa16:  63% ▕███████████       ▏  26 GB/ 42 GB  253 MB/s    1m1s[K[?25h[?2026l[?2026h[?25l[A[1Gpulling manifest [K
pulling 4cd576d9aa16:  63% ▕███████████       ▏  26 GB/ 42 GB  253 MB/s    1m1s[K[?25h[?2026l[?2026h[?25l[A[1Gpulling manifest [K
pulling 4cd576d9aa16:  63% ▕███████████       ▏  26 GB/ 42 GB  253 MB/s    1m1s[K[?25h[?2026l[?2026h[?25l[A[1Gpulling manifest [K
pulling 4cd576d9aa16:  64% ▕███████████       ▏  27 GB/ 42 GB  253 MB/s    1m1s[K[?25h[?2026l[?2026h[?25l[A[1Gpulling manifest [K
pulling 4cd576d9aa16:  64% ▕███████████       ▏  27 GB/ 42 GB  253 MB/s    1m1s[K[?25h[?2026l[?2026h[?25l[A[1Gpulling manifest [K
pulling 4cd576d9aa16:  64% ▕███████████       ▏  27 GB/ 42 GB  253 MB/s    1m1s[K[?25h[?2026l[?2026h[?25l[A[1Gpulling manifest [K
pulling 4cd576d9aa16:  64% ▕███████████       ▏  27 GB/ 42 GB  253 MB/s    1m0s[K[?25h[?2026l[?2026h[?25l[A[1Gpulling manifest [K
pulling 4cd576d9aa16:  64% ▕███████████       ▏  27 GB/ 42 GB  253 MB/s    1m0s[K[?25h[?2026l[?2026h[?25l[A[1Gpulling manifest [K
pulling 4cd576d9aa16:  64% ▕███████████       ▏  27 GB/ 42 GB  253 MB/s    1m0s[K[?25h[?2026l[?2026h[?25l[A[1Gpulling manifest [K
pulling 4cd576d9aa16:  64% ▕███████████       ▏  27 GB/ 42 GB  253 MB/s    1m0s[K[?25h[?2026l[?2026h[?25l[A[1Gpulling manifest [K
pulling 4cd576d9aa16:  64% ▕███████████       ▏  27 GB/ 42 GB  253 MB/s    1m0s[K[?25h[?2026l[?2026h[?25l[A[1Gpulling manifest [K
pulling 4cd576d9aa16:  64% ▕███████████       ▏  27 GB/ 42 GB  252 MB/s    1m0s[K[?25h[?2026l[?2026h[?25l[A[1Gpulling manifest [K
pulling 4cd576d9aa16:  64% ▕███████████       ▏  27 GB/ 42 GB  252 MB/s    1m0s[K[?25h[?2026l[?2026h[?25l[A[1Gpulling manifest [K
pulling 4cd576d9aa16:  64% ▕███████████       ▏  27 GB/ 42 GB  252 MB/s    1m0s[K[?25h[?2026l[?2026h[?25l[A[1Gpulling manifest [K
pulling 4cd576d9aa16:  64% ▕███████████       ▏  27 GB/ 42 GB  252 MB/s    1m0s[K[?25h[?2026l[?2026h[?25l[A[1Gpulling manifest [K
pulling 4cd576d9aa16:  64% ▕███████████       ▏  27 GB/ 42 GB  252 MB/s    1m0s[K[?25h[?2026l[?2026h[?25l[A[1Gpulling manifest [K
pulling 4cd576d9aa16:  64% ▕███████████       ▏  27 GB/ 42 GB  252 MB/s    1m0s[K[?25h[?2026l[?2026h[?25l[A[1Gpulling manifest [K
pulling 4cd576d9aa16:  64% ▕███████████       ▏  27 GB/ 42 GB  252 MB/s     59s[K[?25h[?2026l[?2026h[?25l[A[1Gpulling manifest [K
pulling 4cd576d9aa16:  64% ▕███████████       ▏  27 GB/ 42 GB  252 MB/s     59s[K[?25h[?2026l[?2026h[?25l[A[1Gpulling manifest [K
pulling 4cd576d9aa16:  64% ▕███████████       ▏  27 GB/ 42 GB  252 MB/s     59s[K[?25h[?2026l[?2026h[?25l[A[1Gpulling manifest [K
pulling 4cd576d9aa16:  65% ▕███████████       ▏  27 GB/ 42 GB  252 MB/s     59s[K[?25h[?2026l[?2026h[?25l[A[1Gpulling manifest [K
pulling 4cd576d9aa16:  65% ▕███████████       ▏  27 GB/ 42 GB  253 MB/s     59s[K[?25h[?2026l[?2026h[?25l[A[1Gpulling manifest [K
pulling 4cd576d9aa16:  65% ▕███████████       ▏  27 GB/ 42 GB  253 MB/s     59s[K[?25h[?2026l[?2026h[?25l[A[1Gpulling manifest [K
pulling 4cd576d9aa16:  65% ▕███████████       ▏  27 GB/ 42 GB  253 MB/s     59s[K[?25h[?2026l[?2026h[?25l[A[1Gpulling manifest [K
pulling 4cd576d9aa16:  65% ▕███████████       ▏  27 GB/ 42 GB  253 MB/s     59s[K[?25h[?2026l[?2026h[?25l[A[1Gpulling manifest [K
pulling 4cd576d9aa16:  65% ▕███████████       ▏  27 GB/ 42 GB  253 MB/s     59s[K[?25h[?2026l[?2026h[?25l[A[1Gpulling manifest [K
pulling 4cd576d9aa16:  65% ▕███████████       ▏  27 GB/ 42 GB  253 MB/s     59s[K[?25h[?2026l[?2026h[?25l[A[1Gpulling manifest [K
pulling 4cd576d9aa16:  65% ▕███████████       ▏  27 GB/ 42 GB  253 MB/s     58s[K[?25h[?2026l[?2026h[?25l[A[1Gpulling manifest [K
pulling 4cd576d9aa16:  65% ▕███████████       ▏  27 GB/ 42 GB  253 MB/s     58s[K[?25h[?2026l[?2026h[?25l[A[1Gpulling manifest [K
pulling 4cd576d9aa16:  65% ▕███████████       ▏  27 GB/ 42 GB  253 MB/s     58s[K[?25h[?2026l[?2026h[?25l[A[1Gpulling manifest [K
pulling 4cd576d9aa16:  65% ▕███████████       ▏  27 GB/ 42 GB  253 MB/s     58s[K[?25h[?2026l[?2026h[?25l[A[1Gpulling manifest [K
pulling 4cd576d9aa16:  65% ▕███████████       ▏  27 GB/ 42 GB  253 MB/s     58s[K[?25h[?2026l[?2026h[?25l[A[1Gpulling manifest [K
pulling 4cd576d9aa16:  65% ▕███████████       ▏  27 GB/ 42 GB  253 MB/s     58s[K[?25h[?2026l[?2026h[?25l[A[1Gpulling manifest [K
pulling 4cd576d9aa16:  65% ▕███████████       ▏  27 GB/ 42 GB  253 MB/s     58s[K[?25h[?2026l[?2026h[?25l[A[1Gpulling manifest [K
pulling 4cd576d9aa16:  65% ▕███████████       ▏  27 GB/ 42 GB  253 MB/s     58s[K[?25h[?2026l[?2026h[?25l[A[1Gpulling manifest [K
pulling 4cd576d9aa16:  65% ▕███████████       ▏  27 GB/ 42 GB  253 MB/s     58s[K[?25h[?2026l[?2026h[?25l[A[1Gpulling manifest [K
pulling 4cd576d9aa16:  65% ▕███████████       ▏  27 GB/ 42 GB  253 MB/s     58s[K[?25h[?2026l[?2026h[?25l[A[1Gpulling manifest [K
pulling 4cd576d9aa16:  65% ▕███████████       ▏  27 GB/ 42 GB  253 MB/s     57s[K[?25h[?2026l[?2026h[?25l[A[1Gpulling manifest [K
pulling 4cd576d9aa16:  66% ▕███████████       ▏  27 GB/ 42 GB  253 MB/s     57s[K[?25h[?2026l[?2026h[?25l[A[1Gpulling manifest [K
pulling 4cd576d9aa16:  66% ▕███████████       ▏  27 GB/ 42 GB  253 MB/s     57s[K[?25h[?2026l[?2026h[?25l[A[1Gpulling manifest [K
pulling 4cd576d9aa16:  66% ▕███████████       ▏  27 GB/ 42 GB  253 MB/s     57s[K[?25h[?2026l[?2026h[?25l[A[1Gpulling manifest [K
pulling 4cd576d9aa16:  66% ▕███████████       ▏  27 GB/ 42 GB  253 MB/s     57s[K[?25h[?2026l[?2026h[?25l[A[1Gpulling manifest [K
pulling 4cd576d9aa16:  66% ▕███████████       ▏  27 GB/ 42 GB  253 MB/s     57s[K[?25h[?2026l[?2026h[?25l[A[1Gpulling manifest [K
pulling 4cd576d9aa16:  66% ▕███████████       ▏  27 GB/ 42 GB  253 MB/s     57s[K[?25h[?2026l[?2026h[?25l[A[1Gpulling manifest [K
pulling 4cd576d9aa16:  66% ▕███████████       ▏  28 GB/ 42 GB  253 MB/s     57s[K[?25h[?2026l[?2026h[?25l[A[1Gpulling manifest [K
pulling 4cd576d9aa16:  66% ▕███████████       ▏  28 GB/ 42 GB  253 MB/s     57s[K[?25h[?2026l[?2026h[?25l[A[1Gpulling manifest [K
pulling 4cd576d9aa16:  66% ▕███████████       ▏  28 GB/ 42 GB  253 MB/s     57s[K[?25h[?2026l[?2026h[?25l[A[1Gpulling manifest [K
pulling 4cd576d9aa16:  66% ▕███████████       ▏  28 GB/ 42 GB  253 MB/s     56s[K[?25h[?2026l[?2026h[?25l[A[1Gpulling manifest [K
pulling 4cd576d9aa16:  66% ▕███████████       ▏  28 GB/ 42 GB  253 MB/s     56s[K[?25h[?2026l[?2026h[?25l[A[1Gpulling manifest [K
pulling 4cd576d9aa16:  66% ▕███████████       ▏  28 GB/ 42 GB  253 MB/s     56s[K[?25h[?2026l[?2026h[?25l[A[1Gpulling manifest [K
pulling 4cd576d9aa16:  66% ▕███████████       ▏  28 GB/ 42 GB  253 MB/s     56s[K[?25h[?2026l[?2026h[?25l[A[1Gpulling manifest [K
pulling 4cd576d9aa16:  66% ▕███████████       ▏  28 GB/ 42 GB  253 MB/s     56s[K[?25h[?2026l[?2026h[?25l[A[1Gpulling manifest [K
pulling 4cd576d9aa16:  66% ▕███████████       ▏  28 GB/ 42 GB  253 MB/s     56s[K[?25h[?2026l[?2026h[?25l[A[1Gpulling manifest [K
pulling 4cd576d9aa16:  66% ▕███████████       ▏  28 GB/ 42 GB  253 MB/s     56s[K[?25h[?2026l[?2026h[?25l[A[1Gpulling manifest [K
pulling 4cd576d9aa16:  67% ▕███████████       ▏  28 GB/ 42 GB  253 MB/s     56s[K[?25h[?2026l[?2026h[?25l[A[1Gpulling manifest [K
pulling 4cd576d9aa16:  67% ▕███████████       ▏  28 GB/ 42 GB  253 MB/s     56s[K[?25h[?2026l[?2026h[?25l[A[1Gpulling manifest [K
pulling 4cd576d9aa16:  67% ▕███████████       ▏  28 GB/ 42 GB  253 MB/s     56s[K[?25h[?2026l[?2026h[?25l[A[1Gpulling manifest [K
pulling 4cd576d9aa16:  67% ▕████████████      ▏  28 GB/ 42 GB  253 MB/s     55s[K[?25h[?2026l[?2026h[?25l[A[1Gpulling manifest [K
pulling 4cd576d9aa16:  67% ▕████████████      ▏  28 GB/ 42 GB  253 MB/s     55s[K[?25h[?2026l[?2026h[?25l[A[1Gpulling manifest [K
pulling 4cd576d9aa16:  67% ▕████████████      ▏  28 GB/ 42 GB  253 MB/s     55s[K[?25h[?2026l[?2026h[?25l[A[1Gpulling manifest [K
pulling 4cd576d9aa16:  67% ▕████████████      ▏  28 GB/ 42 GB  253 MB/s     55s[K[?25h[?2026l[?2026h[?25l[A[1Gpulling manifest [K
pulling 4cd576d9aa16:  67% ▕████████████      ▏  28 GB/ 42 GB  253 MB/s     55s[K[?25h[?2026l[?2026h[?25l[A[1Gpulling manifest [K
pulling 4cd576d9aa16:  67% ▕████████████      ▏  28 GB/ 42 GB  253 MB/s     55s[K[?25h[?2026l[?2026h[?25l[A[1Gpulling manifest [K
pulling 4cd576d9aa16:  67% ▕████████████      ▏  28 GB/ 42 GB  253 MB/s     55s[K[?25h[?2026l[?2026h[?25l[A[1Gpulling manifest [K
pulling 4cd576d9aa16:  67% ▕████████████      ▏  28 GB/ 42 GB  253 MB/s     55s[K[?25h[?2026l[?2026h[?25l[A[1Gpulling manifest [K
pulling 4cd576d9aa16:  67% ▕████████████      ▏  28 GB/ 42 GB  253 MB/s     55s[K[?25h[?2026l[?2026h[?25l[A[1Gpulling manifest [K
pulling 4cd576d9aa16:  67% ▕████████████      ▏  28 GB/ 42 GB  253 MB/s     55s[K[?25h[?2026l[?2026h[?25l[A[1Gpulling manifest [K
pulling 4cd576d9aa16:  67% ▕████████████      ▏  28 GB/ 42 GB  253 MB/s     55s[K[?25h[?2026l[?2026h[?25l[A[1Gpulling manifest [K
pulling 4cd576d9aa16:  67% ▕████████████      ▏  28 GB/ 42 GB  253 MB/s     54s[K[?25h[?2026l[?2026h[?25l[A[1Gpulling manifest [K
pulling 4cd576d9aa16:  67% ▕████████████      ▏  28 GB/ 42 GB  253 MB/s     54s[K[?25h[?2026l[?2026h[?25l[A[1Gpulling manifest [K
pulling 4cd576d9aa16:  67% ▕████████████      ▏  28 GB/ 42 GB  253 MB/s     54s[K[?25h[?2026l[?2026h[?25l[A[1Gpulling manifest [K
pulling 4cd576d9aa16:  67% ▕████████████      ▏  28 GB/ 42 GB  253 MB/s     54s[K[?25h[?2026l[?2026h[?25l[A[1Gpulling manifest [K
pulling 4cd576d9aa16:  68% ▕████████████      ▏  28 GB/ 42 GB  253 MB/s     54s[K[?25h[?2026l[?2026h[?25l[A[1Gpulling manifest [K
pulling 4cd576d9aa16:  68% ▕████████████      ▏  28 GB/ 42 GB  253 MB/s     54s[K[?25h[?2026l[?2026h[?25l[A[1Gpulling manifest [K
pulling 4cd576d9aa16:  68% ▕████████████      ▏  28 GB/ 42 GB  253 MB/s     54s[K[?25h[?2026l[?2026h[?25l[A[1Gpulling manifest [K
pulling 4cd576d9aa16:  68% ▕████████████      ▏  28 GB/ 42 GB  253 MB/s     54s[K[?25h[?2026l[?2026h[?25l[A[1Gpulling manifest [K
pulling 4cd576d9aa16:  68% ▕████████████      ▏  28 GB/ 42 GB  253 MB/s     54s[K[?25h[?2026l[?2026h[?25l[A[1Gpulling manifest [K
pulling 4cd576d9aa16:  68% ▕████████████      ▏  28 GB/ 42 GB  253 MB/s     54s[K[?25h[?2026l[?2026h[?25l[A[1Gpulling manifest [K
pulling 4cd576d9aa16:  68% ▕████████████      ▏  28 GB/ 42 GB  253 MB/s     53s[K[?25h[?2026l[?2026h[?25l[A[1Gpulling manifest [K
pulling 4cd576d9aa16:  68% ▕████████████      ▏  28 GB/ 42 GB  253 MB/s     53s[K[?25h[?2026l[?2026h[?25l[A[1Gpulling manifest [K
pulling 4cd576d9aa16:  68% ▕████████████      ▏  28 GB/ 42 GB  253 MB/s     53s[K[?25h[?2026l[?2026h[?25l[A[1Gpulling manifest [K
pulling 4cd576d9aa16:  68% ▕████████████      ▏  28 GB/ 42 GB  253 MB/s     53s[K[?25h[?2026l[?2026h[?25l[A[1Gpulling manifest [K
pulling 4cd576d9aa16:  68% ▕████████████      ▏  28 GB/ 42 GB  252 MB/s     53s[K[?25h[?2026l[?2026h[?25l[A[1Gpulling manifest [K
pulling 4cd576d9aa16:  68% ▕████████████      ▏  28 GB/ 42 GB  252 MB/s     53s[K[?25h[?2026l[?2026h[?25l[A[1Gpulling manifest [K
pulling 4cd576d9aa16:  68% ▕████████████      ▏  29 GB/ 42 GB  252 MB/s     53s[K[?25h[?2026l[?2026h[?25l[A[1Gpulling manifest [K
pulling 4cd576d9aa16:  68% ▕████████████      ▏  29 GB/ 42 GB  252 MB/s     53s[K[?25h[?2026l[?2026h[?25l[A[1Gpulling manifest [K
pulling 4cd576d9aa16:  68% ▕████████████      ▏  29 GB/ 42 GB  252 MB/s     53s[K[?25h[?2026l[?2026h[?25l[A[1Gpulling manifest [K
pulling 4cd576d9aa16:  68% ▕████████████      ▏  29 GB/ 42 GB  252 MB/s     53s[K[?25h[?2026l[?2026h[?25l[A[1Gpulling manifest [K
pulling 4cd576d9aa16:  68% ▕████████████      ▏  29 GB/ 42 GB  252 MB/s     53s[K[?25h[?2026l[?2026h[?25l[A[1Gpulling manifest [K
pulling 4cd576d9aa16:  69% ▕████████████      ▏  29 GB/ 42 GB  252 MB/s     52s[K[?25h[?2026l[?2026h[?25l[A[1Gpulling manifest [K
pulling 4cd576d9aa16:  69% ▕████████████      ▏  29 GB/ 42 GB  252 MB/s     52s[K[?25h[?2026l[?2026h[?25l[A[1Gpulling manifest [K
pulling 4cd576d9aa16:  69% ▕████████████      ▏  29 GB/ 42 GB  252 MB/s     52s[K[?25h[?2026l[?2026h[?25l[A[1Gpulling manifest [K
pulling 4cd576d9aa16:  69% ▕████████████      ▏  29 GB/ 42 GB  252 MB/s     52s[K[?25h[?2026l[?2026h[?25l[A[1Gpulling manifest [K
pulling 4cd576d9aa16:  69% ▕████████████      ▏  29 GB/ 42 GB  252 MB/s     52s[K[?25h[?2026l[?2026h[?25l[A[1Gpulling manifest [K
pulling 4cd576d9aa16:  69% ▕████████████      ▏  29 GB/ 42 GB  252 MB/s     52s[K[?25h[?2026l[?2026h[?25l[A[1Gpulling manifest [K
pulling 4cd576d9aa16:  69% ▕████████████      ▏  29 GB/ 42 GB  252 MB/s     52s[K[?25h[?2026l[?2026h[?25l[A[1Gpulling manifest [K
pulling 4cd576d9aa16:  69% ▕████████████      ▏  29 GB/ 42 GB  252 MB/s     52s[K[?25h[?2026l[?2026h[?25l[A[1Gpulling manifest [K
pulling 4cd576d9aa16:  69% ▕████████████      ▏  29 GB/ 42 GB  252 MB/s     52s[K[?25h[?2026l[?2026h[?25l[A[1Gpulling manifest [K
pulling 4cd576d9aa16:  69% ▕████████████      ▏  29 GB/ 42 GB  252 MB/s     52s[K[?25h[?2026l[?2026h[?25l[A[1Gpulling manifest [K
pulling 4cd576d9aa16:  69% ▕████████████      ▏  29 GB/ 42 GB  252 MB/s     51s[K[?25h[?2026l[?2026h[?25l[A[1Gpulling manifest [K
pulling 4cd576d9aa16:  69% ▕████████████      ▏  29 GB/ 42 GB  252 MB/s     51s[K[?25h[?2026l[?2026h[?25l[A[1Gpulling manifest [K
pulling 4cd576d9aa16:  69% ▕████████████      ▏  29 GB/ 42 GB  252 MB/s     51s[K[?25h[?2026l[?2026h[?25l[A[1Gpulling manifest [K
pulling 4cd576d9aa16:  69% ▕████████████      ▏  29 GB/ 42 GB  252 MB/s     51s[K[?25h[?2026l[?2026h[?25l[A[1Gpulling manifest [K
pulling 4cd576d9aa16:  69% ▕████████████      ▏  29 GB/ 42 GB  252 MB/s     51s[K[?25h[?2026l[?2026h[?25l[A[1Gpulling manifest [K
pulling 4cd576d9aa16:  69% ▕████████████      ▏  29 GB/ 42 GB  252 MB/s     51s[K[?25h[?2026l[?2026h[?25l[A[1Gpulling manifest [K
pulling 4cd576d9aa16:  69% ▕████████████      ▏  29 GB/ 42 GB  252 MB/s     51s[K[?25h[?2026l[?2026h[?25l[A[1Gpulling manifest [K
pulling 4cd576d9aa16:  70% ▕████████████      ▏  29 GB/ 42 GB  252 MB/s     51s[K[?25h[?2026l[?2026h[?25l[A[1Gpulling manifest [K
pulling 4cd576d9aa16:  70% ▕████████████      ▏  29 GB/ 42 GB  252 MB/s     51s[K[?25h[?2026l[?2026h[?25l[A[1Gpulling manifest [K
pulling 4cd576d9aa16:  70% ▕████████████      ▏  29 GB/ 42 GB  252 MB/s     51s[K[?25h[?2026l[?2026h[?25l[A[1Gpulling manifest [K
pulling 4cd576d9aa16:  70% ▕████████████      ▏  29 GB/ 42 GB  252 MB/s     50s[K[?25h[?2026l[?2026h[?25l[A[1Gpulling manifest [K
pulling 4cd576d9aa16:  70% ▕████████████      ▏  29 GB/ 42 GB  252 MB/s     50s[K[?25h[?2026l[?2026h[?25l[A[1Gpulling manifest [K
pulling 4cd576d9aa16:  70% ▕████████████      ▏  29 GB/ 42 GB  252 MB/s     50s[K[?25h[?2026l[?2026h[?25l[A[1Gpulling manifest [K
pulling 4cd576d9aa16:  70% ▕████████████      ▏  29 GB/ 42 GB  252 MB/s     50s[K[?25h[?2026l[?2026h[?25l[A[1Gpulling manifest [K
pulling 4cd576d9aa16:  70% ▕████████████      ▏  29 GB/ 42 GB  252 MB/s     50s[K[?25h[?2026l[?2026h[?25l[A[1Gpulling manifest [K
pulling 4cd576d9aa16:  70% ▕████████████      ▏  29 GB/ 42 GB  252 MB/s     50s[K[?25h[?2026l[?2026h[?25l[A[1Gpulling manifest [K
pulling 4cd576d9aa16:  70% ▕████████████      ▏  29 GB/ 42 GB  252 MB/s     50s[K[?25h[?2026l[?2026h[?25l[A[1Gpulling manifest [K
pulling 4cd576d9aa16:  70% ▕████████████      ▏  29 GB/ 42 GB  252 MB/s     50s[K[?25h[?2026l[?2026h[?25l[A[1Gpulling manifest [K
pulling 4cd576d9aa16:  70% ▕████████████      ▏  29 GB/ 42 GB  252 MB/s     50s[K[?25h[?2026l[?2026h[?25l[A[1Gpulling manifest [K
pulling 4cd576d9aa16:  70% ▕████████████      ▏  29 GB/ 42 GB  252 MB/s     50s[K[?25h[?2026l[?2026h[?25l[A[1Gpulling manifest [K
pulling 4cd576d9aa16:  70% ▕████████████      ▏  29 GB/ 42 GB  252 MB/s     49s[K[?25h[?2026l[?2026h[?25l[A[1Gpulling manifest [K
pulling 4cd576d9aa16:  70% ▕████████████      ▏  29 GB/ 42 GB  252 MB/s     49s[K[?25h[?2026l[?2026h[?25l[A[1Gpulling manifest [K
pulling 4cd576d9aa16:  70% ▕████████████      ▏  29 GB/ 42 GB  252 MB/s     49s[K[?25h[?2026l[?2026h[?25l[A[1Gpulling manifest [K
pulling 4cd576d9aa16:  70% ▕████████████      ▏  29 GB/ 42 GB  252 MB/s     49s[K[?25h[?2026l[?2026h[?25l[A[1Gpulling manifest [K
pulling 4cd576d9aa16:  71% ▕████████████      ▏  29 GB/ 42 GB  252 MB/s     49s[K[?25h[?2026l[?2026h[?25l[A[1Gpulling manifest [K
pulling 4cd576d9aa16:  71% ▕████████████      ▏  30 GB/ 42 GB  252 MB/s     49s[K[?25h[?2026l[?2026h[?25l[A[1Gpulling manifest [K
pulling 4cd576d9aa16:  71% ▕████████████      ▏  30 GB/ 42 GB  252 MB/s     49s[K[?25h[?2026l[?2026h[?25l[A[1Gpulling manifest [K
pulling 4cd576d9aa16:  71% ▕████████████      ▏  30 GB/ 42 GB  252 MB/s     49s[K[?25h[?2026l[?2026h[?25l[A[1Gpulling manifest [K
pulling 4cd576d9aa16:  71% ▕████████████      ▏  30 GB/ 42 GB  252 MB/s     49s[K[?25h[?2026l[?2026h[?25l[A[1Gpulling manifest [K
pulling 4cd576d9aa16:  71% ▕████████████      ▏  30 GB/ 42 GB  252 MB/s     49s[K[?25h[?2026l[?2026h[?25l[A[1Gpulling manifest [K
pulling 4cd576d9aa16:  71% ▕████████████      ▏  30 GB/ 42 GB  252 MB/s     48s[K[?25h[?2026l[?2026h[?25l[A[1Gpulling manifest [K
pulling 4cd576d9aa16:  71% ▕████████████      ▏  30 GB/ 42 GB  252 MB/s     48s[K[?25h[?2026l[?2026h[?25l[A[1Gpulling manifest [K
pulling 4cd576d9aa16:  71% ▕████████████      ▏  30 GB/ 42 GB  252 MB/s     48s[K[?25h[?2026l[?2026h[?25l[A[1Gpulling manifest [K
pulling 4cd576d9aa16:  71% ▕████████████      ▏  30 GB/ 42 GB  252 MB/s     48s[K[?25h[?2026l[?2026h[?25l[A[1Gpulling manifest [K
pulling 4cd576d9aa16:  71% ▕████████████      ▏  30 GB/ 42 GB  252 MB/s     48s[K[?25h[?2026l[?2026h[?25l[A[1Gpulling manifest [K
pulling 4cd576d9aa16:  71% ▕████████████      ▏  30 GB/ 42 GB  252 MB/s     48s[K[?25h[?2026l[?2026h[?25l[A[1Gpulling manifest [K
pulling 4cd576d9aa16:  71% ▕████████████      ▏  30 GB/ 42 GB  252 MB/s     48s[K[?25h[?2026l[?2026h[?25l[A[1Gpulling manifest [K
pulling 4cd576d9aa16:  71% ▕████████████      ▏  30 GB/ 42 GB  252 MB/s     48s[K[?25h[?2026l[?2026h[?25l[A[1Gpulling manifest [K
pulling 4cd576d9aa16:  71% ▕████████████      ▏  30 GB/ 42 GB  252 MB/s     48s[K[?25h[?2026l[?2026h[?25l[A[1Gpulling manifest [K
pulling 4cd576d9aa16:  71% ▕████████████      ▏  30 GB/ 42 GB  252 MB/s     48s[K[?25h[?2026l[?2026h[?25l[A[1Gpulling manifest [K
pulling 4cd576d9aa16:  71% ▕████████████      ▏  30 GB/ 42 GB  252 MB/s     48s[K[?25h[?2026l[?2026h[?25l[A[1Gpulling manifest [K
pulling 4cd576d9aa16:  72% ▕████████████      ▏  30 GB/ 42 GB  252 MB/s     47s[K[?25h[?2026l[?2026h[?25l[A[1Gpulling manifest [K
pulling 4cd576d9aa16:  72% ▕████████████      ▏  30 GB/ 42 GB  252 MB/s     47s[K[?25h[?2026l[?2026h[?25l[A[1Gpulling manifest [K
pulling 4cd576d9aa16:  72% ▕████████████      ▏  30 GB/ 42 GB  252 MB/s     47s[K[?25h[?2026l[?2026h[?25l[A[1Gpulling manifest [K
pulling 4cd576d9aa16:  72% ▕████████████      ▏  30 GB/ 42 GB  252 MB/s     47s[K[?25h[?2026l[?2026h[?25l[A[1Gpulling manifest [K
pulling 4cd576d9aa16:  72% ▕████████████      ▏  30 GB/ 42 GB  252 MB/s     47s[K[?25h[?2026l[?2026h[?25l[A[1Gpulling manifest [K
pulling 4cd576d9aa16:  72% ▕████████████      ▏  30 GB/ 42 GB  252 MB/s     47s[K[?25h[?2026l[?2026h[?25l[A[1Gpulling manifest [K
pulling 4cd576d9aa16:  72% ▕████████████      ▏  30 GB/ 42 GB  252 MB/s     47s[K[?25h[?2026l[?2026h[?25l[A[1Gpulling manifest [K
pulling 4cd576d9aa16:  72% ▕████████████      ▏  30 GB/ 42 GB  252 MB/s     47s[K[?25h[?2026l[?2026h[?25l[A[1Gpulling manifest [K
pulling 4cd576d9aa16:  72% ▕████████████      ▏  30 GB/ 42 GB  252 MB/s     47s[K[?25h[?2026l[?2026h[?25l[A[1Gpulling manifest [K
pulling 4cd576d9aa16:  72% ▕████████████      ▏  30 GB/ 42 GB  252 MB/s     47s[K[?25h[?2026l[?2026h[?25l[A[1Gpulling manifest [K
pulling 4cd576d9aa16:  72% ▕████████████      ▏  30 GB/ 42 GB  252 MB/s     46s[K[?25h[?2026l[?2026h[?25l[A[1Gpulling manifest [K
pulling 4cd576d9aa16:  72% ▕████████████      ▏  30 GB/ 42 GB  252 MB/s     46s[K[?25h[?2026l[?2026h[?25l[A[1Gpulling manifest [K
pulling 4cd576d9aa16:  72% ▕████████████      ▏  30 GB/ 42 GB  252 MB/s     46s[K[?25h[?2026l[?2026h[?25l[A[1Gpulling manifest [K
pulling 4cd576d9aa16:  72% ▕█████████████     ▏  30 GB/ 42 GB  252 MB/s     46s[K[?25h[?2026l[?2026h[?25l[A[1Gpulling manifest [K
pulling 4cd576d9aa16:  72% ▕█████████████     ▏  30 GB/ 42 GB  252 MB/s     46s[K[?25h[?2026l[?2026h[?25l[A[1Gpulling manifest [K
pulling 4cd576d9aa16:  72% ▕█████████████     ▏  30 GB/ 42 GB  252 MB/s     46s[K[?25h[?2026l[?2026h[?25l[A[1Gpulling manifest [K
pulling 4cd576d9aa16:  72% ▕█████████████     ▏  30 GB/ 42 GB  252 MB/s     46s[K[?25h[?2026l[?2026h[?25l[A[1Gpulling manifest [K
pulling 4cd576d9aa16:  72% ▕█████████████     ▏  30 GB/ 42 GB  252 MB/s     46s[K[?25h[?2026l[?2026h[?25l[A[1Gpulling manifest [K
pulling 4cd576d9aa16:  73% ▕█████████████     ▏  30 GB/ 42 GB  252 MB/s     46s[K[?25h[?2026l[?2026h[?25l[A[1Gpulling manifest [K
pulling 4cd576d9aa16:  73% ▕█████████████     ▏  30 GB/ 42 GB  252 MB/s     46s[K[?25h[?2026l[?2026h[?25l[A[1Gpulling manifest [K
pulling 4cd576d9aa16:  73% ▕█████████████     ▏  30 GB/ 42 GB  252 MB/s     45s[K[?25h[?2026l[?2026h[?25l[A[1Gpulling manifest [K
pulling 4cd576d9aa16:  73% ▕█████████████     ▏  30 GB/ 42 GB  252 MB/s     45s[K[?25h[?2026l[?2026h[?25l[A[1Gpulling manifest [K
pulling 4cd576d9aa16:  73% ▕█████████████     ▏  30 GB/ 42 GB  252 MB/s     45s[K[?25h[?2026l[?2026h[?25l[A[1Gpulling manifest [K
pulling 4cd576d9aa16:  73% ▕█████████████     ▏  30 GB/ 42 GB  252 MB/s     45s[K[?25h[?2026l[?2026h[?25l[A[1Gpulling manifest [K
pulling 4cd576d9aa16:  73% ▕█████████████     ▏  31 GB/ 42 GB  252 MB/s     45s[K[?25h[?2026l[?2026h[?25l[A[1Gpulling manifest [K
pulling 4cd576d9aa16:  73% ▕█████████████     ▏  31 GB/ 42 GB  252 MB/s     45s[K[?25h[?2026l[?2026h[?25l[A[1Gpulling manifest [K
pulling 4cd576d9aa16:  73% ▕█████████████     ▏  31 GB/ 42 GB  252 MB/s     45s[K[?25h[?2026l[?2026h[?25l[A[1Gpulling manifest [K
pulling 4cd576d9aa16:  73% ▕█████████████     ▏  31 GB/ 42 GB  252 MB/s     45s[K[?25h[?2026l[?2026h[?25l[A[1Gpulling manifest [K
pulling 4cd576d9aa16:  73% ▕█████████████     ▏  31 GB/ 42 GB  252 MB/s     45s[K[?25h[?2026l[?2026h[?25l[A[1Gpulling manifest [K
pulling 4cd576d9aa16:  73% ▕█████████████     ▏  31 GB/ 42 GB  252 MB/s     45s[K[?25h[?2026l[?2026h[?25l[A[1Gpulling manifest [K
pulling 4cd576d9aa16:  73% ▕█████████████     ▏  31 GB/ 42 GB  252 MB/s     44s[K[?25h[?2026l[?2026h[?25l[A[1Gpulling manifest [K
pulling 4cd576d9aa16:  73% ▕█████████████     ▏  31 GB/ 42 GB  252 MB/s     44s[K[?25h[?2026l[?2026h[?25l[A[1Gpulling manifest [K
pulling 4cd576d9aa16:  73% ▕█████████████     ▏  31 GB/ 42 GB  252 MB/s     44s[K[?25h[?2026l[?2026h[?25l[A[1Gpulling manifest [K
pulling 4cd576d9aa16:  73% ▕█████████████     ▏  31 GB/ 42 GB  252 MB/s     44s[K[?25h[?2026l[?2026h[?25l[A[1Gpulling manifest [K
pulling 4cd576d9aa16:  74% ▕█████████████     ▏  31 GB/ 42 GB  253 MB/s     44s[K[?25h[?2026l[?2026h[?25l[A[1Gpulling manifest [K
pulling 4cd576d9aa16:  74% ▕█████████████     ▏  31 GB/ 42 GB  253 MB/s     44s[K[?25h[?2026l[?2026h[?25l[A[1Gpulling manifest [K
pulling 4cd576d9aa16:  74% ▕█████████████     ▏  31 GB/ 42 GB  253 MB/s     44s[K[?25h[?2026l[?2026h[?25l[A[1Gpulling manifest [K
pulling 4cd576d9aa16:  74% ▕█████████████     ▏  31 GB/ 42 GB  253 MB/s     44s[K[?25h[?2026l[?2026h[?25l[A[1Gpulling manifest [K
pulling 4cd576d9aa16:  74% ▕█████████████     ▏  31 GB/ 42 GB  253 MB/s     44s[K[?25h[?2026l[?2026h[?25l[A[1Gpulling manifest [K
pulling 4cd576d9aa16:  74% ▕█████████████     ▏  31 GB/ 42 GB  253 MB/s     44s[K[?25h[?2026l[?2026h[?25l[A[1Gpulling manifest [K
pulling 4cd576d9aa16:  74% ▕█████████████     ▏  31 GB/ 42 GB  253 MB/s     43s[K[?25h[?2026l[?2026h[?25l[A[1Gpulling manifest [K
pulling 4cd576d9aa16:  74% ▕█████████████     ▏  31 GB/ 42 GB  253 MB/s     43s[K[?25h[?2026l[?2026h[?25l[A[1Gpulling manifest [K
pulling 4cd576d9aa16:  74% ▕█████████████     ▏  31 GB/ 42 GB  253 MB/s     43s[K[?25h[?2026l[?2026h[?25l[A[1Gpulling manifest [K
pulling 4cd576d9aa16:  74% ▕█████████████     ▏  31 GB/ 42 GB  253 MB/s     43s[K[?25h[?2026l[?2026h[?25l[A[1Gpulling manifest [K
pulling 4cd576d9aa16:  74% ▕█████████████     ▏  31 GB/ 42 GB  253 MB/s     43s[K[?25h[?2026l[?2026h[?25l[A[1Gpulling manifest [K
pulling 4cd576d9aa16:  74% ▕█████████████     ▏  31 GB/ 42 GB  253 MB/s     43s[K[?25h[?2026l[?2026h[?25l[A[1Gpulling manifest [K
pulling 4cd576d9aa16:  74% ▕█████████████     ▏  31 GB/ 42 GB  253 MB/s     43s[K[?25h[?2026l[?2026h[?25l[A[1Gpulling manifest [K
pulling 4cd576d9aa16:  74% ▕█████████████     ▏  31 GB/ 42 GB  253 MB/s     43s[K[?25h[?2026l[?2026h[?25l[A[1Gpulling manifest [K
pulling 4cd576d9aa16:  74% ▕█████████████     ▏  31 GB/ 42 GB  253 MB/s     43s[K[?25h[?2026l[?2026h[?25l[A[1Gpulling manifest [K
pulling 4cd576d9aa16:  74% ▕█████████████     ▏  31 GB/ 42 GB  253 MB/s     43s[K[?25h[?2026l[?2026h[?25l[A[1Gpulling manifest [K
pulling 4cd576d9aa16:  74% ▕█████████████     ▏  31 GB/ 42 GB  253 MB/s     43s[K[?25h[?2026l[?2026h[?25l[A[1Gpulling manifest [K
pulling 4cd576d9aa16:  74% ▕█████████████     ▏  31 GB/ 42 GB  253 MB/s     42s[K[?25h[?2026l[?2026h[?25l[A[1Gpulling manifest [K
pulling 4cd576d9aa16:  75% ▕█████████████     ▏  31 GB/ 42 GB  253 MB/s     42s[K[?25h[?2026l[?2026h[?25l[A[1Gpulling manifest [K
pulling 4cd576d9aa16:  75% ▕█████████████     ▏  31 GB/ 42 GB  253 MB/s     42s[K[?25h[?2026l[?2026h[?25l[A[1Gpulling manifest [K
pulling 4cd576d9aa16:  75% ▕█████████████     ▏  31 GB/ 42 GB  253 MB/s     42s[K[?25h[?2026l[?2026h[?25l[A[1Gpulling manifest [K
pulling 4cd576d9aa16:  75% ▕█████████████     ▏  31 GB/ 42 GB  253 MB/s     42s[K[?25h[?2026l[?2026h[?25l[A[1Gpulling manifest [K
pulling 4cd576d9aa16:  75% ▕█████████████     ▏  31 GB/ 42 GB  253 MB/s     42s[K[?25h[?2026l[?2026h[?25l[A[1Gpulling manifest [K
pulling 4cd576d9aa16:  75% ▕█████████████     ▏  31 GB/ 42 GB  253 MB/s     42s[K[?25h[?2026l[?2026h[?25l[A[1Gpulling manifest [K
pulling 4cd576d9aa16:  75% ▕█████████████     ▏  31 GB/ 42 GB  253 MB/s     42s[K[?25h[?2026l[?2026h[?25l[A[1Gpulling manifest [K
pulling 4cd576d9aa16:  75% ▕█████████████     ▏  31 GB/ 42 GB  253 MB/s     42s[K[?25h[?2026l[?2026h[?25l[A[1Gpulling manifest [K
pulling 4cd576d9aa16:  75% ▕█████████████     ▏  31 GB/ 42 GB  253 MB/s     41s[K[?25h[?2026l[?2026h[?25l[A[1Gpulling manifest [K
pulling 4cd576d9aa16:  75% ▕█████████████     ▏  31 GB/ 42 GB  253 MB/s     41s[K[?25h[?2026l[?2026h[?25l[A[1Gpulling manifest [K
pulling 4cd576d9aa16:  75% ▕█████████████     ▏  31 GB/ 42 GB  253 MB/s     41s[K[?25h[?2026l[?2026h[?25l[A[1Gpulling manifest [K
pulling 4cd576d9aa16:  75% ▕█████████████     ▏  31 GB/ 42 GB  253 MB/s     41s[K[?25h[?2026l[?2026h[?25l[A[1Gpulling manifest [K
pulling 4cd576d9aa16:  75% ▕█████████████     ▏  31 GB/ 42 GB  253 MB/s     41s[K[?25h[?2026l[?2026h[?25l[A[1Gpulling manifest [K
pulling 4cd576d9aa16:  75% ▕█████████████     ▏  32 GB/ 42 GB  253 MB/s     41s[K[?25h[?2026l[?2026h[?25l[A[1Gpulling manifest [K
pulling 4cd576d9aa16:  75% ▕█████████████     ▏  32 GB/ 42 GB  253 MB/s     41s[K[?25h[?2026l[?2026h[?25l[A[1Gpulling manifest [K
pulling 4cd576d9aa16:  75% ▕█████████████     ▏  32 GB/ 42 GB  253 MB/s     41s[K[?25h[?2026l[?2026h[?25l[A[1Gpulling manifest [K
pulling 4cd576d9aa16:  75% ▕█████████████     ▏  32 GB/ 42 GB  253 MB/s     41s[K[?25h[?2026l[?2026h[?25l[A[1Gpulling manifest [K
pulling 4cd576d9aa16:  76% ▕█████████████     ▏  32 GB/ 42 GB  253 MB/s     41s[K[?25h[?2026l[?2026h[?25l[A[1Gpulling manifest [K
pulling 4cd576d9aa16:  76% ▕█████████████     ▏  32 GB/ 42 GB  253 MB/s     40s[K[?25h[?2026l[?2026h[?25l[A[1Gpulling manifest [K
pulling 4cd576d9aa16:  76% ▕█████████████     ▏  32 GB/ 42 GB  253 MB/s     40s[K[?25h[?2026l[?2026h[?25l[A[1Gpulling manifest [K
pulling 4cd576d9aa16:  76% ▕█████████████     ▏  32 GB/ 42 GB  253 MB/s     40s[K[?25h[?2026l[?2026h[?25l[A[1Gpulling manifest [K
pulling 4cd576d9aa16:  76% ▕█████████████     ▏  32 GB/ 42 GB  253 MB/s     40s[K[?25h[?2026l[?2026h[?25l[A[1Gpulling manifest [K
pulling 4cd576d9aa16:  76% ▕█████████████     ▏  32 GB/ 42 GB  253 MB/s     40s[K[?25h[?2026l[?2026h[?25l[A[1Gpulling manifest [K
pulling 4cd576d9aa16:  76% ▕█████████████     ▏  32 GB/ 42 GB  252 MB/s     40s[K[?25h[?2026l[?2026h[?25l[A[1Gpulling manifest [K
pulling 4cd576d9aa16:  76% ▕█████████████     ▏  32 GB/ 42 GB  252 MB/s     40s[K[?25h[?2026l[?2026h[?25l[A[1Gpulling manifest [K
pulling 4cd576d9aa16:  76% ▕█████████████     ▏  32 GB/ 42 GB  252 MB/s     40s[K[?25h[?2026l[?2026h[?25l[A[1Gpulling manifest [K
pulling 4cd576d9aa16:  76% ▕█████████████     ▏  32 GB/ 42 GB  252 MB/s     40s[K[?25h[?2026l[?2026h[?25l[A[1Gpulling manifest [K
pulling 4cd576d9aa16:  76% ▕█████████████     ▏  32 GB/ 42 GB  252 MB/s     40s[K[?25h[?2026l[?2026h[?25l[A[1Gpulling manifest [K
pulling 4cd576d9aa16:  76% ▕█████████████     ▏  32 GB/ 42 GB  252 MB/s     40s[K[?25h[?2026l[?2026h[?25l[A[1Gpulling manifest [K
pulling 4cd576d9aa16:  76% ▕█████████████     ▏  32 GB/ 42 GB  252 MB/s     39s[K[?25h[?2026l[?2026h[?25l[A[1Gpulling manifest [K
pulling 4cd576d9aa16:  76% ▕█████████████     ▏  32 GB/ 42 GB  252 MB/s     39s[K[?25h[?2026l[?2026h[?25l[A[1Gpulling manifest [K
pulling 4cd576d9aa16:  76% ▕█████████████     ▏  32 GB/ 42 GB  252 MB/s     39s[K[?25h[?2026l[?2026h[?25l[A[1Gpulling manifest [K
pulling 4cd576d9aa16:  76% ▕█████████████     ▏  32 GB/ 42 GB  252 MB/s     39s[K[?25h[?2026l[?2026h[?25l[A[1Gpulling manifest [K
pulling 4cd576d9aa16:  76% ▕█████████████     ▏  32 GB/ 42 GB  252 MB/s     39s[K[?25h[?2026l[?2026h[?25l[A[1Gpulling manifest [K
pulling 4cd576d9aa16:  77% ▕█████████████     ▏  32 GB/ 42 GB  252 MB/s     39s[K[?25h[?2026l[?2026h[?25l[A[1Gpulling manifest [K
pulling 4cd576d9aa16:  77% ▕█████████████     ▏  32 GB/ 42 GB  252 MB/s     39s[K[?25h[?2026l[?2026h[?25l[A[1Gpulling manifest [K
pulling 4cd576d9aa16:  77% ▕█████████████     ▏  32 GB/ 42 GB  252 MB/s     39s[K[?25h[?2026l[?2026h[?25l[A[1Gpulling manifest [K
pulling 4cd576d9aa16:  77% ▕█████████████     ▏  32 GB/ 42 GB  252 MB/s     39s[K[?25h[?2026l[?2026h[?25l[A[1Gpulling manifest [K
pulling 4cd576d9aa16:  77% ▕█████████████     ▏  32 GB/ 42 GB  252 MB/s     39s[K[?25h[?2026l[?2026h[?25l[A[1Gpulling manifest [K
pulling 4cd576d9aa16:  77% ▕█████████████     ▏  32 GB/ 42 GB  252 MB/s     38s[K[?25h[?2026l[?2026h[?25l[A[1Gpulling manifest [K
pulling 4cd576d9aa16:  77% ▕█████████████     ▏  32 GB/ 42 GB  252 MB/s     38s[K[?25h[?2026l[?2026h[?25l[A[1Gpulling manifest [K
pulling 4cd576d9aa16:  77% ▕█████████████     ▏  32 GB/ 42 GB  252 MB/s     38s[K[?25h[?2026l[?2026h[?25l[A[1Gpulling manifest [K
pulling 4cd576d9aa16:  77% ▕█████████████     ▏  32 GB/ 42 GB  252 MB/s     38s[K[?25h[?2026l[?2026h[?25l[A[1Gpulling manifest [K
pulling 4cd576d9aa16:  77% ▕█████████████     ▏  32 GB/ 42 GB  253 MB/s     38s[K[?25h[?2026l[?2026h[?25l[A[1Gpulling manifest [K
pulling 4cd576d9aa16:  77% ▕█████████████     ▏  32 GB/ 42 GB  253 MB/s     38s[K[?25h[?2026l[?2026h[?25l[A[1Gpulling manifest [K
pulling 4cd576d9aa16:  77% ▕█████████████     ▏  32 GB/ 42 GB  253 MB/s     38s[K[?25h[?2026l[?2026h[?25l[A[1Gpulling manifest [K
pulling 4cd576d9aa16:  77% ▕█████████████     ▏  32 GB/ 42 GB  253 MB/s     38s[K[?25h[?2026l[?2026h[?25l[A[1Gpulling manifest [K
pulling 4cd576d9aa16:  77% ▕█████████████     ▏  32 GB/ 42 GB  253 MB/s     38s[K[?25h[?2026l[?2026h[?25l[A[1Gpulling manifest [K
pulling 4cd576d9aa16:  77% ▕█████████████     ▏  32 GB/ 42 GB  253 MB/s     38s[K[?25h[?2026l[?2026h[?25l[A[1Gpulling manifest [K
pulling 4cd576d9aa16:  77% ▕█████████████     ▏  32 GB/ 42 GB  253 MB/s     37s[K[?25h[?2026l[?2026h[?25l[A[1Gpulling manifest [K
pulling 4cd576d9aa16:  77% ▕█████████████     ▏  32 GB/ 42 GB  253 MB/s     37s[K[?25h[?2026l[?2026h[?25l[A[1Gpulling manifest [K
pulling 4cd576d9aa16:  78% ▕█████████████     ▏  32 GB/ 42 GB  253 MB/s     37s[K[?25h[?2026l[?2026h[?25l[A[1Gpulling manifest [K
pulling 4cd576d9aa16:  78% ▕█████████████     ▏  32 GB/ 42 GB  253 MB/s     37s[K[?25h[?2026l[?2026h[?25l[A[1Gpulling manifest [K
pulling 4cd576d9aa16:  78% ▕█████████████     ▏  33 GB/ 42 GB  253 MB/s     37s[K[?25h[?2026l[?2026h[?25l[A[1Gpulling manifest [K
pulling 4cd576d9aa16:  78% ▕█████████████     ▏  33 GB/ 42 GB  253 MB/s     37s[K[?25h[?2026l[?2026h[?25l[A[1Gpulling manifest [K
pulling 4cd576d9aa16:  78% ▕█████████████     ▏  33 GB/ 42 GB  253 MB/s     37s[K[?25h[?2026l[?2026h[?25l[A[1Gpulling manifest [K
pulling 4cd576d9aa16:  78% ▕██████████████    ▏  33 GB/ 42 GB  253 MB/s     37s[K[?25h[?2026l[?2026h[?25l[A[1Gpulling manifest [K
pulling 4cd576d9aa16:  78% ▕██████████████    ▏  33 GB/ 42 GB  253 MB/s     37s[K[?25h[?2026l[?2026h[?25l[A[1Gpulling manifest [K
pulling 4cd576d9aa16:  78% ▕██████████████    ▏  33 GB/ 42 GB  253 MB/s     37s[K[?25h[?2026l[?2026h[?25l[A[1Gpulling manifest [K
pulling 4cd576d9aa16:  78% ▕██████████████    ▏  33 GB/ 42 GB  253 MB/s     36s[K[?25h[?2026l[?2026h[?25l[A[1Gpulling manifest [K
pulling 4cd576d9aa16:  78% ▕██████████████    ▏  33 GB/ 42 GB  253 MB/s     36s[K[?25h[?2026l[?2026h[?25l[A[1Gpulling manifest [K
pulling 4cd576d9aa16:  78% ▕██████████████    ▏  33 GB/ 42 GB  253 MB/s     36s[K[?25h[?2026l[?2026h[?25l[A[1Gpulling manifest [K
pulling 4cd576d9aa16:  78% ▕██████████████    ▏  33 GB/ 42 GB  253 MB/s     36s[K[?25h[?2026l[?2026h[?25l[A[1Gpulling manifest [K
pulling 4cd576d9aa16:  78% ▕██████████████    ▏  33 GB/ 42 GB  253 MB/s     36s[K[?25h[?2026l[?2026h[?25l[A[1Gpulling manifest [K
pulling 4cd576d9aa16:  78% ▕██████████████    ▏  33 GB/ 42 GB  253 MB/s     36s[K[?25h[?2026l[?2026h[?25l[A[1Gpulling manifest [K
pulling 4cd576d9aa16:  78% ▕██████████████    ▏  33 GB/ 42 GB  253 MB/s     36s[K[?25h[?2026l[?2026h[?25l[A[1Gpulling manifest [K
pulling 4cd576d9aa16:  78% ▕██████████████    ▏  33 GB/ 42 GB  253 MB/s     36s[K[?25h[?2026l[?2026h[?25l[A[1Gpulling manifest [K
pulling 4cd576d9aa16:  78% ▕██████████████    ▏  33 GB/ 42 GB  253 MB/s     36s[K[?25h[?2026l[?2026h[?25l[A[1Gpulling manifest [K
pulling 4cd576d9aa16:  79% ▕██████████████    ▏  33 GB/ 42 GB  253 MB/s     36s[K[?25h[?2026l[?2026h[?25l[A[1Gpulling manifest [K
pulling 4cd576d9aa16:  79% ▕██████████████    ▏  33 GB/ 42 GB  253 MB/s     35s[K[?25h[?2026l[?2026h[?25l[A[1Gpulling manifest [K
pulling 4cd576d9aa16:  79% ▕██████████████    ▏  33 GB/ 42 GB  253 MB/s     35s[K[?25h[?2026l[?2026h[?25l[A[1Gpulling manifest [K
pulling 4cd576d9aa16:  79% ▕██████████████    ▏  33 GB/ 42 GB  253 MB/s     35s[K[?25h[?2026l[?2026h[?25l[A[1Gpulling manifest [K
pulling 4cd576d9aa16:  79% ▕██████████████    ▏  33 GB/ 42 GB  253 MB/s     35s[K[?25h[?2026l[?2026h[?25l[A[1Gpulling manifest [K
pulling 4cd576d9aa16:  79% ▕██████████████    ▏  33 GB/ 42 GB  253 MB/s     35s[K[?25h[?2026l[?2026h[?25l[A[1Gpulling manifest [K
pulling 4cd576d9aa16:  79% ▕██████████████    ▏  33 GB/ 42 GB  253 MB/s     35s[K[?25h[?2026l[?2026h[?25l[A[1Gpulling manifest [K
pulling 4cd576d9aa16:  79% ▕██████████████    ▏  33 GB/ 42 GB  253 MB/s     35s[K[?25h[?2026l[?2026h[?25l[A[1Gpulling manifest [K
pulling 4cd576d9aa16:  79% ▕██████████████    ▏  33 GB/ 42 GB  253 MB/s     35s[K[?25h[?2026l[?2026h[?25l[A[1Gpulling manifest [K
pulling 4cd576d9aa16:  79% ▕██████████████    ▏  33 GB/ 42 GB  253 MB/s     35s[K[?25h[?2026l[?2026h[?25l[A[1Gpulling manifest [K
pulling 4cd576d9aa16:  79% ▕██████████████    ▏  33 GB/ 42 GB  253 MB/s     35s[K[?25h[?2026l[?2026h[?25l[A[1Gpulling manifest [K
pulling 4cd576d9aa16:  79% ▕██████████████    ▏  33 GB/ 42 GB  253 MB/s     35s[K[?25h[?2026l[?2026h[?25l[A[1Gpulling manifest [K
pulling 4cd576d9aa16:  79% ▕██████████████    ▏  33 GB/ 42 GB  253 MB/s     34s[K[?25h[?2026l[?2026h[?25l[A[1Gpulling manifest [K
pulling 4cd576d9aa16:  79% ▕██████████████    ▏  33 GB/ 42 GB  253 MB/s     34s[K[?25h[?2026l[?2026h[?25l[A[1Gpulling manifest [K
pulling 4cd576d9aa16:  79% ▕██████████████    ▏  33 GB/ 42 GB  253 MB/s     34s[K[?25h[?2026l[?2026h[?25l[A[1Gpulling manifest [K
pulling 4cd576d9aa16:  79% ▕██████████████    ▏  33 GB/ 42 GB  253 MB/s     34s[K[?25h[?2026l[?2026h[?25l[A[1Gpulling manifest [K
pulling 4cd576d9aa16:  79% ▕██████████████    ▏  33 GB/ 42 GB  253 MB/s     34s[K[?25h[?2026l[?2026h[?25l[A[1Gpulling manifest [K
pulling 4cd576d9aa16:  79% ▕██████████████    ▏  33 GB/ 42 GB  253 MB/s     34s[K[?25h[?2026l[?2026h[?25l[A[1Gpulling manifest [K
pulling 4cd576d9aa16:  80% ▕██████████████    ▏  33 GB/ 42 GB  253 MB/s     34s[K[?25h[?2026l[?2026h[?25l[A[1Gpulling manifest [K
pulling 4cd576d9aa16:  80% ▕██████████████    ▏  33 GB/ 42 GB  253 MB/s     34s[K[?25h[?2026l[?2026h[?25l[A[1Gpulling manifest [K
pulling 4cd576d9aa16:  80% ▕██████████████    ▏  33 GB/ 42 GB  253 MB/s     34s[K[?25h[?2026l[?2026h[?25l[A[1Gpulling manifest [K
pulling 4cd576d9aa16:  80% ▕██████████████    ▏  33 GB/ 42 GB  253 MB/s     34s[K[?25h[?2026l[?2026h[?25l[A[1Gpulling manifest [K
pulling 4cd576d9aa16:  80% ▕██████████████    ▏  33 GB/ 42 GB  253 MB/s     33s[K[?25h[?2026l[?2026h[?25l[A[1Gpulling manifest [K
pulling 4cd576d9aa16:  80% ▕██████████████    ▏  33 GB/ 42 GB  253 MB/s     33s[K[?25h[?2026l[?2026h[?25l[A[1Gpulling manifest [K
pulling 4cd576d9aa16:  80% ▕██████████████    ▏  33 GB/ 42 GB  253 MB/s     33s[K[?25h[?2026l[?2026h[?25l[A[1Gpulling manifest [K
pulling 4cd576d9aa16:  80% ▕██████████████    ▏  34 GB/ 42 GB  253 MB/s     33s[K[?25h[?2026l[?2026h[?25l[A[1Gpulling manifest [K
pulling 4cd576d9aa16:  80% ▕██████████████    ▏  34 GB/ 42 GB  253 MB/s     33s[K[?25h[?2026l[?2026h[?25l[A[1Gpulling manifest [K
pulling 4cd576d9aa16:  80% ▕██████████████    ▏  34 GB/ 42 GB  253 MB/s     33s[K[?25h[?2026l[?2026h[?25l[A[1Gpulling manifest [K
pulling 4cd576d9aa16:  80% ▕██████████████    ▏  34 GB/ 42 GB  253 MB/s     33s[K[?25h[?2026l[?2026h[?25l[A[1Gpulling manifest [K
pulling 4cd576d9aa16:  80% ▕██████████████    ▏  34 GB/ 42 GB  253 MB/s     33s[K[?25h[?2026l[?2026h[?25l[A[1Gpulling manifest [K
pulling 4cd576d9aa16:  80% ▕██████████████    ▏  34 GB/ 42 GB  253 MB/s     33s[K[?25h[?2026l[?2026h[?25l[A[1Gpulling manifest [K
pulling 4cd576d9aa16:  80% ▕██████████████    ▏  34 GB/ 42 GB  253 MB/s     33s[K[?25h[?2026l[?2026h[?25l[A[1Gpulling manifest [K
pulling 4cd576d9aa16:  80% ▕██████████████    ▏  34 GB/ 42 GB  253 MB/s     32s[K[?25h[?2026l[?2026h[?25l[A[1Gpulling manifest [K
pulling 4cd576d9aa16:  80% ▕██████████████    ▏  34 GB/ 42 GB  253 MB/s     32s[K[?25h[?2026l[?2026h[?25l[A[1Gpulling manifest [K
pulling 4cd576d9aa16:  81% ▕██████████████    ▏  34 GB/ 42 GB  253 MB/s     32s[K[?25h[?2026l[?2026h[?25l[A[1Gpulling manifest [K
pulling 4cd576d9aa16:  81% ▕██████████████    ▏  34 GB/ 42 GB  253 MB/s     32s[K[?25h[?2026l[?2026h[?25l[A[1Gpulling manifest [K
pulling 4cd576d9aa16:  81% ▕██████████████    ▏  34 GB/ 42 GB  253 MB/s     32s[K[?25h[?2026l[?2026h[?25l[A[1Gpulling manifest [K
pulling 4cd576d9aa16:  81% ▕██████████████    ▏  34 GB/ 42 GB  253 MB/s     32s[K[?25h[?2026l[?2026h[?25l[A[1Gpulling manifest [K
pulling 4cd576d9aa16:  81% ▕██████████████    ▏  34 GB/ 42 GB  253 MB/s     32s[K[?25h[?2026l[?2026h[?25l[A[1Gpulling manifest [K
pulling 4cd576d9aa16:  81% ▕██████████████    ▏  34 GB/ 42 GB  253 MB/s     32s[K[?25h[?2026l[?2026h[?25l[A[1Gpulling manifest [K
pulling 4cd576d9aa16:  81% ▕██████████████    ▏  34 GB/ 42 GB  253 MB/s     32s[K[?25h[?2026l[?2026h[?25l[A[1Gpulling manifest [K
pulling 4cd576d9aa16:  81% ▕██████████████    ▏  34 GB/ 42 GB  253 MB/s     32s[K[?25h[?2026l[?2026h[?25l[A[1Gpulling manifest [K
pulling 4cd576d9aa16:  81% ▕██████████████    ▏  34 GB/ 42 GB  253 MB/s     31s[K[?25h[?2026l[?2026h[?25l[A[1Gpulling manifest [K
pulling 4cd576d9aa16:  81% ▕██████████████    ▏  34 GB/ 42 GB  253 MB/s     31s[K[?25h[?2026l[?2026h[?25l[A[1Gpulling manifest [K
pulling 4cd576d9aa16:  81% ▕██████████████    ▏  34 GB/ 42 GB  253 MB/s     31s[K[?25h[?2026l[?2026h[?25l[A[1Gpulling manifest [K
pulling 4cd576d9aa16:  81% ▕██████████████    ▏  34 GB/ 42 GB  253 MB/s     31s[K[?25h[?2026l[?2026h[?25l[A[1Gpulling manifest [K
pulling 4cd576d9aa16:  81% ▕██████████████    ▏  34 GB/ 42 GB  253 MB/s     31s[K[?25h[?2026l[?2026h[?25l[A[1Gpulling manifest [K
pulling 4cd576d9aa16:  81% ▕██████████████    ▏  34 GB/ 42 GB  253 MB/s     31s[K[?25h[?2026l[?2026h[?25l[A[1Gpulling manifest [K
pulling 4cd576d9aa16:  81% ▕██████████████    ▏  34 GB/ 42 GB  253 MB/s     31s[K[?25h[?2026l[?2026h[?25l[A[1Gpulling manifest [K
pulling 4cd576d9aa16:  81% ▕██████████████    ▏  34 GB/ 42 GB  253 MB/s     31s[K[?25h[?2026l[?2026h[?25l[A[1Gpulling manifest [K
pulling 4cd576d9aa16:  81% ▕██████████████    ▏  34 GB/ 42 GB  253 MB/s     31s[K[?25h[?2026l[?2026h[?25l[A[1Gpulling manifest [K
pulling 4cd576d9aa16:  81% ▕██████████████    ▏  34 GB/ 42 GB  253 MB/s     31s[K[?25h[?2026l[?2026h[?25l[A[1Gpulling manifest [K
pulling 4cd576d9aa16:  82% ▕██████████████    ▏  34 GB/ 42 GB  253 MB/s     30s[K[?25h[?2026l[?2026h[?25l[A[1Gpulling manifest [K
pulling 4cd576d9aa16:  82% ▕██████████████    ▏  34 GB/ 42 GB  253 MB/s     30s[K[?25h[?2026l[?2026h[?25l[A[1Gpulling manifest [K
pulling 4cd576d9aa16:  82% ▕██████████████    ▏  34 GB/ 42 GB  253 MB/s     30s[K[?25h[?2026l[?2026h[?25l[A[1Gpulling manifest [K
pulling 4cd576d9aa16:  82% ▕██████████████    ▏  34 GB/ 42 GB  253 MB/s     30s[K[?25h[?2026l[?2026h[?25l[A[1Gpulling manifest [K
pulling 4cd576d9aa16:  82% ▕██████████████    ▏  34 GB/ 42 GB  253 MB/s     30s[K[?25h[?2026l[?2026h[?25l[A[1Gpulling manifest [K
pulling 4cd576d9aa16:  82% ▕██████████████    ▏  34 GB/ 42 GB  253 MB/s     30s[K[?25h[?2026l[?2026h[?25l[A[1Gpulling manifest [K
pulling 4cd576d9aa16:  82% ▕██████████████    ▏  34 GB/ 42 GB  253 MB/s     30s[K[?25h[?2026l[?2026h[?25l[A[1Gpulling manifest [K
pulling 4cd576d9aa16:  82% ▕██████████████    ▏  34 GB/ 42 GB  253 MB/s     30s[K[?25h[?2026l[?2026h[?25l[A[1Gpulling manifest [K
pulling 4cd576d9aa16:  82% ▕██████████████    ▏  34 GB/ 42 GB  253 MB/s     30s[K[?25h[?2026l[?2026h[?25l[A[1Gpulling manifest [K
pulling 4cd576d9aa16:  82% ▕██████████████    ▏  34 GB/ 42 GB  253 MB/s     30s[K[?25h[?2026l[?2026h[?25l[A[1Gpulling manifest [K
pulling 4cd576d9aa16:  82% ▕██████████████    ▏  34 GB/ 42 GB  253 MB/s     30s[K[?25h[?2026l[?2026h[?25l[A[1Gpulling manifest [K
pulling 4cd576d9aa16:  82% ▕██████████████    ▏  34 GB/ 42 GB  253 MB/s     29s[K[?25h[?2026l[?2026h[?25l[A[1Gpulling manifest [K
pulling 4cd576d9aa16:  82% ▕██████████████    ▏  34 GB/ 42 GB  253 MB/s     29s[K[?25h[?2026l[?2026h[?25l[A[1Gpulling manifest [K
pulling 4cd576d9aa16:  82% ▕██████████████    ▏  34 GB/ 42 GB  253 MB/s     29s[K[?25h[?2026l[?2026h[?25l[A[1Gpulling manifest [K
pulling 4cd576d9aa16:  82% ▕██████████████    ▏  35 GB/ 42 GB  253 MB/s     29s[K[?25h[?2026l[?2026h[?25l[A[1Gpulling manifest [K
pulling 4cd576d9aa16:  82% ▕██████████████    ▏  35 GB/ 42 GB  253 MB/s     29s[K[?25h[?2026l[?2026h[?25l[A[1Gpulling manifest [K
pulling 4cd576d9aa16:  82% ▕██████████████    ▏  35 GB/ 42 GB  253 MB/s     29s[K[?25h[?2026l[?2026h[?25l[A[1Gpulling manifest [K
pulling 4cd576d9aa16:  83% ▕██████████████    ▏  35 GB/ 42 GB  253 MB/s     29s[K[?25h[?2026l[?2026h[?25l[A[1Gpulling manifest [K
pulling 4cd576d9aa16:  83% ▕██████████████    ▏  35 GB/ 42 GB  253 MB/s     29s[K[?25h[?2026l[?2026h[?25l[A[1Gpulling manifest [K
pulling 4cd576d9aa16:  83% ▕██████████████    ▏  35 GB/ 42 GB  253 MB/s     29s[K[?25h[?2026l[?2026h[?25l[A[1Gpulling manifest [K
pulling 4cd576d9aa16:  83% ▕██████████████    ▏  35 GB/ 42 GB  253 MB/s     29s[K[?25h[?2026l[?2026h[?25l[A[1Gpulling manifest [K
pulling 4cd576d9aa16:  83% ▕██████████████    ▏  35 GB/ 42 GB  253 MB/s     28s[K[?25h[?2026l[?2026h[?25l[A[1Gpulling manifest [K
pulling 4cd576d9aa16:  83% ▕██████████████    ▏  35 GB/ 42 GB  253 MB/s     28s[K[?25h[?2026l[?2026h[?25l[A[1Gpulling manifest [K
pulling 4cd576d9aa16:  83% ▕██████████████    ▏  35 GB/ 42 GB  253 MB/s     28s[K[?25h[?2026l[?2026h[?25l[A[1Gpulling manifest [K
pulling 4cd576d9aa16:  83% ▕██████████████    ▏  35 GB/ 42 GB  253 MB/s     28s[K[?25h[?2026l[?2026h[?25l[A[1Gpulling manifest [K
pulling 4cd576d9aa16:  83% ▕██████████████    ▏  35 GB/ 42 GB  253 MB/s     28s[K[?25h[?2026l[?2026h[?25l[A[1Gpulling manifest [K
pulling 4cd576d9aa16:  83% ▕██████████████    ▏  35 GB/ 42 GB  253 MB/s     28s[K[?25h[?2026l[?2026h[?25l[A[1Gpulling manifest [K
pulling 4cd576d9aa16:  83% ▕██████████████    ▏  35 GB/ 42 GB  253 MB/s     28s[K[?25h[?2026l[?2026h[?25l[A[1Gpulling manifest [K
pulling 4cd576d9aa16:  83% ▕██████████████    ▏  35 GB/ 42 GB  253 MB/s     28s[K[?25h[?2026l[?2026h[?25l[A[1Gpulling manifest [K
pulling 4cd576d9aa16:  83% ▕██████████████    ▏  35 GB/ 42 GB  253 MB/s     28s[K[?25h[?2026l[?2026h[?25l[A[1Gpulling manifest [K
pulling 4cd576d9aa16:  83% ▕██████████████    ▏  35 GB/ 42 GB  253 MB/s     28s[K[?25h[?2026l[?2026h[?25l[A[1Gpulling manifest [K
pulling 4cd576d9aa16:  83% ▕███████████████   ▏  35 GB/ 42 GB  253 MB/s     27s[K[?25h[?2026l[?2026h[?25l[A[1Gpulling manifest [K
pulling 4cd576d9aa16:  83% ▕███████████████   ▏  35 GB/ 42 GB  253 MB/s     27s[K[?25h[?2026l[?2026h[?25l[A[1Gpulling manifest [K
pulling 4cd576d9aa16:  83% ▕███████████████   ▏  35 GB/ 42 GB  253 MB/s     27s[K[?25h[?2026l[?2026h[?25l[A[1Gpulling manifest [K
pulling 4cd576d9aa16:  84% ▕███████████████   ▏  35 GB/ 42 GB  253 MB/s     27s[K[?25h[?2026l[?2026h[?25l[A[1Gpulling manifest [K
pulling 4cd576d9aa16:  84% ▕███████████████   ▏  35 GB/ 42 GB  253 MB/s     27s[K[?25h[?2026l[?2026h[?25l[A[1Gpulling manifest [K
pulling 4cd576d9aa16:  84% ▕███████████████   ▏  35 GB/ 42 GB  253 MB/s     27s[K[?25h[?2026l[?2026h[?25l[A[1Gpulling manifest [K
pulling 4cd576d9aa16:  84% ▕███████████████   ▏  35 GB/ 42 GB  253 MB/s     27s[K[?25h[?2026l[?2026h[?25l[A[1Gpulling manifest [K
pulling 4cd576d9aa16:  84% ▕███████████████   ▏  35 GB/ 42 GB  253 MB/s     27s[K[?25h[?2026l[?2026h[?25l[A[1Gpulling manifest [K
pulling 4cd576d9aa16:  84% ▕███████████████   ▏  35 GB/ 42 GB  253 MB/s     27s[K[?25h[?2026l[?2026h[?25l[A[1Gpulling manifest [K
pulling 4cd576d9aa16:  84% ▕███████████████   ▏  35 GB/ 42 GB  253 MB/s     27s[K[?25h[?2026l[?2026h[?25l[A[1Gpulling manifest [K
pulling 4cd576d9aa16:  84% ▕███████████████   ▏  35 GB/ 42 GB  253 MB/s     26s[K[?25h[?2026l[?2026h[?25l[A[1Gpulling manifest [K
pulling 4cd576d9aa16:  84% ▕███████████████   ▏  35 GB/ 42 GB  253 MB/s     26s[K[?25h[?2026l[?2026h[?25l[A[1Gpulling manifest [K
pulling 4cd576d9aa16:  84% ▕███████████████   ▏  35 GB/ 42 GB  253 MB/s     26s[K[?25h[?2026l[?2026h[?25l[A[1Gpulling manifest [K
pulling 4cd576d9aa16:  84% ▕███████████████   ▏  35 GB/ 42 GB  253 MB/s     26s[K[?25h[?2026l[?2026h[?25l[A[1Gpulling manifest [K
pulling 4cd576d9aa16:  84% ▕███████████████   ▏  35 GB/ 42 GB  253 MB/s     26s[K[?25h[?2026l[?2026h[?25l[A[1Gpulling manifest [K
pulling 4cd576d9aa16:  84% ▕███████████████   ▏  35 GB/ 42 GB  253 MB/s     26s[K[?25h[?2026l[?2026h[?25l[A[1Gpulling manifest [K
pulling 4cd576d9aa16:  84% ▕███████████████   ▏  35 GB/ 42 GB  253 MB/s     26s[K[?25h[?2026l[?2026h[?25l[A[1Gpulling manifest [K
pulling 4cd576d9aa16:  84% ▕███████████████   ▏  35 GB/ 42 GB  253 MB/s     26s[K[?25h[?2026l[?2026h[?25l[A[1Gpulling manifest [K
pulling 4cd576d9aa16:  84% ▕███████████████   ▏  35 GB/ 42 GB  253 MB/s     26s[K[?25h[?2026l[?2026h[?25l[A[1Gpulling manifest [K
pulling 4cd576d9aa16:  84% ▕███████████████   ▏  35 GB/ 42 GB  253 MB/s     26s[K[?25h[?2026l[?2026h[?25l[A[1Gpulling manifest [K
pulling 4cd576d9aa16:  85% ▕███████████████   ▏  35 GB/ 42 GB  253 MB/s     25s[K[?25h[?2026l[?2026h[?25l[A[1Gpulling manifest [K
pulling 4cd576d9aa16:  85% ▕███████████████   ▏  35 GB/ 42 GB  253 MB/s     25s[K[?25h[?2026l[?2026h[?25l[A[1Gpulling manifest [K
pulling 4cd576d9aa16:  85% ▕███████████████   ▏  35 GB/ 42 GB  253 MB/s     25s[K[?25h[?2026l[?2026h[?25l[A[1Gpulling manifest [K
pulling 4cd576d9aa16:  85% ▕███████████████   ▏  36 GB/ 42 GB  253 MB/s     25s[K[?25h[?2026l[?2026h[?25l[A[1Gpulling manifest [K
pulling 4cd576d9aa16:  85% ▕███████████████   ▏  36 GB/ 42 GB  253 MB/s     25s[K[?25h[?2026l[?2026h[?25l[A[1Gpulling manifest [K
pulling 4cd576d9aa16:  85% ▕███████████████   ▏  36 GB/ 42 GB  253 MB/s     25s[K[?25h[?2026l[?2026h[?25l[A[1Gpulling manifest [K
pulling 4cd576d9aa16:  85% ▕███████████████   ▏  36 GB/ 42 GB  253 MB/s     25s[K[?25h[?2026l[?2026h[?25l[A[1Gpulling manifest [K
pulling 4cd576d9aa16:  85% ▕███████████████   ▏  36 GB/ 42 GB  253 MB/s     25s[K[?25h[?2026l[?2026h[?25l[A[1Gpulling manifest [K
pulling 4cd576d9aa16:  85% ▕███████████████   ▏  36 GB/ 42 GB  253 MB/s     25s[K[?25h[?2026l[?2026h[?25l[A[1Gpulling manifest [K
pulling 4cd576d9aa16:  85% ▕███████████████   ▏  36 GB/ 42 GB  253 MB/s     25s[K[?25h[?2026l[?2026h[?25l[A[1Gpulling manifest [K
pulling 4cd576d9aa16:  85% ▕███████████████   ▏  36 GB/ 42 GB  253 MB/s     25s[K[?25h[?2026l[?2026h[?25l[A[1Gpulling manifest [K
pulling 4cd576d9aa16:  85% ▕███████████████   ▏  36 GB/ 42 GB  253 MB/s     24s[K[?25h[?2026l[?2026h[?25l[A[1Gpulling manifest [K
pulling 4cd576d9aa16:  85% ▕███████████████   ▏  36 GB/ 42 GB  253 MB/s     24s[K[?25h[?2026l[?2026h[?25l[A[1Gpulling manifest [K
pulling 4cd576d9aa16:  85% ▕███████████████   ▏  36 GB/ 42 GB  253 MB/s     24s[K[?25h[?2026l[?2026h[?25l[A[1Gpulling manifest [K
pulling 4cd576d9aa16:  85% ▕███████████████   ▏  36 GB/ 42 GB  253 MB/s     24s[K[?25h[?2026l[?2026h[?25l[A[1Gpulling manifest [K
pulling 4cd576d9aa16:  85% ▕███████████████   ▏  36 GB/ 42 GB  253 MB/s     24s[K[?25h[?2026l[?2026h[?25l[A[1Gpulling manifest [K
pulling 4cd576d9aa16:  85% ▕███████████████   ▏  36 GB/ 42 GB  253 MB/s     24s[K[?25h[?2026l[?2026h[?25l[A[1Gpulling manifest [K
pulling 4cd576d9aa16:  86% ▕███████████████   ▏  36 GB/ 42 GB  253 MB/s     24s[K[?25h[?2026l[?2026h[?25l[A[1Gpulling manifest [K
pulling 4cd576d9aa16:  86% ▕███████████████   ▏  36 GB/ 42 GB  253 MB/s     24s[K[?25h[?2026l[?2026h[?25l[A[1Gpulling manifest [K
pulling 4cd576d9aa16:  86% ▕███████████████   ▏  36 GB/ 42 GB  253 MB/s     24s[K[?25h[?2026l[?2026h[?25l[A[1Gpulling manifest [K
pulling 4cd576d9aa16:  86% ▕███████████████   ▏  36 GB/ 42 GB  253 MB/s     24s[K[?25h[?2026l[?2026h[?25l[A[1Gpulling manifest [K
pulling 4cd576d9aa16:  86% ▕███████████████   ▏  36 GB/ 42 GB  253 MB/s     23s[K[?25h[?2026l[?2026h[?25l[A[1Gpulling manifest [K
pulling 4cd576d9aa16:  86% ▕███████████████   ▏  36 GB/ 42 GB  253 MB/s     23s[K[?25h[?2026l[?2026h[?25l[A[1Gpulling manifest [K
pulling 4cd576d9aa16:  86% ▕███████████████   ▏  36 GB/ 42 GB  253 MB/s     23s[K[?25h[?2026l[?2026h[?25l[A[1Gpulling manifest [K
pulling 4cd576d9aa16:  86% ▕███████████████   ▏  36 GB/ 42 GB  253 MB/s     23s[K[?25h[?2026l[?2026h[?25l[A[1Gpulling manifest [K
pulling 4cd576d9aa16:  86% ▕███████████████   ▏  36 GB/ 42 GB  253 MB/s     23s[K[?25h[?2026l[?2026h[?25l[A[1Gpulling manifest [K
pulling 4cd576d9aa16:  86% ▕███████████████   ▏  36 GB/ 42 GB  253 MB/s     23s[K[?25h[?2026l[?2026h[?25l[A[1Gpulling manifest [K
pulling 4cd576d9aa16:  86% ▕███████████████   ▏  36 GB/ 42 GB  253 MB/s     23s[K[?25h[?2026l[?2026h[?25l[A[1Gpulling manifest [K
pulling 4cd576d9aa16:  86% ▕███████████████   ▏  36 GB/ 42 GB  253 MB/s     23s[K[?25h[?2026l[?2026h[?25l[A[1Gpulling manifest [K
pulling 4cd576d9aa16:  86% ▕███████████████   ▏  36 GB/ 42 GB  253 MB/s     23s[K[?25h[?2026l[?2026h[?25l[A[1Gpulling manifest [K
pulling 4cd576d9aa16:  86% ▕███████████████   ▏  36 GB/ 42 GB  253 MB/s     23s[K[?25h[?2026l[?2026h[?25l[A[1Gpulling manifest [K
pulling 4cd576d9aa16:  86% ▕███████████████   ▏  36 GB/ 42 GB  253 MB/s     22s[K[?25h[?2026l[?2026h[?25l[A[1Gpulling manifest [K
pulling 4cd576d9aa16:  86% ▕███████████████   ▏  36 GB/ 42 GB  253 MB/s     22s[K[?25h[?2026l[?2026h[?25l[A[1Gpulling manifest [K
pulling 4cd576d9aa16:  86% ▕███████████████   ▏  36 GB/ 42 GB  253 MB/s     22s[K[?25h[?2026l[?2026h[?25l[A[1Gpulling manifest [K
pulling 4cd576d9aa16:  87% ▕███████████████   ▏  36 GB/ 42 GB  253 MB/s     22s[K[?25h[?2026l[?2026h[?25l[A[1Gpulling manifest [K
pulling 4cd576d9aa16:  87% ▕███████████████   ▏  36 GB/ 42 GB  253 MB/s     22s[K[?25h[?2026l[?2026h[?25l[A[1Gpulling manifest [K
pulling 4cd576d9aa16:  87% ▕███████████████   ▏  36 GB/ 42 GB  253 MB/s     22s[K[?25h[?2026l[?2026h[?25l[A[1Gpulling manifest [K
pulling 4cd576d9aa16:  87% ▕███████████████   ▏  36 GB/ 42 GB  253 MB/s     22s[K[?25h[?2026l[?2026h[?25l[A[1Gpulling manifest [K
pulling 4cd576d9aa16:  87% ▕███████████████   ▏  36 GB/ 42 GB  253 MB/s     22s[K[?25h[?2026l[?2026h[?25l[A[1Gpulling manifest [K
pulling 4cd576d9aa16:  87% ▕███████████████   ▏  36 GB/ 42 GB  253 MB/s     22s[K[?25h[?2026l[?2026h[?25l[A[1Gpulling manifest [K
pulling 4cd576d9aa16:  87% ▕███████████████   ▏  36 GB/ 42 GB  253 MB/s     22s[K[?25h[?2026l[?2026h[?25l[A[1Gpulling manifest [K
pulling 4cd576d9aa16:  87% ▕███████████████   ▏  36 GB/ 42 GB  253 MB/s     21s[K[?25h[?2026l[?2026h[?25l[A[1Gpulling manifest [K
pulling 4cd576d9aa16:  87% ▕███████████████   ▏  36 GB/ 42 GB  253 MB/s     21s[K[?25h[?2026l[?2026h[?25l[A[1Gpulling manifest [K
pulling 4cd576d9aa16:  87% ▕███████████████   ▏  37 GB/ 42 GB  253 MB/s     21s[K[?25h[?2026l[?2026h[?25l[A[1Gpulling manifest [K
pulling 4cd576d9aa16:  87% ▕███████████████   ▏  37 GB/ 42 GB  253 MB/s     21s[K[?25h[?2026l[?2026h[?25l[A[1Gpulling manifest [K
pulling 4cd576d9aa16:  87% ▕███████████████   ▏  37 GB/ 42 GB  253 MB/s     21s[K[?25h[?2026l[?2026h[?25l[A[1Gpulling manifest [K
pulling 4cd576d9aa16:  87% ▕███████████████   ▏  37 GB/ 42 GB  253 MB/s     21s[K[?25h[?2026l[?2026h[?25l[A[1Gpulling manifest [K
pulling 4cd576d9aa16:  87% ▕███████████████   ▏  37 GB/ 42 GB  253 MB/s     21s[K[?25h[?2026l[?2026h[?25l[A[1Gpulling manifest [K
pulling 4cd576d9aa16:  87% ▕███████████████   ▏  37 GB/ 42 GB  253 MB/s     21s[K[?25h[?2026l[?2026h[?25l[A[1Gpulling manifest [K
pulling 4cd576d9aa16:  87% ▕███████████████   ▏  37 GB/ 42 GB  253 MB/s     21s[K[?25h[?2026l[?2026h[?25l[A[1Gpulling manifest [K
pulling 4cd576d9aa16:  87% ▕███████████████   ▏  37 GB/ 42 GB  253 MB/s     21s[K[?25h[?2026l[?2026h[?25l[A[1Gpulling manifest [K
pulling 4cd576d9aa16:  88% ▕███████████████   ▏  37 GB/ 42 GB  253 MB/s     20s[K[?25h[?2026l[?2026h[?25l[A[1Gpulling manifest [K
pulling 4cd576d9aa16:  88% ▕███████████████   ▏  37 GB/ 42 GB  253 MB/s     20s[K[?25h[?2026l[?2026h[?25l[A[1Gpulling manifest [K
pulling 4cd576d9aa16:  88% ▕███████████████   ▏  37 GB/ 42 GB  253 MB/s     20s[K[?25h[?2026l[?2026h[?25l[A[1Gpulling manifest [K
pulling 4cd576d9aa16:  88% ▕███████████████   ▏  37 GB/ 42 GB  253 MB/s     20s[K[?25h[?2026l[?2026h[?25l[A[1Gpulling manifest [K
pulling 4cd576d9aa16:  88% ▕███████████████   ▏  37 GB/ 42 GB  253 MB/s     20s[K[?25h[?2026l[?2026h[?25l[A[1Gpulling manifest [K
pulling 4cd576d9aa16:  88% ▕███████████████   ▏  37 GB/ 42 GB  253 MB/s     20s[K[?25h[?2026l[?2026h[?25l[A[1Gpulling manifest [K
pulling 4cd576d9aa16:  88% ▕███████████████   ▏  37 GB/ 42 GB  253 MB/s     20s[K[?25h[?2026l[?2026h[?25l[A[1Gpulling manifest [K
pulling 4cd576d9aa16:  88% ▕███████████████   ▏  37 GB/ 42 GB  253 MB/s     20s[K[?25h[?2026l[?2026h[?25l[A[1Gpulling manifest [K
pulling 4cd576d9aa16:  88% ▕███████████████   ▏  37 GB/ 42 GB  253 MB/s     20s[K[?25h[?2026l[?2026h[?25l[A[1Gpulling manifest [K
pulling 4cd576d9aa16:  88% ▕███████████████   ▏  37 GB/ 42 GB  253 MB/s     20s[K[?25h[?2026l[?2026h[?25l[A[1Gpulling manifest [K
pulling 4cd576d9aa16:  88% ▕███████████████   ▏  37 GB/ 42 GB  253 MB/s     20s[K[?25h[?2026l[?2026h[?25l[A[1Gpulling manifest [K
pulling 4cd576d9aa16:  88% ▕███████████████   ▏  37 GB/ 42 GB  253 MB/s     19s[K[?25h[?2026l[?2026h[?25l[A[1Gpulling manifest [K
pulling 4cd576d9aa16:  88% ▕███████████████   ▏  37 GB/ 42 GB  253 MB/s     19s[K[?25h[?2026l[?2026h[?25l[A[1Gpulling manifest [K
pulling 4cd576d9aa16:  88% ▕███████████████   ▏  37 GB/ 42 GB  253 MB/s     19s[K[?25h[?2026l[?2026h[?25l[A[1Gpulling manifest [K
pulling 4cd576d9aa16:  88% ▕███████████████   ▏  37 GB/ 42 GB  253 MB/s     19s[K[?25h[?2026l[?2026h[?25l[A[1Gpulling manifest [K
pulling 4cd576d9aa16:  88% ▕███████████████   ▏  37 GB/ 42 GB  253 MB/s     19s[K[?25h[?2026l[?2026h[?25l[A[1Gpulling manifest [K
pulling 4cd576d9aa16:  88% ▕███████████████   ▏  37 GB/ 42 GB  253 MB/s     19s[K[?25h[?2026l[?2026h[?25l[A[1Gpulling manifest [K
pulling 4cd576d9aa16:  88% ▕███████████████   ▏  37 GB/ 42 GB  253 MB/s     19s[K[?25h[?2026l[?2026h[?25l[A[1Gpulling manifest [K
pulling 4cd576d9aa16:  89% ▕███████████████   ▏  37 GB/ 42 GB  253 MB/s     19s[K[?25h[?2026l[?2026h[?25l[A[1Gpulling manifest [K
pulling 4cd576d9aa16:  89% ▕███████████████   ▏  37 GB/ 42 GB  253 MB/s     19s[K[?25h[?2026l[?2026h[?25l[A[1Gpulling manifest [K
pulling 4cd576d9aa16:  89% ▕███████████████   ▏  37 GB/ 42 GB  253 MB/s     19s[K[?25h[?2026l[?2026h[?25l[A[1Gpulling manifest [K
pulling 4cd576d9aa16:  89% ▕███████████████   ▏  37 GB/ 42 GB  253 MB/s     18s[K[?25h[?2026l[?2026h[?25l[A[1Gpulling manifest [K
pulling 4cd576d9aa16:  89% ▕███████████████   ▏  37 GB/ 42 GB  253 MB/s     18s[K[?25h[?2026l[?2026h[?25l[A[1Gpulling manifest [K
pulling 4cd576d9aa16:  89% ▕███████████████   ▏  37 GB/ 42 GB  253 MB/s     18s[K[?25h[?2026l[?2026h[?25l[A[1Gpulling manifest [K
pulling 4cd576d9aa16:  89% ▕████████████████  ▏  37 GB/ 42 GB  253 MB/s     18s[K[?25h[?2026l[?2026h[?25l[A[1Gpulling manifest [K
pulling 4cd576d9aa16:  89% ▕████████████████  ▏  37 GB/ 42 GB  253 MB/s     18s[K[?25h[?2026l[?2026h[?25l[A[1Gpulling manifest [K
pulling 4cd576d9aa16:  89% ▕████████████████  ▏  37 GB/ 42 GB  253 MB/s     18s[K[?25h[?2026l[?2026h[?25l[A[1Gpulling manifest [K
pulling 4cd576d9aa16:  89% ▕████████████████  ▏  37 GB/ 42 GB  253 MB/s     18s[K[?25h[?2026l[?2026h[?25l[A[1Gpulling manifest [K
pulling 4cd576d9aa16:  89% ▕████████████████  ▏  37 GB/ 42 GB  253 MB/s     18s[K[?25h[?2026l[?2026h[?25l[A[1Gpulling manifest [K
pulling 4cd576d9aa16:  89% ▕████████████████  ▏  37 GB/ 42 GB  253 MB/s     18s[K[?25h[?2026l[?2026h[?25l[A[1Gpulling manifest [K
pulling 4cd576d9aa16:  89% ▕████████████████  ▏  37 GB/ 42 GB  253 MB/s     18s[K[?25h[?2026l[?2026h[?25l[A[1Gpulling manifest [K
pulling 4cd576d9aa16:  89% ▕████████████████  ▏  37 GB/ 42 GB  253 MB/s     17s[K[?25h[?2026l[?2026h[?25l[A[1Gpulling manifest [K
pulling 4cd576d9aa16:  89% ▕████████████████  ▏  38 GB/ 42 GB  253 MB/s     17s[K[?25h[?2026l[?2026h[?25l[A[1Gpulling manifest [K
pulling 4cd576d9aa16:  89% ▕████████████████  ▏  38 GB/ 42 GB  253 MB/s     17s[K[?25h[?2026l[?2026h[?25l[A[1Gpulling manifest [K
pulling 4cd576d9aa16:  89% ▕████████████████  ▏  38 GB/ 42 GB  253 MB/s     17s[K[?25h[?2026l[?2026h[?25l[A[1Gpulling manifest [K
pulling 4cd576d9aa16:  90% ▕████████████████  ▏  38 GB/ 42 GB  253 MB/s     17s[K[?25h[?2026l[?2026h[?25l[A[1Gpulling manifest [K
pulling 4cd576d9aa16:  90% ▕████████████████  ▏  38 GB/ 42 GB  253 MB/s     17s[K[?25h[?2026l[?2026h[?25l[A[1Gpulling manifest [K
pulling 4cd576d9aa16:  90% ▕████████████████  ▏  38 GB/ 42 GB  253 MB/s     17s[K[?25h[?2026l[?2026h[?25l[A[1Gpulling manifest [K
pulling 4cd576d9aa16:  90% ▕████████████████  ▏  38 GB/ 42 GB  253 MB/s     17s[K[?25h[?2026l[?2026h[?25l[A[1Gpulling manifest [K
pulling 4cd576d9aa16:  90% ▕████████████████  ▏  38 GB/ 42 GB  253 MB/s     17s[K[?25h[?2026l[?2026h[?25l[A[1Gpulling manifest [K
pulling 4cd576d9aa16:  90% ▕████████████████  ▏  38 GB/ 42 GB  253 MB/s     17s[K[?25h[?2026l[?2026h[?25l[A[1Gpulling manifest [K
pulling 4cd576d9aa16:  90% ▕████████████████  ▏  38 GB/ 42 GB  253 MB/s     16s[K[?25h[?2026l[?2026h[?25l[A[1Gpulling manifest [K
pulling 4cd576d9aa16:  90% ▕████████████████  ▏  38 GB/ 42 GB  253 MB/s     16s[K[?25h[?2026l[?2026h[?25l[A[1Gpulling manifest [K
pulling 4cd576d9aa16:  90% ▕████████████████  ▏  38 GB/ 42 GB  253 MB/s     16s[K[?25h[?2026l[?2026h[?25l[A[1Gpulling manifest [K
pulling 4cd576d9aa16:  90% ▕████████████████  ▏  38 GB/ 42 GB  253 MB/s     16s[K[?25h[?2026l[?2026h[?25l[A[1Gpulling manifest [K
pulling 4cd576d9aa16:  90% ▕████████████████  ▏  38 GB/ 42 GB  253 MB/s     16s[K[?25h[?2026l[?2026h[?25l[A[1Gpulling manifest [K
pulling 4cd576d9aa16:  90% ▕████████████████  ▏  38 GB/ 42 GB  253 MB/s     16s[K[?25h[?2026l[?2026h[?25l[A[1Gpulling manifest [K
pulling 4cd576d9aa16:  90% ▕████████████████  ▏  38 GB/ 42 GB  253 MB/s     16s[K[?25h[?2026l[?2026h[?25l[A[1Gpulling manifest [K
pulling 4cd576d9aa16:  90% ▕████████████████  ▏  38 GB/ 42 GB  253 MB/s     16s[K[?25h[?2026l[?2026h[?25l[A[1Gpulling manifest [K
pulling 4cd576d9aa16:  90% ▕████████████████  ▏  38 GB/ 42 GB  253 MB/s     16s[K[?25h[?2026l[?2026h[?25l[A[1Gpulling manifest [K
pulling 4cd576d9aa16:  90% ▕████████████████  ▏  38 GB/ 42 GB  253 MB/s     16s[K[?25h[?2026l[?2026h[?25l[A[1Gpulling manifest [K
pulling 4cd576d9aa16:  90% ▕████████████████  ▏  38 GB/ 42 GB  253 MB/s     15s[K[?25h[?2026l[?2026h[?25l[A[1Gpulling manifest [K
pulling 4cd576d9aa16:  91% ▕████████████████  ▏  38 GB/ 42 GB  253 MB/s     15s[K[?25h[?2026l[?2026h[?25l[A[1Gpulling manifest [K
pulling 4cd576d9aa16:  91% ▕████████████████  ▏  38 GB/ 42 GB  253 MB/s     15s[K[?25h[?2026l[?2026h[?25l[A[1Gpulling manifest [K
pulling 4cd576d9aa16:  91% ▕████████████████  ▏  38 GB/ 42 GB  253 MB/s     15s[K[?25h[?2026l[?2026h[?25l[A[1Gpulling manifest [K
pulling 4cd576d9aa16:  91% ▕████████████████  ▏  38 GB/ 42 GB  253 MB/s     15s[K[?25h[?2026l[?2026h[?25l[A[1Gpulling manifest [K
pulling 4cd576d9aa16:  91% ▕████████████████  ▏  38 GB/ 42 GB  253 MB/s     15s[K[?25h[?2026l[?2026h[?25l[A[1Gpulling manifest [K
pulling 4cd576d9aa16:  91% ▕████████████████  ▏  38 GB/ 42 GB  253 MB/s     15s[K[?25h[?2026l[?2026h[?25l[A[1Gpulling manifest [K
pulling 4cd576d9aa16:  91% ▕████████████████  ▏  38 GB/ 42 GB  253 MB/s     15s[K[?25h[?2026l[?2026h[?25l[A[1Gpulling manifest [K
pulling 4cd576d9aa16:  91% ▕████████████████  ▏  38 GB/ 42 GB  253 MB/s     15s[K[?25h[?2026l[?2026h[?25l[A[1Gpulling manifest [K
pulling 4cd576d9aa16:  91% ▕████████████████  ▏  38 GB/ 42 GB  253 MB/s     15s[K[?25h[?2026l[?2026h[?25l[A[1Gpulling manifest [K
pulling 4cd576d9aa16:  91% ▕████████████████  ▏  38 GB/ 42 GB  253 MB/s     15s[K[?25h[?2026l[?2026h[?25l[A[1Gpulling manifest [K
pulling 4cd576d9aa16:  91% ▕████████████████  ▏  38 GB/ 42 GB  253 MB/s     14s[K[?25h[?2026l[?2026h[?25l[A[1Gpulling manifest [K
pulling 4cd576d9aa16:  91% ▕████████████████  ▏  38 GB/ 42 GB  253 MB/s     14s[K[?25h[?2026l[?2026h[?25l[A[1Gpulling manifest [K
pulling 4cd576d9aa16:  91% ▕████████████████  ▏  38 GB/ 42 GB  253 MB/s     14s[K[?25h[?2026l[?2026h[?25l[A[1Gpulling manifest [K
pulling 4cd576d9aa16:  91% ▕████████████████  ▏  38 GB/ 42 GB  253 MB/s     14s[K[?25h[?2026l[?2026h[?25l[A[1Gpulling manifest [K
pulling 4cd576d9aa16:  91% ▕████████████████  ▏  38 GB/ 42 GB  253 MB/s     14s[K[?25h[?2026l[?2026h[?25l[A[1Gpulling manifest [K
pulling 4cd576d9aa16:  91% ▕████████████████  ▏  38 GB/ 42 GB  253 MB/s     14s[K[?25h[?2026l[?2026h[?25l[A[1Gpulling manifest [K
pulling 4cd576d9aa16:  91% ▕████████████████  ▏  38 GB/ 42 GB  253 MB/s     14s[K[?25h[?2026l[?2026h[?25l[A[1Gpulling manifest [K
pulling 4cd576d9aa16:  92% ▕████████████████  ▏  38 GB/ 42 GB  253 MB/s     13s[K[?25h[?2026l[?2026h[?25l[A[1Gpulling manifest [K
pulling 4cd576d9aa16:  92% ▕████████████████  ▏  39 GB/ 42 GB  253 MB/s     13s[K[?25h[?2026l[?2026h[?25l[A[1Gpulling manifest [K
pulling 4cd576d9aa16:  92% ▕████████████████  ▏  39 GB/ 42 GB  253 MB/s     13s[K[?25h[?2026l[?2026h[?25l[A[1Gpulling manifest [K
pulling 4cd576d9aa16:  92% ▕████████████████  ▏  39 GB/ 42 GB  253 MB/s     13s[K[?25h[?2026l[?2026h[?25l[A[1Gpulling manifest [K
pulling 4cd576d9aa16:  92% ▕████████████████  ▏  39 GB/ 42 GB  253 MB/s     12s[K[?25h[?2026l[?2026h[?25l[A[1Gpulling manifest [K
pulling 4cd576d9aa16:  92% ▕████████████████  ▏  39 GB/ 42 GB  253 MB/s     12s[K[?25h[?2026l[?2026h[?25l[A[1Gpulling manifest [K
pulling 4cd576d9aa16:  93% ▕████████████████  ▏  39 GB/ 42 GB  253 MB/s     12s[K[?25h[?2026l[?2026h[?25l[A[1Gpulling manifest [K
pulling 4cd576d9aa16:  93% ▕████████████████  ▏  39 GB/ 42 GB  291 MB/s     10s[K[?25h[?2026l[?2026h[?25l[A[1Gpulling manifest [K
pulling 4cd576d9aa16:  93% ▕████████████████  ▏  39 GB/ 42 GB  291 MB/s     10s[K[?25h[?2026l[?2026h[?25l[A[1Gpulling manifest [K
pulling 4cd576d9aa16:  93% ▕████████████████  ▏  39 GB/ 42 GB  291 MB/s     10s[K[?25h[?2026l[?2026h[?25l[A[1Gpulling manifest [K
pulling 4cd576d9aa16:  93% ▕████████████████  ▏  39 GB/ 42 GB  291 MB/s      9s[K[?25h[?2026l[?2026h[?25l[A[1Gpulling manifest [K
pulling 4cd576d9aa16:  93% ▕████████████████  ▏  39 GB/ 42 GB  291 MB/s      9s[K[?25h[?2026l[?2026h[?25l[A[1Gpulling manifest [K
pulling 4cd576d9aa16:  94% ▕████████████████  ▏  39 GB/ 42 GB  291 MB/s      9s[K[?25h[?2026l[?2026h[?25l[A[1Gpulling manifest [K
pulling 4cd576d9aa16:  94% ▕████████████████  ▏  39 GB/ 42 GB  291 MB/s      9s[K[?25h[?2026l[?2026h[?25l[A[1Gpulling manifest [K
pulling 4cd576d9aa16:  94% ▕████████████████  ▏  39 GB/ 42 GB  291 MB/s      9s[K[?25h[?2026l[?2026h[?25l[A[1Gpulling manifest [K
pulling 4cd576d9aa16:  94% ▕████████████████  ▏  39 GB/ 42 GB  291 MB/s      8s[K[?25h[?2026l[?2026h[?25l[A[1Gpulling manifest [K
pulling 4cd576d9aa16:  94% ▕████████████████  ▏  39 GB/ 42 GB  291 MB/s      8s[K[?25h[?2026l[?2026h[?25l[A[1Gpulling manifest [K
pulling 4cd576d9aa16:  94% ▕████████████████  ▏  40 GB/ 42 GB  333 MB/s      7s[K[?25h[?2026l[?2026h[?25l[A[1Gpulling manifest [K
pulling 4cd576d9aa16:  94% ▕████████████████  ▏  40 GB/ 42 GB  333 MB/s      7s[K[?25h[?2026l[?2026h[?25l[A[1Gpulling manifest [K
pulling 4cd576d9aa16:  94% ▕█████████████████ ▏  40 GB/ 42 GB  333 MB/s      7s[K[?25h[?2026l[?2026h[?25l[A[1Gpulling manifest [K
pulling 4cd576d9aa16:  95% ▕█████████████████ ▏  40 GB/ 42 GB  333 MB/s      6s[K[?25h[?2026l[?2026h[?25l[A[1Gpulling manifest [K
pulling 4cd576d9aa16:  95% ▕█████████████████ ▏  40 GB/ 42 GB  333 MB/s      6s[K[?25h[?2026l[?2026h[?25l[A[1Gpulling manifest [K
pulling 4cd576d9aa16:  95% ▕█████████████████ ▏  40 GB/ 42 GB  333 MB/s      6s[K[?25h[?2026l[?2026h[?25l[A[1Gpulling manifest [K
pulling 4cd576d9aa16:  95% ▕█████████████████ ▏  40 GB/ 42 GB  333 MB/s      6s[K[?25h[?2026l[?2026h[?25l[A[1Gpulling manifest [K
pulling 4cd576d9aa16:  95% ▕█████████████████ ▏  40 GB/ 42 GB  333 MB/s      6s[K[?25h[?2026l[?2026h[?25l[A[1Gpulling manifest [K
pulling 4cd576d9aa16:  95% ▕█████████████████ ▏  40 GB/ 42 GB  333 MB/s      5s[K[?25h[?2026l[?2026h[?25l[A[1Gpulling manifest [K
pulling 4cd576d9aa16:  96% ▕█████████████████ ▏  40 GB/ 42 GB  333 MB/s      5s[K[?25h[?2026l[?2026h[?25l[A[1Gpulling manifest [K
pulling 4cd576d9aa16:  96% ▕█████████████████ ▏  40 GB/ 42 GB  376 MB/s      4s[K[?25h[?2026l[?2026h[?25l[A[1Gpulling manifest [K
pulling 4cd576d9aa16:  96% ▕█████████████████ ▏  40 GB/ 42 GB  376 MB/s      4s[K[?25h[?2026l[?2026h[?25l[A[1Gpulling manifest [K
pulling 4cd576d9aa16:  96% ▕█████████████████ ▏  40 GB/ 42 GB  376 MB/s      4s[K[?25h[?2026l[?2026h[?25l[A[1Gpulling manifest [K
pulling 4cd576d9aa16:  96% ▕█████████████████ ▏  40 GB/ 42 GB  376 MB/s      4s[K[?25h[?2026l[?2026h[?25l[A[1Gpulling manifest [K
pulling 4cd576d9aa16:  96% ▕█████████████████ ▏  40 GB/ 42 GB  376 MB/s      4s[K[?25h[?2026l[?2026h[?25l[A[1Gpulling manifest [K
pulling 4cd576d9aa16:  96% ▕█████████████████ ▏  41 GB/ 42 GB  376 MB/s      4s[K[?25h[?2026l[?2026h[?25l[A[1Gpulling manifest [K
pulling 4cd576d9aa16:  97% ▕█████████████████ ▏  41 GB/ 42 GB  376 MB/s      3s[K[?25h[?2026l[?2026h[?25l[A[1Gpulling manifest [K
pulling 4cd576d9aa16:  97% ▕█████████████████ ▏  41 GB/ 42 GB  376 MB/s      3s[K[?25h[?2026l[?2026h[?25l[A[1Gpulling manifest [K
pulling 4cd576d9aa16:  97% ▕█████████████████ ▏  41 GB/ 42 GB  376 MB/s      3s[K[?25h[?2026l[?2026h[?25l[A[1Gpulling manifest [K
pulling 4cd576d9aa16:  97% ▕█████████████████ ▏  41 GB/ 42 GB  376 MB/s      3s[K[?25h[?2026l[?2026h[?25l[A[1Gpulling manifest [K
pulling 4cd576d9aa16:  97% ▕█████████████████ ▏  41 GB/ 42 GB  376 MB/s      3s[K[?25h[?2026l[?2026h[?25l[A[1Gpulling manifest [K
pulling 4cd576d9aa16:  97% ▕█████████████████ ▏  41 GB/ 42 GB  418 MB/s      2s[K[?25h[?2026l[?2026h[?25l[A[1Gpulling manifest [K
pulling 4cd576d9aa16:  97% ▕█████████████████ ▏  41 GB/ 42 GB  418 MB/s      2s[K[?25h[?2026l[?2026h[?25l[A[1Gpulling manifest [K
pulling 4cd576d9aa16:  98% ▕█████████████████ ▏  41 GB/ 42 GB  418 MB/s      2s[K[?25h[?2026l[?2026h[?25l[A[1Gpulling manifest [K
pulling 4cd576d9aa16:  98% ▕█████████████████ ▏  41 GB/ 42 GB  418 MB/s      2s[K[?25h[?2026l[?2026h[?25l[A[1Gpulling manifest [K
pulling 4cd576d9aa16:  98% ▕█████████████████ ▏  41 GB/ 42 GB  418 MB/s      2s[K[?25h[?2026l[?2026h[?25l[A[1Gpulling manifest [K
pulling 4cd576d9aa16:  98% ▕█████████████████ ▏  41 GB/ 42 GB  418 MB/s      2s[K[?25h[?2026l[?2026h[?25l[A[1Gpulling manifest [K
pulling 4cd576d9aa16:  98% ▕█████████████████ ▏  41 GB/ 42 GB  418 MB/s      1s[K[?25h[?2026l[?2026h[?25l[A[1Gpulling manifest [K
pulling 4cd576d9aa16:  98% ▕█████████████████ ▏  41 GB/ 42 GB  418 MB/s      1s[K[?25h[?2026l[?2026h[?25l[A[1Gpulling manifest [K
pulling 4cd576d9aa16:  98% ▕█████████████████ ▏  41 GB/ 42 GB  418 MB/s      1s[K[?25h[?2026l[?2026h[?25l[A[1Gpulling manifest [K
pulling 4cd576d9aa16:  99% ▕█████████████████ ▏  41 GB/ 42 GB  418 MB/s      1s[K[?25h[?2026l[?2026h[?25l[A[1Gpulling manifest [K
pulling 4cd576d9aa16:  99% ▕█████████████████ ▏  42 GB/ 42 GB  460 MB/s      1s[K[?25h[?2026l[?2026h[?25l[A[1Gpulling manifest [K
pulling 4cd576d9aa16:  99% ▕█████████████████ ▏  42 GB/ 42 GB  460 MB/s      1s[K[?25h[?2026l[?2026h[?25l[A[1Gpulling manifest [K
pulling 4cd576d9aa16:  99% ▕█████████████████ ▏  42 GB/ 42 GB  460 MB/s      0s[K[?25h[?2026l[?2026h[?25l[A[1Gpulling manifest [K
pulling 4cd576d9aa16:  99% ▕█████████████████ ▏  42 GB/ 42 GB  460 MB/s      0s[K[?25h[?2026l[?2026h[?25l[A[1Gpulling manifest [K
pulling 4cd576d9aa16:  99% ▕█████████████████ ▏  42 GB/ 42 GB  460 MB/s      0s[K[?25h[?2026l[?2026h[?25l[A[1Gpulling manifest [K
pulling 4cd576d9aa16:  99% ▕█████████████████ ▏  42 GB/ 42 GB  460 MB/s      0s[K[?25h[?2026l[?2026h[?25l[A[1Gpulling manifest [K
pulling 4cd576d9aa16:  99% ▕█████████████████ ▏  42 GB/ 42 GB  460 MB/s      0s[K[?25h[?2026l[?2026h[?25l[A[1Gpulling manifest [K
pulling 4cd576d9aa16:  99% ▕█████████████████ ▏  42 GB/ 42 GB  460 MB/s      0s[K[?25h[?2026l[?2026h[?25l[A[1Gpulling manifest [K
pulling 4cd576d9aa16:  99% ▕█████████████████ ▏  42 GB/ 42 GB  460 MB/s      0s[K[?25h[?2026l[?2026h[?25l[A[1Gpulling manifest [K
pulling 4cd576d9aa16:  99% ▕█████████████████ ▏  42 GB/ 42 GB  460 MB/s      0s[K[?25h[?2026l[?2026h[?25l[A[1Gpulling manifest [K
pulling 4cd576d9aa16: 100% ▕█████████████████ ▏  42 GB/ 42 GB  470 MB/s      0s[K[?25h[?2026l[?2026h[?25l[A[1Gpulling manifest [K
pulling 4cd576d9aa16: 100% ▕█████████████████ ▏  42 GB/ 42 GB  470 MB/s      0s[K[?25h[?2026l[?2026h[?25l[A[1Gpulling manifest [K
pulling 4cd576d9aa16: 100% ▕█████████████████ ▏  42 GB/ 42 GB  470 MB/s      0s[K[?25h[?2026l[?2026h[?25l[A[1Gpulling manifest [K
pulling 4cd576d9aa16: 100% ▕█████████████████ ▏  42 GB/ 42 GB  470 MB/s      0s[K[?25h[?2026l[?2026h[?25l[A[1Gpulling manifest [K
pulling 4cd576d9aa16: 100% ▕█████████████████ ▏  42 GB/ 42 GB  470 MB/s      0s[K[?25h[?2026l[?2026h[?25l[A[1Gpulling manifest [K
pulling 4cd576d9aa16: 100% ▕█████████████████ ▏  42 GB/ 42 GB  470 MB/s      0s[K[?25h[?2026l[?2026h[?25l[A[1Gpulling manifest [K
pulling 4cd576d9aa16: 100% ▕█████████████████ ▏  42 GB/ 42 GB  470 MB/s      0s[K[?25h[?2026l[?2026h[?25l[A[1Gpulling manifest [K
pulling 4cd576d9aa16: 100% ▕█████████████████ ▏  42 GB/ 42 GB  470 MB/s      0s[K[?25h[?2026l[?2026h[?25l[A[1Gpulling manifest [K
pulling 4cd576d9aa16: 100% ▕█████████████████ ▏  42 GB/ 42 GB  470 MB/s      0s[K[?25h[?2026l[?2026h[?25l[A[1Gpulling manifest [K
pulling 4cd576d9aa16: 100% ▕█████████████████ ▏  42 GB/ 42 GB  470 MB/s      0s[K[?25h[?2026l[?2026h[?25l[A[1Gpulling manifest [K
pulling 4cd576d9aa16: 100% ▕█████████████████ ▏  42 GB/ 42 GB  457 MB/s      0s[K[?25h[?2026l[?2026h[?25l[A[1Gpulling manifest [K
pulling 4cd576d9aa16: 100% ▕█████████████████ ▏  42 GB/ 42 GB  457 MB/s      0s[K[?25h[?2026l[?2026h[?25l[A[1Gpulling manifest [K
pulling 4cd576d9aa16: 100% ▕█████████████████ ▏  42 GB/ 42 GB  457 MB/s      0s[K[?25h[?2026l[?2026h[?25l[A[1Gpulling manifest [K
pulling 4cd576d9aa16: 100% ▕█████████████████ ▏  42 GB/ 42 GB  457 MB/s      0s[K[?25h[?2026l[?2026h[?25l[A[1Gpulling manifest [K
pulling 4cd576d9aa16: 100% ▕█████████████████ ▏  42 GB/ 42 GB  457 MB/s      0s[K[?25h[?2026l[?2026h[?25l[A[1Gpulling manifest [K
pulling 4cd576d9aa16: 100% ▕█████████████████ ▏  42 GB/ 42 GB  457 MB/s      0s[K[?25h[?2026l[?2026h[?25l[A[1Gpulling manifest [K
pulling 4cd576d9aa16: 100% ▕█████████████████ ▏  42 GB/ 42 GB  457 MB/s      0s[K[?25h[?2026l[?2026h[?25l[A[1Gpulling manifest [K
pulling 4cd576d9aa16: 100% ▕█████████████████ ▏  42 GB/ 42 GB  457 MB/s      0s[K[?25h[?2026l[?2026h[?25l[A[1Gpulling manifest [K
pulling 4cd576d9aa16: 100% ▕█████████████████ ▏  42 GB/ 42 GB  457 MB/s      0s[K[?25h[?2026l[?2026h[?25l[A[1Gpulling manifest [K
pulling 4cd576d9aa16: 100% ▕█████████████████ ▏  42 GB/ 42 GB  457 MB/s      0s[K[?25h[?2026l[?2026h[?25l[A[1Gpulling manifest [K
pulling 4cd576d9aa16: 100% ▕█████████████████ ▏  42 GB/ 42 GB  434 MB/s      0s[K[?25h[?2026l[?2026h[?25l[A[1Gpulling manifest [K
pulling 4cd576d9aa16: 100% ▕█████████████████ ▏  42 GB/ 42 GB  434 MB/s      0s[K[?25h[?2026l[?2026h[?25l[A[1Gpulling manifest [K
pulling 4cd576d9aa16: 100% ▕█████████████████ ▏  42 GB/ 42 GB  434 MB/s      0s[K[?25h[?2026l[?2026h[?25l[A[1Gpulling manifest [K
pulling 4cd576d9aa16: 100% ▕█████████████████ ▏  42 GB/ 42 GB  434 MB/s      0s[K[?25h[?2026l[?2026h[?25l[A[1Gpulling manifest [K
pulling 4cd576d9aa16: 100% ▕█████████████████ ▏  42 GB/ 42 GB  434 MB/s      0s[K[?25h[?2026l[?2026h[?25l[A[1Gpulling manifest [K
pulling 4cd576d9aa16: 100% ▕█████████████████ ▏  42 GB/ 42 GB  434 MB/s      0s[K[?25h[?2026l[?2026h[?25l[A[1Gpulling manifest [K
pulling 4cd576d9aa16: 100% ▕█████████████████ ▏  42 GB/ 42 GB  434 MB/s      0s[K[?25h[?2026l[?2026h[?25l[A[1Gpulling manifest [K
pulling 4cd576d9aa16: 100% ▕█████████████████ ▏  42 GB/ 42 GB  434 MB/s      0s[K[?25h[?2026l[?2026h[?25l[A[1Gpulling manifest [K
pulling 4cd576d9aa16: 100% ▕█████████████████ ▏  42 GB/ 42 GB  434 MB/s      0s[K[?25h[?2026l[?2026h[?25l[A[1Gpulling manifest [K
pulling 4cd576d9aa16: 100% ▕█████████████████ ▏  42 GB/ 42 GB  434 MB/s      0s[K[?25h[?2026l[?2026h[?25l[A[1Gpulling manifest [K
pulling 4cd576d9aa16: 100% ▕█████████████████ ▏  42 GB/ 42 GB  434 MB/s      0s[K[?25h[?2026l[?2026h[?25l[A[1Gpulling manifest [K
pulling 4cd576d9aa16: 100% ▕█████████████████ ▏  42 GB/ 42 GB  434 MB/s      0s[K[?25h[?2026l[?2026h[?25l[A[1Gpulling manifest [K
pulling 4cd576d9aa16: 100% ▕█████████████████ ▏  42 GB/ 42 GB  434 MB/s      0s[K[?25h[?2026l[?2026h[?25l[A[1Gpulling manifest [K
pulling 4cd576d9aa16: 100% ▕█████████████████ ▏  42 GB/ 42 GB  434 MB/s      0s[K[?25h[?2026l[?2026h[?25l[A[1Gpulling manifest [K
pulling 4cd576d9aa16: 100% ▕█████████████████ ▏  42 GB/ 42 GB  434 MB/s      0s[K[?25h[?2026l[?2026h[?25l[A[1Gpulling manifest [K
pulling 4cd576d9aa16: 100% ▕█████████████████ ▏  42 GB/ 42 GB  434 MB/s      0s[K[?25h[?2026l[?2026h[?25l[A[1Gpulling manifest [K
pulling 4cd576d9aa16: 100% ▕█████████████████ ▏  42 GB/ 42 GB  434 MB/s      0s[K
verifying sha256 digest ⠋ [K[?25h[?2026l[?2026h[?25l[A[A[1Gpulling manifest [K
pulling 4cd576d9aa16: 100% ▕█████████████████ ▏  42 GB/ 42 GB  434 MB/s      0s[K
verifying sha256 digest ⠙ [K[?25h[?2026l[?2026h[?25l[A[A[1Gpulling manifest [K
pulling 4cd576d9aa16: 100% ▕█████████████████ ▏  42 GB/ 42 GB  434 MB/s      0s[K
verifying sha256 digest ⠹ [K[?25h[?2026l[?2026h[?25l[A[A[1Gpulling manifest [K
pulling 4cd576d9aa16: 100% ▕█████████████████ ▏  42 GB/ 42 GB  434 MB/s      0s[K
verifying sha256 digest ⠸ [K[?25h[?2026l[?2026h[?25l[A[A[1Gpulling manifest [K
pulling 4cd576d9aa16: 100% ▕█████████████████ ▏  42 GB/ 42 GB  434 MB/s      0s[K
verifying sha256 digest ⠼ [K[?25h[?2026l[?2026h[?25l[A[A[1Gpulling manifest [K
pulling 4cd576d9aa16: 100% ▕█████████████████ ▏  42 GB/ 42 GB  434 MB/s      0s[K
verifying sha256 digest ⠴ [K[?25h[?2026l[?2026h[?25l[A[A[1Gpulling manifest [K
pulling 4cd576d9aa16: 100% ▕█████████████████ ▏  42 GB/ 42 GB  434 MB/s      0s[K
verifying sha256 digest ⠦ [K[?25h[?2026l[?2026h[?25l[A[A[1Gpulling manifest [K
pulling 4cd576d9aa16: 100% ▕█████████████████ ▏  42 GB/ 42 GB  434 MB/s      0s[K
verifying sha256 digest ⠧ [K[?25h[?2026l[?2026h[?25l[A[A[1Gpulling manifest [K
pulling 4cd576d9aa16: 100% ▕█████████████████ ▏  42 GB/ 42 GB  434 MB/s      0s[K
verifying sha256 digest ⠇ [K[?25h[?2026l[?2026h[?25l[A[A[1Gpulling manifest [K
pulling 4cd576d9aa16: 100% ▕█████████████████ ▏  42 GB/ 42 GB  434 MB/s      0s[K
verifying sha256 digest ⠏ [K[?25h[?2026l[?2026h[?25l[A[A[1Gpulling manifest [K
pulling 4cd576d9aa16: 100% ▕█████████████████ ▏  42 GB/ 42 GB  434 MB/s      0s[K
verifying sha256 digest ⠋ [K[?25h[?2026l[?2026h[?25l[A[A[1Gpulling manifest [K
pulling 4cd576d9aa16: 100% ▕█████████████████ ▏  42 GB/ 42 GB  434 MB/s      0s[K
verifying sha256 digest ⠙ [K[?25h[?2026l[?2026h[?25l[A[A[1Gpulling manifest [K
pulling 4cd576d9aa16: 100% ▕█████████████████ ▏  42 GB/ 42 GB  434 MB/s      0s[K
verifying sha256 digest ⠹ [K[?25h[?2026l[?2026h[?25l[A[A[1Gpulling manifest [K
pulling 4cd576d9aa16: 100% ▕█████████████████ ▏  42 GB/ 42 GB  434 MB/s      0s[K
verifying sha256 digest ⠸ [K[?25h[?2026l[?2026h[?25l[A[A[1Gpulling manifest [K
pulling 4cd576d9aa16: 100% ▕█████████████████ ▏  42 GB/ 42 GB  434 MB/s      0s[K
verifying sha256 digest ⠼ [K[?25h[?2026l[?2026h[?25l[A[A[1Gpulling manifest [K
pulling 4cd576d9aa16: 100% ▕█████████████████ ▏  42 GB/ 42 GB  434 MB/s      0s[K
verifying sha256 digest ⠴ [K[?25h[?2026l[?2026h[?25l[A[A[1Gpulling manifest [K
pulling 4cd576d9aa16: 100% ▕█████████████████ ▏  42 GB/ 42 GB  434 MB/s      0s[K
verifying sha256 digest ⠦ [K[?25h[?2026l[?2026h[?25l[A[A[1Gpulling manifest [K
pulling 4cd576d9aa16: 100% ▕█████████████████ ▏  42 GB/ 42 GB  434 MB/s      0s[K
verifying sha256 digest ⠧ [K[?25h[?2026l[?2026h[?25l[A[A[1Gpulling manifest [K
pulling 4cd576d9aa16: 100% ▕█████████████████ ▏  42 GB/ 42 GB  434 MB/s      0s[K
verifying sha256 digest ⠇ [K[?25h[?2026l[?2026h[?25l[A[A[1Gpulling manifest [K
pulling 4cd576d9aa16: 100% ▕█████████████████ ▏  42 GB/ 42 GB  434 MB/s      0s[K
verifying sha256 digest ⠏ [K[?25h[?2026l[?2026h[?25l[A[A[1Gpulling manifest [K
pulling 4cd576d9aa16: 100% ▕█████████████████ ▏  42 GB/ 42 GB  434 MB/s      0s[K
verifying sha256 digest ⠋ [K[?25h[?2026l[?2026h[?25l[A[A[1Gpulling manifest [K
pulling 4cd576d9aa16: 100% ▕█████████████████ ▏  42 GB/ 42 GB  434 MB/s      0s[K
verifying sha256 digest ⠙ [K[?25h[?2026l[?2026h[?25l[A[A[1Gpulling manifest [K
pulling 4cd576d9aa16: 100% ▕█████████████████ ▏  42 GB/ 42 GB  434 MB/s      0s[K
verifying sha256 digest ⠹ [K[?25h[?2026l[?2026h[?25l[A[A[1Gpulling manifest [K
pulling 4cd576d9aa16: 100% ▕█████████████████ ▏  42 GB/ 42 GB  434 MB/s      0s[K
verifying sha256 digest ⠸ [K[?25h[?2026l[?2026h[?25l[A[A[1Gpulling manifest [K
pulling 4cd576d9aa16: 100% ▕█████████████████ ▏  42 GB/ 42 GB  434 MB/s      0s[K
verifying sha256 digest ⠼ [K[?25h[?2026l[?2026h[?25l[A[A[1Gpulling manifest [K
pulling 4cd576d9aa16: 100% ▕█████████████████ ▏  42 GB/ 42 GB  434 MB/s      0s[K
verifying sha256 digest ⠴ [K[?25h[?2026l[?2026h[?25l[A[A[1Gpulling manifest [K
pulling 4cd576d9aa16: 100% ▕█████████████████ ▏  42 GB/ 42 GB  434 MB/s      0s[K
verifying sha256 digest ⠦ [K[?25h[?2026l[?2026h[?25l[A[A[1Gpulling manifest [K
pulling 4cd576d9aa16: 100% ▕█████████████████ ▏  42 GB/ 42 GB  434 MB/s      0s[K
verifying sha256 digest ⠧ [K[?25h[?2026l[?2026h[?25l[A[A[1Gpulling manifest [K
pulling 4cd576d9aa16: 100% ▕█████████████████ ▏  42 GB/ 42 GB  434 MB/s      0s[K
verifying sha256 digest ⠇ [K[?25h[?2026l[?2026h[?25l[A[A[1Gpulling manifest [K
pulling 4cd576d9aa16: 100% ▕█████████████████ ▏  42 GB/ 42 GB  434 MB/s      0s[K
verifying sha256 digest ⠏ [K[?25h[?2026l[?2026h[?25l[A[A[1Gpulling manifest [K
pulling 4cd576d9aa16: 100% ▕█████████████████ ▏  42 GB/ 42 GB  434 MB/s      0s[K
verifying sha256 digest ⠋ [K[?25h[?2026l[?2026h[?25l[A[A[1Gpulling manifest [K
pulling 4cd576d9aa16: 100% ▕█████████████████ ▏  42 GB/ 42 GB  434 MB/s      0s[K
verifying sha256 digest ⠙ [K[?25h[?2026l[?2026h[?25l[A[A[1Gpulling manifest [K
pulling 4cd576d9aa16: 100% ▕█████████████████ ▏  42 GB/ 42 GB  434 MB/s      0s[K
verifying sha256 digest ⠹ [K[?25h[?2026l[?2026h[?25l[A[A[1Gpulling manifest [K
pulling 4cd576d9aa16: 100% ▕█████████████████ ▏  42 GB/ 42 GB  434 MB/s      0s[K
verifying sha256 digest ⠸ [K[?25h[?2026l[?2026h[?25l[A[A[1Gpulling manifest [K
pulling 4cd576d9aa16: 100% ▕█████████████████ ▏  42 GB/ 42 GB  434 MB/s      0s[K
verifying sha256 digest ⠼ [K[?25h[?2026l[?2026h[?25l[A[A[1Gpulling manifest [K
pulling 4cd576d9aa16: 100% ▕█████████████████ ▏  42 GB/ 42 GB  434 MB/s      0s[K
verifying sha256 digest ⠴ [K[?25h[?2026l[?2026h[?25l[A[A[1Gpulling manifest [K
pulling 4cd576d9aa16: 100% ▕█████████████████ ▏  42 GB/ 42 GB  434 MB/s      0s[K
verifying sha256 digest ⠦ [K[?25h[?2026l[?2026h[?25l[A[A[1Gpulling manifest [K
pulling 4cd576d9aa16: 100% ▕█████████████████ ▏  42 GB/ 42 GB  434 MB/s      0s[K
verifying sha256 digest ⠧ [K[?25h[?2026l[?2026h[?25l[A[A[1Gpulling manifest [K
pulling 4cd576d9aa16: 100% ▕█████████████████ ▏  42 GB/ 42 GB  434 MB/s      0s[K
verifying sha256 digest ⠇ [K[?25h[?2026l[?2026h[?25l[A[A[1Gpulling manifest [K
pulling 4cd576d9aa16: 100% ▕█████████████████ ▏  42 GB/ 42 GB  434 MB/s      0s[K
verifying sha256 digest ⠏ [K[?25h[?2026l[?2026h[?25l[A[A[1Gpulling manifest [K
pulling 4cd576d9aa16: 100% ▕█████████████████ ▏  42 GB/ 42 GB  434 MB/s      0s[K
verifying sha256 digest ⠋ [K[?25h[?2026l[?2026h[?25l[A[A[1Gpulling manifest [K
pulling 4cd576d9aa16: 100% ▕█████████████████ ▏  42 GB/ 42 GB  434 MB/s      0s[K
verifying sha256 digest ⠙ [K[?25h[?2026l[?2026h[?25l[A[A[1Gpulling manifest [K
pulling 4cd576d9aa16: 100% ▕█████████████████ ▏  42 GB/ 42 GB  434 MB/s      0s[K
verifying sha256 digest ⠹ [K[?25h[?2026l[?2026h[?25l[A[A[1Gpulling manifest [K
pulling 4cd576d9aa16: 100% ▕█████████████████ ▏  42 GB/ 42 GB  434 MB/s      0s[K
verifying sha256 digest ⠸ [K[?25h[?2026l[?2026h[?25l[A[A[1Gpulling manifest [K
pulling 4cd576d9aa16: 100% ▕█████████████████ ▏  42 GB/ 42 GB  434 MB/s      0s[K
verifying sha256 digest ⠼ [K[?25h[?2026l[?2026h[?25l[A[A[1Gpulling manifest [K
pulling 4cd576d9aa16: 100% ▕█████████████████ ▏  42 GB/ 42 GB  434 MB/s      0s[K
verifying sha256 digest ⠴ [K[?25h[?2026l[?2026h[?25l[A[A[1Gpulling manifest [K
pulling 4cd576d9aa16: 100% ▕█████████████████ ▏  42 GB/ 42 GB  434 MB/s      0s[K
verifying sha256 digest ⠦ [K[?25h[?2026l[?2026h[?25l[A[A[1Gpulling manifest [K
pulling 4cd576d9aa16: 100% ▕█████████████████ ▏  42 GB/ 42 GB  434 MB/s      0s[K
verifying sha256 digest ⠧ [K[?25h[?2026l[?2026h[?25l[A[A[1Gpulling manifest [K
pulling 4cd576d9aa16: 100% ▕█████████████████ ▏  42 GB/ 42 GB  434 MB/s      0s[K
verifying sha256 digest ⠇ [K[?25h[?2026l[?2026h[?25l[A[A[1Gpulling manifest [K
pulling 4cd576d9aa16: 100% ▕█████████████████ ▏  42 GB/ 42 GB  434 MB/s      0s[K
verifying sha256 digest ⠏ [K[?25h[?2026l[?2026h[?25l[A[A[1Gpulling manifest [K
pulling 4cd576d9aa16: 100% ▕█████████████████ ▏  42 GB/ 42 GB  434 MB/s      0s[K
verifying sha256 digest ⠋ [K[?25h[?2026l[?2026h[?25l[A[A[1Gpulling manifest [K
pulling 4cd576d9aa16: 100% ▕█████████████████ ▏  42 GB/ 42 GB  434 MB/s      0s[K
verifying sha256 digest ⠙ [K[?25h[?2026l[?2026h[?25l[A[A[1Gpulling manifest [K
pulling 4cd576d9aa16: 100% ▕█████████████████ ▏  42 GB/ 42 GB  434 MB/s      0s[K
verifying sha256 digest ⠹ [K[?25h[?2026l[?2026h[?25l[A[A[1Gpulling manifest [K
pulling 4cd576d9aa16: 100% ▕█████████████████ ▏  42 GB/ 42 GB  434 MB/s      0s[K
verifying sha256 digest ⠸ [K[?25h[?2026l[?2026h[?25l[A[A[1Gpulling manifest [K
pulling 4cd576d9aa16: 100% ▕█████████████████ ▏  42 GB/ 42 GB  434 MB/s      0s[K
verifying sha256 digest ⠼ [K[?25h[?2026l[?2026h[?25l[A[A[1Gpulling manifest [K
pulling 4cd576d9aa16: 100% ▕█████████████████ ▏  42 GB/ 42 GB  434 MB/s      0s[K
verifying sha256 digest ⠴ [K[?25h[?2026l[?2026h[?25l[A[A[1Gpulling manifest [K
pulling 4cd576d9aa16: 100% ▕█████████████████ ▏  42 GB/ 42 GB  434 MB/s      0s[K
verifying sha256 digest ⠦ [K[?25h[?2026l[?2026h[?25l[A[A[1Gpulling manifest [K
pulling 4cd576d9aa16: 100% ▕█████████████████ ▏  42 GB/ 42 GB  434 MB/s      0s[K
verifying sha256 digest ⠧ [K[?25h[?2026l[?2026h[?25l[A[A[1Gpulling manifest [K
pulling 4cd576d9aa16: 100% ▕█████████████████ ▏  42 GB/ 42 GB  434 MB/s      0s[K
verifying sha256 digest ⠇ [K[?25h[?2026l[?2026h[?25l[A[A[1Gpulling manifest [K
pulling 4cd576d9aa16: 100% ▕█████████████████ ▏  42 GB/ 42 GB  434 MB/s      0s[K
verifying sha256 digest ⠏ [K[?25h[?2026l[?2026h[?25l[A[A[1Gpulling manifest [K
pulling 4cd576d9aa16: 100% ▕█████████████████ ▏  42 GB/ 42 GB  434 MB/s      0s[K
verifying sha256 digest ⠋ [K[?25h[?2026l[?2026h[?25l[A[A[1Gpulling manifest [K
pulling 4cd576d9aa16: 100% ▕█████████████████ ▏  42 GB/ 42 GB  434 MB/s      0s[K
verifying sha256 digest ⠙ [K[?25h[?2026l[?2026h[?25l[A[A[1Gpulling manifest [K
pulling 4cd576d9aa16: 100% ▕█████████████████ ▏  42 GB/ 42 GB  434 MB/s      0s[K
verifying sha256 digest ⠹ [K[?25h[?2026l[?2026h[?25l[A[A[1Gpulling manifest [K
pulling 4cd576d9aa16: 100% ▕█████████████████ ▏  42 GB/ 42 GB  434 MB/s      0s[K
verifying sha256 digest ⠸ [K[?25h[?2026l[?2026h[?25l[A[A[1Gpulling manifest [K
pulling 4cd576d9aa16: 100% ▕█████████████████ ▏  42 GB/ 42 GB  434 MB/s      0s[K
verifying sha256 digest ⠼ [K[?25h[?2026l[?2026h[?25l[A[A[1Gpulling manifest [K
pulling 4cd576d9aa16: 100% ▕█████████████████ ▏  42 GB/ 42 GB  434 MB/s      0s[K
verifying sha256 digest ⠴ [K[?25h[?2026l[?2026h[?25l[A[A[1Gpulling manifest [K
pulling 4cd576d9aa16: 100% ▕█████████████████ ▏  42 GB/ 42 GB  434 MB/s      0s[K
verifying sha256 digest ⠦ [K[?25h[?2026l[?2026h[?25l[A[A[1Gpulling manifest [K
pulling 4cd576d9aa16: 100% ▕█████████████████ ▏  42 GB/ 42 GB  434 MB/s      0s[K
verifying sha256 digest ⠧ [K[?25h[?2026l[?2026h[?25l[A[A[1Gpulling manifest [K
pulling 4cd576d9aa16: 100% ▕█████████████████ ▏  42 GB/ 42 GB  434 MB/s      0s[K
verifying sha256 digest ⠇ [K[?25h[?2026l[?2026h[?25l[A[A[1Gpulling manifest [K
pulling 4cd576d9aa16: 100% ▕█████████████████ ▏  42 GB/ 42 GB  434 MB/s      0s[K
verifying sha256 digest ⠏ [K[?25h[?2026l[?2026h[?25l[A[A[1Gpulling manifest [K
pulling 4cd576d9aa16: 100% ▕█████████████████ ▏  42 GB/ 42 GB  434 MB/s      0s[K
verifying sha256 digest ⠋ [K[?25h[?2026l[?2026h[?25l[A[A[1Gpulling manifest [K
pulling 4cd576d9aa16: 100% ▕█████████████████ ▏  42 GB/ 42 GB  434 MB/s      0s[K
verifying sha256 digest ⠙ [K[?25h[?2026l[?2026h[?25l[A[A[1Gpulling manifest [K
pulling 4cd576d9aa16: 100% ▕█████████████████ ▏  42 GB/ 42 GB  434 MB/s      0s[K
verifying sha256 digest ⠹ [K[?25h[?2026l[?2026h[?25l[A[A[1Gpulling manifest [K
pulling 4cd576d9aa16: 100% ▕█████████████████ ▏  42 GB/ 42 GB  434 MB/s      0s[K
verifying sha256 digest ⠸ [K[?25h[?2026l[?2026h[?25l[A[A[1Gpulling manifest [K
pulling 4cd576d9aa16: 100% ▕█████████████████ ▏  42 GB/ 42 GB  434 MB/s      0s[K
verifying sha256 digest ⠼ [K[?25h[?2026l[?2026h[?25l[A[A[1Gpulling manifest [K
pulling 4cd576d9aa16: 100% ▕█████████████████ ▏  42 GB/ 42 GB  434 MB/s      0s[K
verifying sha256 digest ⠴ [K[?25h[?2026l[?2026h[?25l[A[A[1Gpulling manifest [K
pulling 4cd576d9aa16: 100% ▕█████████████████ ▏  42 GB/ 42 GB  434 MB/s      0s[K
verifying sha256 digest ⠦ [K[?25h[?2026l[?2026h[?25l[A[A[1Gpulling manifest [K
pulling 4cd576d9aa16: 100% ▕█████████████████ ▏  42 GB/ 42 GB  434 MB/s      0s[K
verifying sha256 digest ⠧ [K[?25h[?2026l[?2026h[?25l[A[A[1Gpulling manifest [K
pulling 4cd576d9aa16: 100% ▕█████████████████ ▏  42 GB/ 42 GB  434 MB/s      0s[K
verifying sha256 digest ⠇ [K[?25h[?2026l[?2026h[?25l[A[A[1Gpulling manifest [K
pulling 4cd576d9aa16: 100% ▕█████████████████ ▏  42 GB/ 42 GB  434 MB/s      0s[K
verifying sha256 digest ⠏ [K[?25h[?2026l[?2026h[?25l[A[A[1Gpulling manifest [K
pulling 4cd576d9aa16: 100% ▕█████████████████ ▏  42 GB/ 42 GB  434 MB/s      0s[K
verifying sha256 digest ⠋ [K[?25h[?2026l[?2026h[?25l[A[A[1Gpulling manifest [K
pulling 4cd576d9aa16: 100% ▕█████████████████ ▏  42 GB/ 42 GB  434 MB/s      0s[K
verifying sha256 digest ⠙ [K[?25h[?2026l[?2026h[?25l[A[A[1Gpulling manifest [K
pulling 4cd576d9aa16: 100% ▕█████████████████ ▏  42 GB/ 42 GB  434 MB/s      0s[K
verifying sha256 digest ⠹ [K[?25h[?2026l[?2026h[?25l[A[A[1Gpulling manifest [K
pulling 4cd576d9aa16: 100% ▕█████████████████ ▏  42 GB/ 42 GB  434 MB/s      0s[K
verifying sha256 digest ⠸ [K[?25h[?2026l[?2026h[?25l[A[A[1Gpulling manifest [K
pulling 4cd576d9aa16: 100% ▕█████████████████ ▏  42 GB/ 42 GB  434 MB/s      0s[K
verifying sha256 digest ⠼ [K[?25h[?2026l[?2026h[?25l[A[A[1Gpulling manifest [K
pulling 4cd576d9aa16: 100% ▕█████████████████ ▏  42 GB/ 42 GB  434 MB/s      0s[K
verifying sha256 digest ⠴ [K[?25h[?2026l[?2026h[?25l[A[A[1Gpulling manifest [K
pulling 4cd576d9aa16: 100% ▕█████████████████ ▏  42 GB/ 42 GB  434 MB/s      0s[K
verifying sha256 digest ⠦ [K[?25h[?2026l[?2026h[?25l[A[A[1Gpulling manifest [K
pulling 4cd576d9aa16: 100% ▕█████████████████ ▏  42 GB/ 42 GB  434 MB/s      0s[K
verifying sha256 digest ⠧ [K[?25h[?2026l[?2026h[?25l[A[A[1Gpulling manifest [K
pulling 4cd576d9aa16: 100% ▕█████████████████ ▏  42 GB/ 42 GB  434 MB/s      0s[K
verifying sha256 digest ⠇ [K[?25h[?2026l[?2026h[?25l[A[A[1Gpulling manifest [K
pulling 4cd576d9aa16: 100% ▕█████████████████ ▏  42 GB/ 42 GB  434 MB/s      0s[K
verifying sha256 digest ⠏ [K[?25h[?2026l[?2026h[?25l[A[A[1Gpulling manifest [K
pulling 4cd576d9aa16: 100% ▕█████████████████ ▏  42 GB/ 42 GB  434 MB/s      0s[K
verifying sha256 digest ⠋ [K[?25h[?2026l[?2026h[?25l[A[A[1Gpulling manifest [K
pulling 4cd576d9aa16: 100% ▕█████████████████ ▏  42 GB/ 42 GB  434 MB/s      0s[K
verifying sha256 digest ⠙ [K[?25h[?2026l[?2026h[?25l[A[A[1Gpulling manifest [K
pulling 4cd576d9aa16: 100% ▕█████████████████ ▏  42 GB/ 42 GB  434 MB/s      0s[K
verifying sha256 digest ⠹ [K[?25h[?2026l[?2026h[?25l[A[A[1Gpulling manifest [K
pulling 4cd576d9aa16: 100% ▕█████████████████ ▏  42 GB/ 42 GB  434 MB/s      0s[K
verifying sha256 digest ⠸ [K[?25h[?2026l[?2026h[?25l[A[A[1Gpulling manifest [K
pulling 4cd576d9aa16: 100% ▕█████████████████ ▏  42 GB/ 42 GB  434 MB/s      0s[K
verifying sha256 digest ⠼ [K[?25h[?2026l[?2026h[?25l[A[A[1Gpulling manifest [K
pulling 4cd576d9aa16: 100% ▕█████████████████ ▏  42 GB/ 42 GB  434 MB/s      0s[K
verifying sha256 digest ⠴ [K[?25h[?2026l[?2026h[?25l[A[A[1Gpulling manifest [K
pulling 4cd576d9aa16: 100% ▕█████████████████ ▏  42 GB/ 42 GB  434 MB/s      0s[K
verifying sha256 digest ⠦ [K[?25h[?2026l[?2026h[?25l[A[A[1Gpulling manifest [K
pulling 4cd576d9aa16: 100% ▕█████████████████ ▏  42 GB/ 42 GB  434 MB/s      0s[K
verifying sha256 digest ⠧ [K[?25h[?2026l[?2026h[?25l[A[A[1Gpulling manifest [K
pulling 4cd576d9aa16: 100% ▕█████████████████ ▏  42 GB/ 42 GB  434 MB/s      0s[K
verifying sha256 digest ⠇ [K[?25h[?2026l[?2026h[?25l[A[A[1Gpulling manifest [K
pulling 4cd576d9aa16: 100% ▕█████████████████ ▏  42 GB/ 42 GB  434 MB/s      0s[K
verifying sha256 digest ⠏ [K[?25h[?2026l[?2026h[?25l[A[A[1Gpulling manifest [K
pulling 4cd576d9aa16: 100% ▕█████████████████ ▏  42 GB/ 42 GB  434 MB/s      0s[K
verifying sha256 digest ⠋ [K[?25h[?2026l[?2026h[?25l[A[A[1Gpulling manifest [K
pulling 4cd576d9aa16: 100% ▕█████████████████ ▏  42 GB/ 42 GB  434 MB/s      0s[K
verifying sha256 digest ⠙ [K[?25h[?2026l[?2026h[?25l[A[A[1Gpulling manifest [K
pulling 4cd576d9aa16: 100% ▕█████████████████ ▏  42 GB/ 42 GB  434 MB/s      0s[K
verifying sha256 digest ⠹ [K[?25h[?2026l[?2026h[?25l[A[A[1Gpulling manifest [K
pulling 4cd576d9aa16: 100% ▕█████████████████ ▏  42 GB/ 42 GB  434 MB/s      0s[K
verifying sha256 digest ⠸ [K[?25h[?2026l[?2026h[?25l[A[A[1Gpulling manifest [K
pulling 4cd576d9aa16: 100% ▕█████████████████ ▏  42 GB/ 42 GB  434 MB/s      0s[K
verifying sha256 digest ⠼ [K[?25h[?2026l[?2026h[?25l[A[A[1Gpulling manifest [K
pulling 4cd576d9aa16: 100% ▕█████████████████ ▏  42 GB/ 42 GB  434 MB/s      0s[K
verifying sha256 digest ⠴ [K[?25h[?2026l[?2026h[?25l[A[A[1Gpulling manifest [K
pulling 4cd576d9aa16: 100% ▕█████████████████ ▏  42 GB/ 42 GB  434 MB/s      0s[K
verifying sha256 digest ⠦ [K[?25h[?2026l[?2026h[?25l[A[A[1Gpulling manifest [K
pulling 4cd576d9aa16: 100% ▕█████████████████ ▏  42 GB/ 42 GB  434 MB/s      0s[K
verifying sha256 digest ⠧ [K[?25h[?2026l[?2026h[?25l[A[A[1Gpulling manifest [K
pulling 4cd576d9aa16: 100% ▕█████████████████ ▏  42 GB/ 42 GB  434 MB/s      0s[K
verifying sha256 digest ⠇ [K[?25h[?2026l[?2026h[?25l[A[A[1Gpulling manifest [K
pulling 4cd576d9aa16: 100% ▕█████████████████ ▏  42 GB/ 42 GB  434 MB/s      0s[K
verifying sha256 digest ⠏ [K[?25h[?2026l[?2026h[?25l[A[A[1Gpulling manifest [K
pulling 4cd576d9aa16: 100% ▕█████████████████ ▏  42 GB/ 42 GB  434 MB/s      0s[K
verifying sha256 digest ⠋ [K[?25h[?2026l[?2026h[?25l[A[A[1Gpulling manifest [K
pulling 4cd576d9aa16: 100% ▕█████████████████ ▏  42 GB/ 42 GB  434 MB/s      0s[K
verifying sha256 digest ⠙ [K[?25h[?2026l[?2026h[?25l[A[A[1Gpulling manifest [K
pulling 4cd576d9aa16: 100% ▕█████████████████ ▏  42 GB/ 42 GB  434 MB/s      0s[K
verifying sha256 digest ⠹ [K[?25h[?2026l[?2026h[?25l[A[A[1Gpulling manifest [K
pulling 4cd576d9aa16: 100% ▕█████████████████ ▏  42 GB/ 42 GB  434 MB/s      0s[K
verifying sha256 digest ⠸ [K[?25h[?2026l[?2026h[?25l[A[A[1Gpulling manifest [K
pulling 4cd576d9aa16: 100% ▕█████████████████ ▏  42 GB/ 42 GB  434 MB/s      0s[K
verifying sha256 digest ⠼ [K[?25h[?2026l[?2026h[?25l[A[A[1Gpulling manifest [K
pulling 4cd576d9aa16: 100% ▕█████████████████ ▏  42 GB/ 42 GB  434 MB/s      0s[K
verifying sha256 digest ⠴ [K[?25h[?2026l[?2026h[?25l[A[A[1Gpulling manifest [K
pulling 4cd576d9aa16: 100% ▕█████████████████ ▏  42 GB/ 42 GB  434 MB/s      0s[K
verifying sha256 digest ⠦ [K[?25h[?2026l[?2026h[?25l[A[A[1Gpulling manifest [K
pulling 4cd576d9aa16: 100% ▕█████████████████ ▏  42 GB/ 42 GB  434 MB/s      0s[K
verifying sha256 digest ⠧ [K[?25h[?2026l[?2026h[?25l[A[A[1Gpulling manifest [K
pulling 4cd576d9aa16: 100% ▕█████████████████ ▏  42 GB/ 42 GB  434 MB/s      0s[K
verifying sha256 digest ⠇ [K[?25h[?2026l[?2026h[?25l[A[A[1Gpulling manifest [K
pulling 4cd576d9aa16: 100% ▕█████████████████ ▏  42 GB/ 42 GB  434 MB/s      0s[K
verifying sha256 digest ⠏ [K[?25h[?2026l[?2026h[?25l[A[A[1Gpulling manifest [K
pulling 4cd576d9aa16: 100% ▕█████████████████ ▏  42 GB/ 42 GB  434 MB/s      0s[K
verifying sha256 digest ⠋ [K[?25h[?2026l[?2026h[?25l[A[A[1Gpulling manifest [K
pulling 4cd576d9aa16: 100% ▕█████████████████ ▏  42 GB/ 42 GB  434 MB/s      0s[K
verifying sha256 digest ⠙ [K[?25h[?2026l[?2026h[?25l[A[A[1Gpulling manifest [K
pulling 4cd576d9aa16: 100% ▕█████████████████ ▏  42 GB/ 42 GB  434 MB/s      0s[K
verifying sha256 digest ⠹ [K[?25h[?2026l[?2026h[?25l[A[A[1Gpulling manifest [K
pulling 4cd576d9aa16: 100% ▕█████████████████ ▏  42 GB/ 42 GB  434 MB/s      0s[K
verifying sha256 digest ⠸ [K[?25h[?2026l[?2026h[?25l[A[A[1Gpulling manifest [K
pulling 4cd576d9aa16: 100% ▕█████████████████ ▏  42 GB/ 42 GB  434 MB/s      0s[K
verifying sha256 digest ⠼ [K[?25h[?2026l[?2026h[?25l[A[A[1Gpulling manifest [K
pulling 4cd576d9aa16: 100% ▕█████████████████ ▏  42 GB/ 42 GB  434 MB/s      0s[K
verifying sha256 digest ⠴ [K[?25h[?2026l[?2026h[?25l[A[A[1Gpulling manifest [K
pulling 4cd576d9aa16: 100% ▕█████████████████ ▏  42 GB/ 42 GB  434 MB/s      0s[K
verifying sha256 digest ⠦ [K[?25h[?2026l[?2026h[?25l[A[A[1Gpulling manifest [K
pulling 4cd576d9aa16: 100% ▕█████████████████ ▏  42 GB/ 42 GB  434 MB/s      0s[K
verifying sha256 digest ⠧ [K[?25h[?2026l[?2026h[?25l[A[A[1Gpulling manifest [K
pulling 4cd576d9aa16: 100% ▕█████████████████ ▏  42 GB/ 42 GB  434 MB/s      0s[K
verifying sha256 digest ⠇ [K[?25h[?2026l[?2026h[?25l[A[A[1Gpulling manifest [K
pulling 4cd576d9aa16: 100% ▕█████████████████ ▏  42 GB/ 42 GB  434 MB/s      0s[K
verifying sha256 digest ⠏ [K[?25h[?2026l[?2026h[?25l[A[A[1Gpulling manifest [K
pulling 4cd576d9aa16: 100% ▕█████████████████ ▏  42 GB/ 42 GB  434 MB/s      0s[K
verifying sha256 digest ⠋ [K[?25h[?2026l[?2026h[?25l[A[A[1Gpulling manifest [K
pulling 4cd576d9aa16: 100% ▕█████████████████ ▏  42 GB/ 42 GB  434 MB/s      0s[K
verifying sha256 digest ⠙ [K[?25h[?2026l[?2026h[?25l[A[A[1Gpulling manifest [K
pulling 4cd576d9aa16: 100% ▕█████████████████ ▏  42 GB/ 42 GB  434 MB/s      0s[K
verifying sha256 digest ⠹ [K[?25h[?2026l[?2026h[?25l[A[A[1Gpulling manifest [K
pulling 4cd576d9aa16: 100% ▕█████████████████ ▏  42 GB/ 42 GB  434 MB/s      0s[K
verifying sha256 digest ⠸ [K[?25h[?2026l[?2026h[?25l[A[A[1Gpulling manifest [K
pulling 4cd576d9aa16: 100% ▕█████████████████ ▏  42 GB/ 42 GB  434 MB/s      0s[K
verifying sha256 digest ⠼ [K[?25h[?2026l[?2026h[?25l[A[A[1Gpulling manifest [K
pulling 4cd576d9aa16: 100% ▕█████████████████ ▏  42 GB/ 42 GB  434 MB/s      0s[K
verifying sha256 digest ⠴ [K[?25h[?2026l[?2026h[?25l[A[A[1Gpulling manifest [K
pulling 4cd576d9aa16: 100% ▕█████████████████ ▏  42 GB/ 42 GB  434 MB/s      0s[K
verifying sha256 digest ⠦ [K[?25h[?2026l[?2026h[?25l[A[A[1Gpulling manifest [K
pulling 4cd576d9aa16: 100% ▕█████████████████ ▏  42 GB/ 42 GB  434 MB/s      0s[K
verifying sha256 digest ⠧ [K[?25h[?2026l[?2026h[?25l[A[A[1Gpulling manifest [K
pulling 4cd576d9aa16: 100% ▕█████████████████ ▏  42 GB/ 42 GB  434 MB/s      0s[K
verifying sha256 digest ⠇ [K[?25h[?2026l[?2026h[?25l[A[A[1Gpulling manifest [K
pulling 4cd576d9aa16: 100% ▕█████████████████ ▏  42 GB/ 42 GB  434 MB/s      0s[K
verifying sha256 digest ⠏ [K[?25h[?2026l[?2026h[?25l[A[A[1Gpulling manifest [K
pulling 4cd576d9aa16: 100% ▕█████████████████ ▏  42 GB/ 42 GB  434 MB/s      0s[K
verifying sha256 digest ⠋ [K[?25h[?2026l[?2026h[?25l[A[A[1Gpulling manifest [K
pulling 4cd576d9aa16: 100% ▕█████████████████ ▏  42 GB/ 42 GB  434 MB/s      0s[K
verifying sha256 digest ⠙ [K[?25h[?2026l[?2026h[?25l[A[A[1Gpulling manifest [K
pulling 4cd576d9aa16: 100% ▕█████████████████ ▏  42 GB/ 42 GB  434 MB/s      0s[K
verifying sha256 digest ⠹ [K[?25h[?2026l[?2026h[?25l[A[A[1Gpulling manifest [K
pulling 4cd576d9aa16: 100% ▕█████████████████ ▏  42 GB/ 42 GB  434 MB/s      0s[K
verifying sha256 digest ⠸ [K[?25h[?2026l[?2026h[?25l[A[A[1Gpulling manifest [K
pulling 4cd576d9aa16: 100% ▕█████████████████ ▏  42 GB/ 42 GB  434 MB/s      0s[K
verifying sha256 digest ⠼ [K[?25h[?2026l[?2026h[?25l[A[A[1Gpulling manifest [K
pulling 4cd576d9aa16: 100% ▕█████████████████ ▏  42 GB/ 42 GB  434 MB/s      0s[K
verifying sha256 digest ⠴ [K[?25h[?2026l[?2026h[?25l[A[A[1Gpulling manifest [K
pulling 4cd576d9aa16: 100% ▕█████████████████ ▏  42 GB/ 42 GB  434 MB/s      0s[K
verifying sha256 digest ⠦ [K[?25h[?2026l[?2026h[?25l[A[A[1Gpulling manifest [K
pulling 4cd576d9aa16: 100% ▕█████████████████ ▏  42 GB/ 42 GB  434 MB/s      0s[K
verifying sha256 digest ⠧ [K[?25h[?2026l[?2026h[?25l[A[A[1Gpulling manifest [K
pulling 4cd576d9aa16: 100% ▕█████████████████ ▏  42 GB/ 42 GB  434 MB/s      0s[K
verifying sha256 digest ⠇ [K[?25h[?2026l[?2026h[?25l[A[A[1Gpulling manifest [K
pulling 4cd576d9aa16: 100% ▕█████████████████ ▏  42 GB/ 42 GB  434 MB/s      0s[K
verifying sha256 digest ⠏ [K[?25h[?2026l[?2026h[?25l[A[A[1Gpulling manifest [K
pulling 4cd576d9aa16: 100% ▕█████████████████ ▏  42 GB/ 42 GB  434 MB/s      0s[K
verifying sha256 digest ⠋ [K[?25h[?2026l[?2026h[?25l[A[A[1Gpulling manifest [K
pulling 4cd576d9aa16: 100% ▕█████████████████ ▏  42 GB/ 42 GB  434 MB/s      0s[K
verifying sha256 digest ⠙ [K[?25h[?2026l[?2026h[?25l[A[A[1Gpulling manifest [K
pulling 4cd576d9aa16: 100% ▕█████████████████ ▏  42 GB/ 42 GB  434 MB/s      0s[K
verifying sha256 digest ⠹ [K[?25h[?2026l[?2026h[?25l[A[A[1Gpulling manifest [K
pulling 4cd576d9aa16: 100% ▕█████████████████ ▏  42 GB/ 42 GB  434 MB/s      0s[K
verifying sha256 digest ⠸ [K[?25h[?2026l[?2026h[?25l[A[A[1Gpulling manifest [K
pulling 4cd576d9aa16: 100% ▕█████████████████ ▏  42 GB/ 42 GB  434 MB/s      0s[K
verifying sha256 digest ⠼ [K[?25h[?2026l[?2026h[?25l[A[A[1Gpulling manifest [K
pulling 4cd576d9aa16: 100% ▕█████████████████ ▏  42 GB/ 42 GB  434 MB/s      0s[K
verifying sha256 digest ⠴ [K[?25h[?2026l[?2026h[?25l[A[A[1Gpulling manifest [K
pulling 4cd576d9aa16: 100% ▕█████████████████ ▏  42 GB/ 42 GB  434 MB/s      0s[K
verifying sha256 digest ⠦ [K[?25h[?2026l[?2026h[?25l[A[A[1Gpulling manifest [K
pulling 4cd576d9aa16: 100% ▕█████████████████ ▏  42 GB/ 42 GB  434 MB/s      0s[K
verifying sha256 digest ⠧ [K[?25h[?2026l[?2026h[?25l[A[A[1Gpulling manifest [K
pulling 4cd576d9aa16: 100% ▕█████████████████ ▏  42 GB/ 42 GB  434 MB/s      0s[K
verifying sha256 digest ⠇ [K[?25h[?2026l[?2026h[?25l[A[A[1Gpulling manifest [K
pulling 4cd576d9aa16: 100% ▕█████████████████ ▏  42 GB/ 42 GB  434 MB/s      0s[K
verifying sha256 digest ⠏ [K[?25h[?2026l[?2026h[?25l[A[A[1Gpulling manifest [K
pulling 4cd576d9aa16: 100% ▕█████████████████ ▏  42 GB/ 42 GB  434 MB/s      0s[K
verifying sha256 digest ⠋ [K[?25h[?2026l[?2026h[?25l[A[A[1Gpulling manifest [K
pulling 4cd576d9aa16: 100% ▕█████████████████ ▏  42 GB/ 42 GB  434 MB/s      0s[K
verifying sha256 digest ⠙ [K[?25h[?2026l[?2026h[?25l[A[A[1Gpulling manifest [K
pulling 4cd576d9aa16: 100% ▕█████████████████ ▏  42 GB/ 42 GB  434 MB/s      0s[K
verifying sha256 digest ⠹ [K[?25h[?2026l[?2026h[?25l[A[A[1Gpulling manifest [K
pulling 4cd576d9aa16: 100% ▕█████████████████ ▏  42 GB/ 42 GB  434 MB/s      0s[K
verifying sha256 digest ⠸ [K[?25h[?2026l[?2026h[?25l[A[A[1Gpulling manifest [K
pulling 4cd576d9aa16: 100% ▕█████████████████ ▏  42 GB/ 42 GB  434 MB/s      0s[K
verifying sha256 digest ⠼ [K[?25h[?2026l[?2026h[?25l[A[A[1Gpulling manifest [K
pulling 4cd576d9aa16: 100% ▕█████████████████ ▏  42 GB/ 42 GB  434 MB/s      0s[K
verifying sha256 digest ⠴ [K[?25h[?2026l[?2026h[?25l[A[A[1Gpulling manifest [K
pulling 4cd576d9aa16: 100% ▕█████████████████ ▏  42 GB/ 42 GB  434 MB/s      0s[K
verifying sha256 digest ⠦ [K[?25h[?2026l[?2026h[?25l[A[A[1Gpulling manifest [K
pulling 4cd576d9aa16: 100% ▕█████████████████ ▏  42 GB/ 42 GB  434 MB/s      0s[K
verifying sha256 digest ⠧ [K[?25h[?2026l[?2026h[?25l[A[A[1Gpulling manifest [K
pulling 4cd576d9aa16: 100% ▕█████████████████ ▏  42 GB/ 42 GB  434 MB/s      0s[K
verifying sha256 digest ⠇ [K[?25h[?2026l[?2026h[?25l[A[A[1Gpulling manifest [K
pulling 4cd576d9aa16: 100% ▕█████████████████ ▏  42 GB/ 42 GB  434 MB/s      0s[K
verifying sha256 digest ⠏ [K[?25h[?2026l[?2026h[?25l[A[A[1Gpulling manifest [K
pulling 4cd576d9aa16: 100% ▕█████████████████ ▏  42 GB/ 42 GB  434 MB/s      0s[K
verifying sha256 digest ⠋ [K[?25h[?2026l[?2026h[?25l[A[A[1Gpulling manifest [K
pulling 4cd576d9aa16: 100% ▕█████████████████ ▏  42 GB/ 42 GB  434 MB/s      0s[K
verifying sha256 digest ⠙ [K[?25h[?2026l[?2026h[?25l[A[A[1Gpulling manifest [K
pulling 4cd576d9aa16: 100% ▕█████████████████ ▏  42 GB/ 42 GB  434 MB/s      0s[K
verifying sha256 digest ⠹ [K[?25h[?2026l[?2026h[?25l[A[A[1Gpulling manifest [K
pulling 4cd576d9aa16: 100% ▕█████████████████ ▏  42 GB/ 42 GB  434 MB/s      0s[K
verifying sha256 digest ⠸ [K[?25h[?2026l[?2026h[?25l[A[A[1Gpulling manifest [K
pulling 4cd576d9aa16: 100% ▕█████████████████ ▏  42 GB/ 42 GB  434 MB/s      0s[K
verifying sha256 digest ⠼ [K[?25h[?2026l[?2026h[?25l[A[A[1Gpulling manifest [K
pulling 4cd576d9aa16: 100% ▕█████████████████ ▏  42 GB/ 42 GB  434 MB/s      0s[K
verifying sha256 digest ⠴ [K[?25h[?2026l[?2026h[?25l[A[A[1Gpulling manifest [K
pulling 4cd576d9aa16: 100% ▕█████████████████ ▏  42 GB/ 42 GB  434 MB/s      0s[K
verifying sha256 digest ⠦ [K[?25h[?2026l[?2026h[?25l[A[A[1Gpulling manifest [K
pulling 4cd576d9aa16: 100% ▕█████████████████ ▏  42 GB/ 42 GB  434 MB/s      0s[K
verifying sha256 digest ⠧ [K[?25h[?2026l[?2026h[?25l[A[A[1Gpulling manifest [K
pulling 4cd576d9aa16: 100% ▕█████████████████ ▏  42 GB/ 42 GB  434 MB/s      0s[K
verifying sha256 digest ⠇ [K[?25h[?2026l[?2026h[?25l[A[A[1Gpulling manifest [K
pulling 4cd576d9aa16: 100% ▕█████████████████ ▏  42 GB/ 42 GB  434 MB/s      0s[K
verifying sha256 digest ⠏ [K[?25h[?2026l[?2026h[?25l[A[A[1Gpulling manifest [K
pulling 4cd576d9aa16: 100% ▕█████████████████ ▏  42 GB/ 42 GB  434 MB/s      0s[K
verifying sha256 digest ⠋ [K[?25h[?2026l[?2026h[?25l[A[A[1Gpulling manifest [K
pulling 4cd576d9aa16: 100% ▕█████████████████ ▏  42 GB/ 42 GB  434 MB/s      0s[K
verifying sha256 digest ⠙ [K[?25h[?2026l[?2026h[?25l[A[A[1Gpulling manifest [K
pulling 4cd576d9aa16: 100% ▕█████████████████ ▏  42 GB/ 42 GB  434 MB/s      0s[K
verifying sha256 digest ⠹ [K[?25h[?2026l[?2026h[?25l[A[A[1Gpulling manifest [K
pulling 4cd576d9aa16: 100% ▕█████████████████ ▏  42 GB/ 42 GB  434 MB/s      0s[K
verifying sha256 digest ⠸ [K[?25h[?2026l[?2026h[?25l[A[A[1Gpulling manifest [K
pulling 4cd576d9aa16: 100% ▕█████████████████ ▏  42 GB/ 42 GB  434 MB/s      0s[K
verifying sha256 digest ⠼ [K[?25h[?2026l[?2026h[?25l[A[A[1Gpulling manifest [K
pulling 4cd576d9aa16: 100% ▕█████████████████ ▏  42 GB/ 42 GB  434 MB/s      0s[K
verifying sha256 digest ⠴ [K[?25h[?2026l[?2026h[?25l[A[A[1Gpulling manifest [K
pulling 4cd576d9aa16: 100% ▕█████████████████ ▏  42 GB/ 42 GB  434 MB/s      0s[K
verifying sha256 digest ⠦ [K[?25h[?2026l[?2026h[?25l[A[A[1Gpulling manifest [K
pulling 4cd576d9aa16: 100% ▕█████████████████ ▏  42 GB/ 42 GB  434 MB/s      0s[K
verifying sha256 digest ⠧ [K[?25h[?2026l[?2026h[?25l[A[A[1Gpulling manifest [K
pulling 4cd576d9aa16: 100% ▕█████████████████ ▏  42 GB/ 42 GB  434 MB/s      0s[K
verifying sha256 digest ⠇ [K[?25h[?2026l[?2026h[?25l[A[A[1Gpulling manifest [K
pulling 4cd576d9aa16: 100% ▕█████████████████ ▏  42 GB/ 42 GB  434 MB/s      0s[K
verifying sha256 digest ⠏ [K[?25h[?2026l[?2026h[?25l[A[A[1Gpulling manifest [K
pulling 4cd576d9aa16: 100% ▕█████████████████ ▏  42 GB/ 42 GB  434 MB/s      0s[K
verifying sha256 digest ⠋ [K[?25h[?2026l[?2026h[?25l[A[A[1Gpulling manifest [K
pulling 4cd576d9aa16: 100% ▕█████████████████ ▏  42 GB/ 42 GB  434 MB/s      0s[K
verifying sha256 digest ⠙ [K[?25h[?2026l[?2026h[?25l[A[A[1Gpulling manifest [K
pulling 4cd576d9aa16: 100% ▕█████████████████ ▏  42 GB/ 42 GB  434 MB/s      0s[K
verifying sha256 digest ⠹ [K[?25h[?2026l[?2026h[?25l[A[A[1Gpulling manifest [K
pulling 4cd576d9aa16: 100% ▕█████████████████ ▏  42 GB/ 42 GB  434 MB/s      0s[K
verifying sha256 digest ⠸ [K[?25h[?2026l[?2026h[?25l[A[A[1Gpulling manifest [K
pulling 4cd576d9aa16: 100% ▕█████████████████ ▏  42 GB/ 42 GB  434 MB/s      0s[K
verifying sha256 digest ⠼ [K[?25h[?2026l[?2026h[?25l[A[A[1Gpulling manifest [K
pulling 4cd576d9aa16: 100% ▕█████████████████ ▏  42 GB/ 42 GB  434 MB/s      0s[K
verifying sha256 digest ⠴ [K[?25h[?2026l[?2026h[?25l[A[A[1Gpulling manifest [K
pulling 4cd576d9aa16: 100% ▕█████████████████ ▏  42 GB/ 42 GB  434 MB/s      0s[K
verifying sha256 digest ⠦ [K[?25h[?2026l[?2026h[?25l[A[A[1Gpulling manifest [K
pulling 4cd576d9aa16: 100% ▕█████████████████ ▏  42 GB/ 42 GB  434 MB/s      0s[K
verifying sha256 digest ⠧ [K[?25h[?2026l[?2026h[?25l[A[A[1Gpulling manifest [K
pulling 4cd576d9aa16: 100% ▕█████████████████ ▏  42 GB/ 42 GB  434 MB/s      0s[K
verifying sha256 digest ⠇ [K[?25h[?2026l[?2026h[?25l[A[A[1Gpulling manifest [K
pulling 4cd576d9aa16: 100% ▕█████████████████ ▏  42 GB/ 42 GB  434 MB/s      0s[K
verifying sha256 digest ⠏ [K[?25h[?2026l[?2026h[?25l[A[A[1Gpulling manifest [K
pulling 4cd576d9aa16: 100% ▕█████████████████ ▏  42 GB/ 42 GB  434 MB/s      0s[K
verifying sha256 digest ⠋ [K[?25h[?2026l[?2026h[?25l[A[A[1Gpulling manifest [K
pulling 4cd576d9aa16: 100% ▕█████████████████ ▏  42 GB/ 42 GB  434 MB/s      0s[K
verifying sha256 digest ⠙ [K[?25h[?2026l[?2026h[?25l[A[A[1Gpulling manifest [K
pulling 4cd576d9aa16: 100% ▕█████████████████ ▏  42 GB/ 42 GB  434 MB/s      0s[K
verifying sha256 digest ⠹ [K[?25h[?2026l[?2026h[?25l[A[A[1Gpulling manifest [K
pulling 4cd576d9aa16: 100% ▕█████████████████ ▏  42 GB/ 42 GB  434 MB/s      0s[K
verifying sha256 digest ⠸ [K[?25h[?2026l[?2026h[?25l[A[A[1Gpulling manifest [K
pulling 4cd576d9aa16: 100% ▕█████████████████ ▏  42 GB/ 42 GB  434 MB/s      0s[K
verifying sha256 digest ⠼ [K[?25h[?2026l[?2026h[?25l[A[A[1Gpulling manifest [K
pulling 4cd576d9aa16: 100% ▕█████████████████ ▏  42 GB/ 42 GB  434 MB/s      0s[K
verifying sha256 digest ⠴ [K[?25h[?2026l[?2026h[?25l[A[A[1Gpulling manifest [K
pulling 4cd576d9aa16: 100% ▕█████████████████ ▏  42 GB/ 42 GB  434 MB/s      0s[K
verifying sha256 digest ⠦ [K[?25h[?2026l[?2026h[?25l[A[A[1Gpulling manifest [K
pulling 4cd576d9aa16: 100% ▕█████████████████ ▏  42 GB/ 42 GB  434 MB/s      0s[K
verifying sha256 digest ⠧ [K[?25h[?2026l[?2026h[?25l[A[A[1Gpulling manifest [K
pulling 4cd576d9aa16: 100% ▕█████████████████ ▏  42 GB/ 42 GB  434 MB/s      0s[K
verifying sha256 digest ⠇ [K[?25h[?2026l[?2026h[?25l[A[A[1Gpulling manifest [K
pulling 4cd576d9aa16: 100% ▕█████████████████ ▏  42 GB/ 42 GB  434 MB/s      0s[K
verifying sha256 digest ⠏ [K[?25h[?2026l[?2026h[?25l[A[A[1Gpulling manifest [K
pulling 4cd576d9aa16: 100% ▕█████████████████ ▏  42 GB/ 42 GB  434 MB/s      0s[K
verifying sha256 digest ⠋ [K[?25h[?2026l[?2026h[?25l[A[A[1Gpulling manifest [K
pulling 4cd576d9aa16: 100% ▕█████████████████ ▏  42 GB/ 42 GB  434 MB/s      0s[K
verifying sha256 digest ⠙ [K[?25h[?2026l[?2026h[?25l[A[A[1Gpulling manifest [K
pulling 4cd576d9aa16: 100% ▕█████████████████ ▏  42 GB/ 42 GB  434 MB/s      0s[K
verifying sha256 digest ⠹ [K[?25h[?2026l[?2026h[?25l[A[A[1Gpulling manifest [K
pulling 4cd576d9aa16: 100% ▕█████████████████ ▏  42 GB/ 42 GB  434 MB/s      0s[K
verifying sha256 digest ⠸ [K[?25h[?2026l[?2026h[?25l[A[A[1Gpulling manifest [K
pulling 4cd576d9aa16: 100% ▕█████████████████ ▏  42 GB/ 42 GB  434 MB/s      0s[K
verifying sha256 digest ⠼ [K[?25h[?2026l[?2026h[?25l[A[A[1Gpulling manifest [K
pulling 4cd576d9aa16: 100% ▕█████████████████ ▏  42 GB/ 42 GB  434 MB/s      0s[K
verifying sha256 digest ⠴ [K[?25h[?2026l[?2026h[?25l[A[A[1Gpulling manifest [K
pulling 4cd576d9aa16: 100% ▕█████████████████ ▏  42 GB/ 42 GB  434 MB/s      0s[K
verifying sha256 digest ⠦ [K[?25h[?2026l[?2026h[?25l[A[A[1Gpulling manifest [K
pulling 4cd576d9aa16: 100% ▕█████████████████ ▏  42 GB/ 42 GB  434 MB/s      0s[K
verifying sha256 digest ⠧ [K[?25h[?2026l[?2026h[?25l[A[A[1Gpulling manifest [K
pulling 4cd576d9aa16: 100% ▕█████████████████ ▏  42 GB/ 42 GB  434 MB/s      0s[K
verifying sha256 digest ⠇ [K[?25h[?2026l[?2026h[?25l[A[A[1Gpulling manifest [K
pulling 4cd576d9aa16: 100% ▕█████████████████ ▏  42 GB/ 42 GB  434 MB/s      0s[K
verifying sha256 digest ⠏ [K[?25h[?2026l[?2026h[?25l[A[A[1Gpulling manifest [K
pulling 4cd576d9aa16: 100% ▕█████████████████ ▏  42 GB/ 42 GB  434 MB/s      0s[K
verifying sha256 digest ⠋ [K[?25h[?2026l[?2026h[?25l[A[A[1Gpulling manifest [K
pulling 4cd576d9aa16: 100% ▕█████████████████ ▏  42 GB/ 42 GB  434 MB/s      0s[K
verifying sha256 digest ⠙ [K[?25h[?2026l[?2026h[?25l[A[A[1Gpulling manifest [K
pulling 4cd576d9aa16: 100% ▕█████████████████ ▏  42 GB/ 42 GB  434 MB/s      0s[K
verifying sha256 digest ⠹ [K[?25h[?2026l[?2026h[?25l[A[A[1Gpulling manifest [K
pulling 4cd576d9aa16: 100% ▕█████████████████ ▏  42 GB/ 42 GB  434 MB/s      0s[K
verifying sha256 digest ⠸ [K[?25h[?2026l[?2026h[?25l[A[A[1Gpulling manifest [K
pulling 4cd576d9aa16: 100% ▕█████████████████ ▏  42 GB/ 42 GB  434 MB/s      0s[K
verifying sha256 digest ⠼ [K[?25h[?2026l[?2026h[?25l[A[A[1Gpulling manifest [K
pulling 4cd576d9aa16: 100% ▕█████████████████ ▏  42 GB/ 42 GB  434 MB/s      0s[K
verifying sha256 digest ⠴ [K[?25h[?2026l[?2026h[?25l[A[A[1Gpulling manifest [K
pulling 4cd576d9aa16: 100% ▕█████████████████ ▏  42 GB/ 42 GB  434 MB/s      0s[K
verifying sha256 digest ⠦ [K[?25h[?2026l[?2026h[?25l[A[A[1Gpulling manifest [K
pulling 4cd576d9aa16: 100% ▕█████████████████ ▏  42 GB/ 42 GB  434 MB/s      0s[K
verifying sha256 digest ⠧ [K[?25h[?2026l[?2026h[?25l[A[A[1Gpulling manifest [K
pulling 4cd576d9aa16: 100% ▕█████████████████ ▏  42 GB/ 42 GB  434 MB/s      0s[K
verifying sha256 digest ⠇ [K[?25h[?2026l[?2026h[?25l[A[A[1Gpulling manifest [K
pulling 4cd576d9aa16: 100% ▕█████████████████ ▏  42 GB/ 42 GB  434 MB/s      0s[K
verifying sha256 digest ⠏ [K[?25h[?2026l[?2026h[?25l[A[A[1Gpulling manifest [K
pulling 4cd576d9aa16: 100% ▕█████████████████ ▏  42 GB/ 42 GB  434 MB/s      0s[K
verifying sha256 digest ⠋ [K[?25h[?2026l[?2026h[?25l[A[A[1Gpulling manifest [K
pulling 4cd576d9aa16: 100% ▕█████████████████ ▏  42 GB/ 42 GB  434 MB/s      0s[K
verifying sha256 digest ⠙ [K[?25h[?2026l[?2026h[?25l[A[A[1Gpulling manifest [K
pulling 4cd576d9aa16: 100% ▕█████████████████ ▏  42 GB/ 42 GB  434 MB/s      0s[K
verifying sha256 digest ⠹ [K[?25h[?2026l[?2026h[?25l[A[A[1Gpulling manifest [K
pulling 4cd576d9aa16: 100% ▕█████████████████ ▏  42 GB/ 42 GB  434 MB/s      0s[K
verifying sha256 digest ⠸ [K[?25h[?2026l[?2026h[?25l[A[A[1Gpulling manifest [K
pulling 4cd576d9aa16: 100% ▕█████████████████ ▏  42 GB/ 42 GB  434 MB/s      0s[K
verifying sha256 digest ⠼ [K[?25h[?2026l[?2026h[?25l[A[A[1Gpulling manifest [K
pulling 4cd576d9aa16: 100% ▕█████████████████ ▏  42 GB/ 42 GB  434 MB/s      0s[K
verifying sha256 digest ⠴ [K[?25h[?2026l[?2026h[?25l[A[A[1Gpulling manifest [K
pulling 4cd576d9aa16: 100% ▕█████████████████ ▏  42 GB/ 42 GB  434 MB/s      0s[K
verifying sha256 digest ⠦ [K[?25h[?2026l[?2026h[?25l[A[A[1Gpulling manifest [K
pulling 4cd576d9aa16: 100% ▕█████████████████ ▏  42 GB/ 42 GB  434 MB/s      0s[K
verifying sha256 digest ⠧ [K[?25h[?2026l[?2026h[?25l[A[A[1Gpulling manifest [K
pulling 4cd576d9aa16: 100% ▕█████████████████ ▏  42 GB/ 42 GB  434 MB/s      0s[K
verifying sha256 digest ⠇ [K[?25h[?2026l[?2026h[?25l[A[A[1Gpulling manifest [K
pulling 4cd576d9aa16: 100% ▕█████████████████ ▏  42 GB/ 42 GB  434 MB/s      0s[K
verifying sha256 digest ⠏ [K[?25h[?2026l[?2026h[?25l[A[A[1Gpulling manifest [K
pulling 4cd576d9aa16: 100% ▕█████████████████ ▏  42 GB/ 42 GB  434 MB/s      0s[K
verifying sha256 digest ⠋ [K[?25h[?2026l[?2026h[?25l[A[A[1Gpulling manifest [K
pulling 4cd576d9aa16: 100% ▕█████████████████ ▏  42 GB/ 42 GB  434 MB/s      0s[K
verifying sha256 digest ⠙ [K[?25h[?2026l[?2026h[?25l[A[A[1Gpulling manifest [K
pulling 4cd576d9aa16: 100% ▕█████████████████ ▏  42 GB/ 42 GB  434 MB/s      0s[K
verifying sha256 digest ⠹ [K[?25h[?2026l[?2026h[?25l[A[A[1Gpulling manifest [K
pulling 4cd576d9aa16: 100% ▕█████████████████ ▏  42 GB/ 42 GB  434 MB/s      0s[K
verifying sha256 digest ⠸ [K[?25h[?2026l[?2026h[?25l[A[A[1Gpulling manifest [K
pulling 4cd576d9aa16: 100% ▕█████████████████ ▏  42 GB/ 42 GB  434 MB/s      0s[K
verifying sha256 digest ⠼ [K[?25h[?2026l[?2026h[?25l[A[A[1Gpulling manifest [K
pulling 4cd576d9aa16: 100% ▕█████████████████ ▏  42 GB/ 42 GB  434 MB/s      0s[K
verifying sha256 digest ⠴ [K[?25h[?2026l[?2026h[?25l[A[A[1Gpulling manifest [K
pulling 4cd576d9aa16: 100% ▕█████████████████ ▏  42 GB/ 42 GB  434 MB/s      0s[K
verifying sha256 digest ⠦ [K[?25h[?2026l[?2026h[?25l[A[A[1Gpulling manifest [K
pulling 4cd576d9aa16: 100% ▕█████████████████ ▏  42 GB/ 42 GB  434 MB/s      0s[K
verifying sha256 digest ⠧ [K[?25h[?2026l[?2026h[?25l[A[A[1Gpulling manifest [K
pulling 4cd576d9aa16: 100% ▕█████████████████ ▏  42 GB/ 42 GB  434 MB/s      0s[K
verifying sha256 digest ⠇ [K[?25h[?2026l[?2026h[?25l[A[A[1Gpulling manifest [K
pulling 4cd576d9aa16: 100% ▕█████████████████ ▏  42 GB/ 42 GB  434 MB/s      0s[K
verifying sha256 digest ⠏ [K[?25h[?2026l[?2026h[?25l[A[A[1Gpulling manifest [K
pulling 4cd576d9aa16: 100% ▕█████████████████ ▏  42 GB/ 42 GB  434 MB/s      0s[K
verifying sha256 digest ⠋ [K[?25h[?2026l[?2026h[?25l[A[A[1Gpulling manifest [K
pulling 4cd576d9aa16: 100% ▕█████████████████ ▏  42 GB/ 42 GB  434 MB/s      0s[K
verifying sha256 digest ⠙ [K[?25h[?2026l[?2026h[?25l[A[A[1Gpulling manifest [K
pulling 4cd576d9aa16: 100% ▕█████████████████ ▏  42 GB/ 42 GB  434 MB/s      0s[K
verifying sha256 digest ⠹ [K[?25h[?2026l[?2026h[?25l[A[A[1Gpulling manifest [K
pulling 4cd576d9aa16: 100% ▕█████████████████ ▏  42 GB/ 42 GB  434 MB/s      0s[K
verifying sha256 digest ⠸ [K[?25h[?2026l[?2026h[?25l[A[A[1Gpulling manifest [K
pulling 4cd576d9aa16: 100% ▕█████████████████ ▏  42 GB/ 42 GB  434 MB/s      0s[K
verifying sha256 digest ⠼ [K[?25h[?2026l[?2026h[?25l[A[A[1Gpulling manifest [K
pulling 4cd576d9aa16: 100% ▕█████████████████ ▏  42 GB/ 42 GB  434 MB/s      0s[K
verifying sha256 digest ⠴ [K[?25h[?2026l[?2026h[?25l[A[A[1Gpulling manifest [K
pulling 4cd576d9aa16: 100% ▕█████████████████ ▏  42 GB/ 42 GB  434 MB/s      0s[K
verifying sha256 digest ⠦ [K[?25h[?2026l[?2026h[?25l[A[A[1Gpulling manifest [K
pulling 4cd576d9aa16: 100% ▕█████████████████ ▏  42 GB/ 42 GB  434 MB/s      0s[K
verifying sha256 digest ⠧ [K[?25h[?2026l[?2026h[?25l[A[A[1Gpulling manifest [K
pulling 4cd576d9aa16: 100% ▕█████████████████ ▏  42 GB/ 42 GB  434 MB/s      0s[K
verifying sha256 digest ⠇ [K[?25h[?2026l[?2026h[?25l[A[A[1Gpulling manifest [K
pulling 4cd576d9aa16: 100% ▕█████████████████ ▏  42 GB/ 42 GB  434 MB/s      0s[K
verifying sha256 digest ⠏ [K[?25h[?2026l[?2026h[?25l[A[A[1Gpulling manifest [K
pulling 4cd576d9aa16: 100% ▕█████████████████ ▏  42 GB/ 42 GB  434 MB/s      0s[K
verifying sha256 digest ⠋ [K[?25h[?2026l[?2026h[?25l[A[A[1Gpulling manifest [K
pulling 4cd576d9aa16: 100% ▕█████████████████ ▏  42 GB/ 42 GB  434 MB/s      0s[K
verifying sha256 digest ⠙ [K[?25h[?2026l[?2026h[?25l[A[A[1Gpulling manifest [K
pulling 4cd576d9aa16: 100% ▕█████████████████ ▏  42 GB/ 42 GB  434 MB/s      0s[K
verifying sha256 digest ⠹ [K[?25h[?2026l[?2026h[?25l[A[A[1Gpulling manifest [K
pulling 4cd576d9aa16: 100% ▕█████████████████ ▏  42 GB/ 42 GB  434 MB/s      0s[K
verifying sha256 digest ⠸ [K[?25h[?2026l[?2026h[?25l[A[A[1Gpulling manifest [K
pulling 4cd576d9aa16: 100% ▕█████████████████ ▏  42 GB/ 42 GB  434 MB/s      0s[K
verifying sha256 digest ⠼ [K[?25h[?2026l[?2026h[?25l[A[A[1Gpulling manifest [K
pulling 4cd576d9aa16: 100% ▕█████████████████ ▏  42 GB/ 42 GB  434 MB/s      0s[K
verifying sha256 digest ⠴ [K[?25h[?2026l[?2026h[?25l[A[A[1Gpulling manifest [K
pulling 4cd576d9aa16: 100% ▕█████████████████ ▏  42 GB/ 42 GB  434 MB/s      0s[K
verifying sha256 digest ⠦ [K[?25h[?2026l[?2026h[?25l[A[A[1Gpulling manifest [K
pulling 4cd576d9aa16: 100% ▕█████████████████ ▏  42 GB/ 42 GB  434 MB/s      0s[K
verifying sha256 digest ⠧ [K[?25h[?2026l[?2026h[?25l[A[A[1Gpulling manifest [K
pulling 4cd576d9aa16: 100% ▕█████████████████ ▏  42 GB/ 42 GB  434 MB/s      0s[K
verifying sha256 digest ⠇ [K[?25h[?2026l[?2026h[?25l[A[A[1Gpulling manifest [K
pulling 4cd576d9aa16: 100% ▕█████████████████ ▏  42 GB/ 42 GB  434 MB/s      0s[K
verifying sha256 digest ⠏ [K[?25h[?2026l[?2026h[?25l[A[A[1Gpulling manifest [K
pulling 4cd576d9aa16: 100% ▕█████████████████ ▏  42 GB/ 42 GB  434 MB/s      0s[K
verifying sha256 digest ⠋ [K[?25h[?2026l[?2026h[?25l[A[A[1Gpulling manifest [K
pulling 4cd576d9aa16: 100% ▕█████████████████ ▏  42 GB/ 42 GB  434 MB/s      0s[K
verifying sha256 digest ⠙ [K[?25h[?2026l[?2026h[?25l[A[A[1Gpulling manifest [K
pulling 4cd576d9aa16: 100% ▕█████████████████ ▏  42 GB/ 42 GB  434 MB/s      0s[K
verifying sha256 digest ⠹ [K[?25h[?2026l[?2026h[?25l[A[A[1Gpulling manifest [K
pulling 4cd576d9aa16: 100% ▕█████████████████ ▏  42 GB/ 42 GB  434 MB/s      0s[K
verifying sha256 digest ⠸ [K[?25h[?2026l[?2026h[?25l[A[A[1Gpulling manifest [K
pulling 4cd576d9aa16: 100% ▕█████████████████ ▏  42 GB/ 42 GB  434 MB/s      0s[K
verifying sha256 digest ⠼ [K[?25h[?2026l[?2026h[?25l[A[A[1Gpulling manifest [K
pulling 4cd576d9aa16: 100% ▕█████████████████ ▏  42 GB/ 42 GB  434 MB/s      0s[K
verifying sha256 digest ⠴ [K[?25h[?2026l[?2026h[?25l[A[A[1Gpulling manifest [K
pulling 4cd576d9aa16: 100% ▕█████████████████ ▏  42 GB/ 42 GB  434 MB/s      0s[K
verifying sha256 digest ⠦ [K[?25h[?2026l[?2026h[?25l[A[A[1Gpulling manifest [K
pulling 4cd576d9aa16: 100% ▕█████████████████ ▏  42 GB/ 42 GB  434 MB/s      0s[K
verifying sha256 digest ⠧ [K[?25h[?2026l[?2026h[?25l[A[A[1Gpulling manifest [K
pulling 4cd576d9aa16: 100% ▕█████████████████ ▏  42 GB/ 42 GB  434 MB/s      0s[K
verifying sha256 digest ⠇ [K[?25h[?2026l[?2026h[?25l[A[A[1Gpulling manifest [K
pulling 4cd576d9aa16: 100% ▕█████████████████ ▏  42 GB/ 42 GB  434 MB/s      0s[K
verifying sha256 digest ⠏ [K[?25h[?2026l[?2026h[?25l[A[A[1Gpulling manifest [K
pulling 4cd576d9aa16: 100% ▕█████████████████ ▏  42 GB/ 42 GB  434 MB/s      0s[K
verifying sha256 digest ⠋ [K[?25h[?2026l[?2026h[?25l[A[A[1Gpulling manifest [K
pulling 4cd576d9aa16: 100% ▕█████████████████ ▏  42 GB/ 42 GB  434 MB/s      0s[K
verifying sha256 digest ⠙ [K[?25h[?2026l[?2026h[?25l[A[A[1Gpulling manifest [K
pulling 4cd576d9aa16: 100% ▕█████████████████ ▏  42 GB/ 42 GB  434 MB/s      0s[K
verifying sha256 digest ⠹ [K[?25h[?2026l[?2026h[?25l[A[A[1Gpulling manifest [K
pulling 4cd576d9aa16: 100% ▕█████████████████ ▏  42 GB/ 42 GB  434 MB/s      0s[K
verifying sha256 digest ⠸ [K[?25h[?2026l[?2026h[?25l[A[A[1Gpulling manifest [K
pulling 4cd576d9aa16: 100% ▕█████████████████ ▏  42 GB/ 42 GB  434 MB/s      0s[K
verifying sha256 digest ⠼ [K[?25h[?2026l[?2026h[?25l[A[A[1Gpulling manifest [K
pulling 4cd576d9aa16: 100% ▕█████████████████ ▏  42 GB/ 42 GB  434 MB/s      0s[K
verifying sha256 digest ⠴ [K[?25h[?2026l[?2026h[?25l[A[A[1Gpulling manifest [K
pulling 4cd576d9aa16: 100% ▕█████████████████ ▏  42 GB/ 42 GB  434 MB/s      0s[K
verifying sha256 digest ⠦ [K[?25h[?2026l[?2026h[?25l[A[A[1Gpulling manifest [K
pulling 4cd576d9aa16: 100% ▕█████████████████ ▏  42 GB/ 42 GB  434 MB/s      0s[K
verifying sha256 digest ⠧ [K[?25h[?2026l[?2026h[?25l[A[A[1Gpulling manifest [K
pulling 4cd576d9aa16: 100% ▕█████████████████ ▏  42 GB/ 42 GB  434 MB/s      0s[K
verifying sha256 digest ⠇ [K[?25h[?2026l[?2026h[?25l[A[A[1Gpulling manifest [K
pulling 4cd576d9aa16: 100% ▕█████████████████ ▏  42 GB/ 42 GB  434 MB/s      0s[K
verifying sha256 digest ⠏ [K[?25h[?2026l[?2026h[?25l[A[A[1Gpulling manifest [K
pulling 4cd576d9aa16: 100% ▕█████████████████ ▏  42 GB/ 42 GB  434 MB/s      0s[K
verifying sha256 digest ⠋ [K[?25h[?2026l[?2026h[?25l[A[A[1Gpulling manifest [K
pulling 4cd576d9aa16: 100% ▕█████████████████ ▏  42 GB/ 42 GB  434 MB/s      0s[K
verifying sha256 digest ⠙ [K[?25h[?2026l[?2026h[?25l[A[A[1Gpulling manifest [K
pulling 4cd576d9aa16: 100% ▕█████████████████ ▏  42 GB/ 42 GB  434 MB/s      0s[K
verifying sha256 digest ⠹ [K[?25h[?2026l[?2026h[?25l[A[A[1Gpulling manifest [K
pulling 4cd576d9aa16: 100% ▕█████████████████ ▏  42 GB/ 42 GB  434 MB/s      0s[K
verifying sha256 digest ⠸ [K[?25h[?2026l[?2026h[?25l[A[A[1Gpulling manifest [K
pulling 4cd576d9aa16: 100% ▕█████████████████ ▏  42 GB/ 42 GB  434 MB/s      0s[K
verifying sha256 digest ⠼ [K[?25h[?2026l[?2026h[?25l[A[A[1Gpulling manifest [K
pulling 4cd576d9aa16: 100% ▕█████████████████ ▏  42 GB/ 42 GB  434 MB/s      0s[K
verifying sha256 digest ⠴ [K[?25h[?2026l[?2026h[?25l[A[A[1Gpulling manifest [K
pulling 4cd576d9aa16: 100% ▕█████████████████ ▏  42 GB/ 42 GB  434 MB/s      0s[K
verifying sha256 digest ⠦ [K[?25h[?2026l[?2026h[?25l[A[A[1Gpulling manifest [K
pulling 4cd576d9aa16: 100% ▕█████████████████ ▏  42 GB/ 42 GB  434 MB/s      0s[K
verifying sha256 digest ⠧ [K[?25h[?2026l[?2026h[?25l[A[A[1Gpulling manifest [K
pulling 4cd576d9aa16: 100% ▕█████████████████ ▏  42 GB/ 42 GB  434 MB/s      0s[K
verifying sha256 digest ⠇ [K[?25h[?2026l[?2026h[?25l[A[A[1Gpulling manifest [K
pulling 4cd576d9aa16: 100% ▕█████████████████ ▏  42 GB/ 42 GB  434 MB/s      0s[K
verifying sha256 digest ⠏ [K[?25h[?2026l[?2026h[?25l[A[A[1Gpulling manifest [K
pulling 4cd576d9aa16: 100% ▕█████████████████ ▏  42 GB/ 42 GB  434 MB/s      0s[K
verifying sha256 digest ⠋ [K[?25h[?2026l[?2026h[?25l[A[A[1Gpulling manifest [K
pulling 4cd576d9aa16: 100% ▕█████████████████ ▏  42 GB/ 42 GB  434 MB/s      0s[K
verifying sha256 digest ⠙ [K[?25h[?2026l[?2026h[?25l[A[A[1Gpulling manifest [K
pulling 4cd576d9aa16: 100% ▕█████████████████ ▏  42 GB/ 42 GB  434 MB/s      0s[K
verifying sha256 digest ⠹ [K[?25h[?2026l[?2026h[?25l[A[A[1Gpulling manifest [K
pulling 4cd576d9aa16: 100% ▕█████████████████ ▏  42 GB/ 42 GB  434 MB/s      0s[K
verifying sha256 digest ⠸ [K[?25h[?2026l[?2026h[?25l[A[A[1Gpulling manifest [K
pulling 4cd576d9aa16: 100% ▕█████████████████ ▏  42 GB/ 42 GB  434 MB/s      0s[K
verifying sha256 digest ⠼ [K[?25h[?2026l[?2026h[?25l[A[A[1Gpulling manifest [K
pulling 4cd576d9aa16: 100% ▕█████████████████ ▏  42 GB/ 42 GB  434 MB/s      0s[K
verifying sha256 digest ⠴ [K[?25h[?2026l[?2026h[?25l[A[A[1Gpulling manifest [K
pulling 4cd576d9aa16: 100% ▕█████████████████ ▏  42 GB/ 42 GB  434 MB/s      0s[K
verifying sha256 digest ⠦ [K[?25h[?2026l[?2026h[?25l[A[A[1Gpulling manifest [K
pulling 4cd576d9aa16: 100% ▕█████████████████ ▏  42 GB/ 42 GB  434 MB/s      0s[K
verifying sha256 digest ⠧ [K[?25h[?2026l[?2026h[?25l[A[A[1Gpulling manifest [K
pulling 4cd576d9aa16: 100% ▕█████████████████ ▏  42 GB/ 42 GB  434 MB/s      0s[K
verifying sha256 digest ⠇ [K[?25h[?2026l[?2026h[?25l[A[A[1Gpulling manifest [K
pulling 4cd576d9aa16: 100% ▕█████████████████ ▏  42 GB/ 42 GB  434 MB/s      0s[K
verifying sha256 digest ⠏ [K[?25h[?2026l[?2026h[?25l[A[A[1Gpulling manifest [K
pulling 4cd576d9aa16: 100% ▕█████████████████ ▏  42 GB/ 42 GB  434 MB/s      0s[K
verifying sha256 digest ⠋ [K[?25h[?2026l[?2026h[?25l[A[A[1Gpulling manifest [K
pulling 4cd576d9aa16: 100% ▕█████████████████ ▏  42 GB/ 42 GB  434 MB/s      0s[K
verifying sha256 digest ⠙ [K[?25h[?2026l[?2026h[?25l[A[A[1Gpulling manifest [K
pulling 4cd576d9aa16: 100% ▕█████████████████ ▏  42 GB/ 42 GB  434 MB/s      0s[K
verifying sha256 digest ⠹ [K[?25h[?2026l[?2026h[?25l[A[A[1Gpulling manifest [K
pulling 4cd576d9aa16: 100% ▕█████████████████ ▏  42 GB/ 42 GB  434 MB/s      0s[K
verifying sha256 digest ⠸ [K[?25h[?2026l[?2026h[?25l[A[A[1Gpulling manifest [K
pulling 4cd576d9aa16: 100% ▕█████████████████ ▏  42 GB/ 42 GB  434 MB/s      0s[K
verifying sha256 digest ⠼ [K[?25h[?2026l[?2026h[?25l[A[A[1Gpulling manifest [K
pulling 4cd576d9aa16: 100% ▕█████████████████ ▏  42 GB/ 42 GB  434 MB/s      0s[K
verifying sha256 digest ⠴ [K[?25h[?2026l[?2026h[?25l[A[A[1Gpulling manifest [K
pulling 4cd576d9aa16: 100% ▕█████████████████ ▏  42 GB/ 42 GB  434 MB/s      0s[K
verifying sha256 digest ⠦ [K[?25h[?2026l[?2026h[?25l[A[A[1Gpulling manifest [K
pulling 4cd576d9aa16: 100% ▕█████████████████ ▏  42 GB/ 42 GB  434 MB/s      0s[K
verifying sha256 digest ⠧ [K[?25h[?2026l[?2026h[?25l[A[A[1Gpulling manifest [K
pulling 4cd576d9aa16: 100% ▕█████████████████ ▏  42 GB/ 42 GB  434 MB/s      0s[K
verifying sha256 digest ⠇ [K[?25h[?2026l[?2026h[?25l[A[A[1Gpulling manifest [K
pulling 4cd576d9aa16: 100% ▕█████████████████ ▏  42 GB/ 42 GB  434 MB/s      0s[K
verifying sha256 digest ⠏ [K[?25h[?2026l[?2026h[?25l[A[A[1Gpulling manifest [K
pulling 4cd576d9aa16: 100% ▕█████████████████ ▏  42 GB/ 42 GB  434 MB/s      0s[K
verifying sha256 digest ⠋ [K[?25h[?2026l[?2026h[?25l[A[A[1Gpulling manifest [K
pulling 4cd576d9aa16: 100% ▕█████████████████ ▏  42 GB/ 42 GB  434 MB/s      0s[K
verifying sha256 digest ⠙ [K[?25h[?2026l[?2026h[?25l[A[A[1Gpulling manifest [K
pulling 4cd576d9aa16: 100% ▕█████████████████ ▏  42 GB/ 42 GB  434 MB/s      0s[K
verifying sha256 digest [K
writing manifest [K
success [K[?25h[?2026l
