[?2026h[?25l[1Gpulling manifest ⠋ [K[?25h[?2026l[?2026h[?25l[1Gpulling manifest ⠙ [K[?25h[?2026l[?2026h[?25l[1Gpulling manifest ⠹ [K[?25h[?2026l[?2026h[?25l[1Gpulling manifest ⠸ [K[?25h[?2026l[?2026h[?25l[1Gpulling manifest ⠼ [K[?25h[?2026l[?2026h[?25l[1Gpulling manifest [K
pulling 74701a8c35f6:   3% ▕                  ▏  35 MB/1.3 GB                  [K[?25h[?2026l[?2026h[?25l[A[1Gpulling manifest [K
pulling 74701a8c35f6:  12% ▕██                ▏ 152 MB/1.3 GB                  [K[?25h[?2026l[?2026h[?25l[A[1Gpulling manifest [K
pulling 74701a8c35f6:  20% ▕███               ▏ 258 MB/1.3 GB                  [K[?25h[?2026l[?2026h[?25l[A[1Gpulling manifest [K
pulling 74701a8c35f6:  23% ▕████              ▏ 300 MB/1.3 GB                  [K[?25h[?2026l[?2026h[?25l[A[1Gpulling manifest [K
pulling 74701a8c35f6:  30% ▕█████             ▏ 400 MB/1.3 GB                  [K[?25h[?2026l[?2026h[?25l[A[1Gpulling manifest [K
pulling 74701a8c35f6:  37% ▕██████            ▏ 491 MB/1.3 GB                  [K[?25h[?2026l[?2026h[?25l[A[1Gpulling manifest [K
pulling 74701a8c35f6:  41% ▕███████           ▏ 538 MB/1.3 GB                  [K[?25h[?2026l[?2026h[?25l[A[1Gpulling manifest [K
pulling 74701a8c35f6:  48% ▕████████          ▏ 635 MB/1.3 GB                  [K[?25h[?2026l[?2026h[?25l[A[1Gpulling manifest [K
pulling 74701a8c35f6:  55% ▕█████████         ▏ 723 MB/1.3 GB                  [K[?25h[?2026l[?2026h[?25l[A[1Gpulling manifest [K
pulling 74701a8c35f6:  59% ▕██████████        ▏ 775 MB/1.3 GB                  [K[?25h[?2026l[?2026h[?25l[A[1Gpulling manifest [K
pulling 74701a8c35f6:  64% ▕███████████       ▏ 841 MB/1.3 GB  806 MB/s      0s[K[?25h[?2026l[?2026h[?25l[A[1Gpulling manifest [K
pulling 74701a8c35f6:  68% ▕████████████      ▏ 898 MB/1.3 GB  806 MB/s      0s[K[?25h[?2026l[?2026h[?25l[A[1Gpulling manifest [K
pulling 74701a8c35f6:  70% ▕████████████      ▏ 921 MB/1.3 GB  806 MB/s      0s[K[?25h[?2026l[?2026h[?25l[A[1Gpulling manifest [K
pulling 74701a8c35f6:  74% ▕█████████████     ▏ 982 MB/1.3 GB  806 MB/s      0s[K[?25h[?2026l[?2026h[?25l[A[1Gpulling manifest [K
pulling 74701a8c35f6:  77% ▕█████████████     ▏ 1.0 GB/1.3 GB  806 MB/s      0s[K[?25h[?2026l[?2026h[?25l[A[1Gpulling manifest [K
pulling 74701a8c35f6:  78% ▕█████████████     ▏ 1.0 GB/1.3 GB  806 MB/s      0s[K[?25h[?2026l[?2026h[?25l[A[1Gpulling manifest [K
pulling 74701a8c35f6:  80% ▕██████████████    ▏ 1.1 GB/1.3 GB  806 MB/s      0s[K[?25h[?2026l[?2026h[?25l[A[1Gpulling manifest [K
pulling 74701a8c35f6:  83% ▕██████████████    ▏ 1.1 GB/1.3 GB  806 MB/s      0s[K[?25h[?2026l[?2026h[?25l[A[1Gpulling manifest [K
pulling 74701a8c35f6:  84% ▕███████████████   ▏ 1.1 GB/1.3 GB  806 MB/s      0s[K[?25h[?2026l[?2026h[?25l[A[1Gpulling manifest [K
pulling 74701a8c35f6:  87% ▕███████████████   ▏ 1.2 GB/1.3 GB  806 MB/s      0s[K[?25h[?2026l[?2026h[?25l[A[1Gpulling manifest [K
pulling 74701a8c35f6:  89% ▕███████████████   ▏ 1.2 GB/1.3 GB  567 MB/s      0s[K[?25h[?2026l[?2026h[?25l[A[1Gpulling manifest [K
pulling 74701a8c35f6:  89% ▕████████████████  ▏ 1.2 GB/1.3 GB  567 MB/s      0s[K[?25h[?2026l[?2026h[?25l[A[1Gpulling manifest [K
pulling 74701a8c35f6:  91% ▕████████████████  ▏ 1.2 GB/1.3 GB  567 MB/s      0s[K[?25h[?2026l[?2026h[?25l[A[1Gpulling manifest [K
pulling 74701a8c35f6:  92% ▕████████████████  ▏ 1.2 GB/1.3 GB  567 MB/s      0s[K[?25h[?2026l[?2026h[?25l[A[1Gpulling manifest [K
pulling 74701a8c35f6:  93% ▕████████████████  ▏ 1.2 GB/1.3 GB  567 MB/s      0s[K[?25h[?2026l[?2026h[?25l[A[1Gpulling manifest [K
pulling 74701a8c35f6:  95% ▕█████████████████ ▏ 1.3 GB/1.3 GB  567 MB/s      0s[K[?25h[?2026l[?2026h[?25l[A[1Gpulling manifest [K
pulling 74701a8c35f6:  97% ▕█████████████████ ▏ 1.3 GB/1.3 GB  567 MB/s      0s[K[?25h[?2026l[?2026h[?25l[A[1Gpulling manifest [K
pulling 74701a8c35f6:  97% ▕█████████████████ ▏ 1.3 GB/1.3 GB  567 MB/s      0s[K[?25h[?2026l[?2026h[?25l[A[1Gpulling manifest [K
pulling 74701a8c35f6:  98% ▕█████████████████ ▏ 1.3 GB/1.3 GB  567 MB/s      0s[K[?25h[?2026l[?2026h[?25l[A[1Gpulling manifest [K
pulling 74701a8c35f6:  98% ▕█████████████████ ▏ 1.3 GB/1.3 GB  567 MB/s      0s[K[?25h[?2026l[?2026h[?25l[A[1Gpulling manifest [K
pulling 74701a8c35f6:  99% ▕█████████████████ ▏ 1.3 GB/1.3 GB  567 MB/s      0s[K[?25h[?2026l[?2026h[?25l[A[1Gpulling manifest [K
pulling 74701a8c35f6:  99% ▕█████████████████ ▏ 1.3 GB/1.3 GB  423 MB/s      0s[K[?25h[?2026l[?2026h[?25l[A[1Gpulling manifest [K
pulling 74701a8c35f6: 100% ▕█████████████████ ▏ 1.3 GB/1.3 GB  423 MB/s      0s[K[?25h[?2026l[?2026h[?25l[A[1Gpulling manifest [K
pulling 74701a8c35f6: 100% ▕█████████████████ ▏ 1.3 GB/1.3 GB  423 MB/s      0s[K[?25h[?2026l[?2026h[?25l[A[1Gpulling manifest [K
pulling 74701a8c35f6: 100% ▕█████████████████ ▏ 1.3 GB/1.3 GB  423 MB/s      0s[K[?25h[?2026l[?2026h[?25l[A[1Gpulling manifest [K
pulling 74701a8c35f6: 100% ▕█████████████████ ▏ 1.3 GB/1.3 GB  423 MB/s      0s[K[?25h[?2026l[?2026h[?25l[A[1Gpulling manifest [K
pulling 74701a8c35f6: 100% ▕█████████████████ ▏ 1.3 GB/1.3 GB  423 MB/s      0s[K[?25h[?2026l[?2026h[?25l[A[1Gpulling manifest [K
pulling 74701a8c35f6: 100% ▕█████████████████ ▏ 1.3 GB/1.3 GB  423 MB/s      0s[K[?25h[?2026l[?2026h[?25l[A[1Gpulling manifest [K
pulling 74701a8c35f6: 100% ▕█████████████████ ▏ 1.3 GB/1.3 GB  423 MB/s      0s[K[?25h[?2026l[?2026h[?25l[A[1Gpulling manifest [K
pulling 74701a8c35f6: 100% ▕█████████████████ ▏ 1.3 GB/1.3 GB  423 MB/s      0s[K[?25h[?2026l[?2026h[?25l[A[1Gpulling manifest [K
pulling 74701a8c35f6: 100% ▕█████████████████ ▏ 1.3 GB/1.3 GB  423 MB/s      0s[K[?25h[?2026l[?2026h[?25l[A[1Gpulling manifest [K
pulling 74701a8c35f6: 100% ▕█████████████████ ▏ 1.3 GB/1.3 GB  423 MB/s      0s[K[?25h[?2026l[?2026h[?25l[A[1Gpulling manifest [K
pulling 74701a8c35f6: 100% ▕█████████████████ ▏ 1.3 GB/1.3 GB  423 MB/s      0s[K[?25h[?2026l[?2026h[?25l[A[1Gpulling manifest [K
pulling 74701a8c35f6: 100% ▕█████████████████ ▏ 1.3 GB/1.3 GB  423 MB/s      0s[K
verifying sha256 digest ⠋ [K[?25h[?2026l[?2026h[?25l[A[A[1Gpulling manifest [K
pulling 74701a8c35f6: 100% ▕█████████████████ ▏ 1.3 GB/1.3 GB  423 MB/s      0s[K
verifying sha256 digest ⠙ [K[?25h[?2026l[?2026h[?25l[A[A[1Gpulling manifest [K
pulling 74701a8c35f6: 100% ▕█████████████████ ▏ 1.3 GB/1.3 GB  423 MB/s      0s[K
verifying sha256 digest ⠹ [K[?25h[?2026l[?2026h[?25l[A[A[1Gpulling manifest [K
pulling 74701a8c35f6: 100% ▕█████████████████ ▏ 1.3 GB/1.3 GB  423 MB/s      0s[K
verifying sha256 digest ⠸ [K[?25h[?2026l[?2026h[?25l[A[A[1Gpulling manifest [K
pulling 74701a8c35f6: 100% ▕█████████████████ ▏ 1.3 GB/1.3 GB  423 MB/s      0s[K
verifying sha256 digest ⠼ [K[?25h[?2026l[?2026h[?25l[A[A[1Gpulling manifest [K
pulling 74701a8c35f6: 100% ▕█████████████████ ▏ 1.3 GB/1.3 GB  423 MB/s      0s[K
verifying sha256 digest ⠴ [K[?25h[?2026l[?2026h[?25l[A[A[1Gpulling manifest [K
pulling 74701a8c35f6: 100% ▕█████████████████ ▏ 1.3 GB/1.3 GB  423 MB/s      0s[K
verifying sha256 digest ⠦ [K[?25h[?2026l[?2026h[?25l[A[A[1Gpulling manifest [K
pulling 74701a8c35f6: 100% ▕█████████████████ ▏ 1.3 GB/1.3 GB  423 MB/s      0s[K
verifying sha256 digest ⠧ [K[?25h[?2026l[?2026h[?25l[A[A[1Gpulling manifest [K
pulling 74701a8c35f6: 100% ▕█████████████████ ▏ 1.3 GB/1.3 GB  423 MB/s      0s[K
verifying sha256 digest ⠇ [K[?25h[?2026l[?2026h[?25l[A[A[1Gpulling manifest [K
pulling 74701a8c35f6: 100% ▕█████████████████ ▏ 1.3 GB/1.3 GB  423 MB/s      0s[K
verifying sha256 digest ⠏ [K[?25h[?2026l[?2026h[?25l[A[A[1Gpulling manifest [K
pulling 74701a8c35f6: 100% ▕█████████████████ ▏ 1.3 GB/1.3 GB  423 MB/s      0s[K
verifying sha256 digest ⠋ [K[?25h[?2026l[?2026h[?25l[A[A[1Gpulling manifest [K
pulling 74701a8c35f6: 100% ▕█████████████████ ▏ 1.3 GB/1.3 GB  423 MB/s      0s[K
verifying sha256 digest ⠙ [K[?25h[?2026l[?2026h[?25l[A[A[1Gpulling manifest [K
pulling 74701a8c35f6: 100% ▕█████████████████ ▏ 1.3 GB/1.3 GB  423 MB/s      0s[K
verifying sha256 digest [K
writing manifest [K
success [K[?25h[?2026l
[?2026h[?25l[1Gpulling manifest ⠋ [K[?25h[?2026l[?2026h[?25l[1Gpulling manifest ⠙ [K[?25h[?2026l[?2026h[?25l[1Gpulling manifest ⠹ [K[?25h[?2026l[?2026h[?25l[1Gpulling manifest ⠸ [K[?25h[?2026l[?2026h[?25l[1Gpulling manifest ⠼ [K[?25h[?2026l[?2026h[?25l[1Gpulling manifest [K
pulling dde5aa3fc5ff:   0% ▕                  ▏ 9.6 MB/2.0 GB                  [K[?25h[?2026l[?2026h[?25l[A[1Gpulling manifest [K
pulling dde5aa3fc5ff:   4% ▕                  ▏  88 MB/2.0 GB                  [K[?25h[?2026l[?2026h[?25l[A[1Gpulling manifest [K
pulling dde5aa3fc5ff:   7% ▕█                 ▏ 137 MB/2.0 GB                  [K[?25h[?2026l[?2026h[?25l[A[1Gpulling manifest [K
pulling dde5aa3fc5ff:  11% ▕██                ▏ 229 MB/2.0 GB                  [K[?25h[?2026l[?2026h[?25l[A[1Gpulling manifest [K
pulling dde5aa3fc5ff:  17% ▕███               ▏ 342 MB/2.0 GB                  [K[?25h[?2026l[?2026h[?25l[A[1Gpulling manifest [K
pulling dde5aa3fc5ff:  19% ▕███               ▏ 391 MB/2.0 GB                  [K[?25h[?2026l[?2026h[?25l[A[1Gpulling manifest [K
pulling dde5aa3fc5ff:  25% ▕████              ▏ 502 MB/2.0 GB                  [K[?25h[?2026l[?2026h[?25l[A[1Gpulling manifest [K
pulling dde5aa3fc5ff:  29% ▕█████             ▏ 591 MB/2.0 GB                  [K[?25h[?2026l[?2026h[?25l[A[1Gpulling manifest [K
pulling dde5aa3fc5ff:  32% ▕█████             ▏ 639 MB/2.0 GB                  [K[?25h[?2026l[?2026h[?25l[A[1Gpulling manifest [K
pulling dde5aa3fc5ff:  36% ▕██████            ▏ 734 MB/2.0 GB                  [K[?25h[?2026l[?2026h[?25l[A[1Gpulling manifest [K
pulling dde5aa3fc5ff:  40% ▕███████           ▏ 814 MB/2.0 GB  804 MB/s      1s[K[?25h[?2026l[?2026h[?25l[A[1Gpulling manifest [K
pulling dde5aa3fc5ff:  44% ▕███████           ▏ 880 MB/2.0 GB  804 MB/s      1s[K[?25h[?2026l[?2026h[?25l[A[1Gpulling manifest [K
pulling dde5aa3fc5ff:  51% ▕█████████         ▏ 1.0 GB/2.0 GB  804 MB/s      1s[K[?25h[?2026l[?2026h[?25l[A[1Gpulling manifest [K
pulling dde5aa3fc5ff:  55% ▕█████████         ▏ 1.1 GB/2.0 GB  804 MB/s      1s[K[?25h[?2026l[?2026h[?25l[A[1Gpulling manifest [K
pulling dde5aa3fc5ff:  59% ▕██████████        ▏ 1.2 GB/2.0 GB  804 MB/s      1s[K[?25h[?2026l[?2026h[?25l[A[1Gpulling manifest [K
pulling dde5aa3fc5ff:  65% ▕███████████       ▏ 1.3 GB/2.0 GB  804 MB/s      0s[K[?25h[?2026l[?2026h[?25l[A[1Gpulling manifest [K
pulling dde5aa3fc5ff:  70% ▕████████████      ▏ 1.4 GB/2.0 GB  804 MB/s      0s[K[?25h[?2026l[?2026h[?25l[A[1Gpulling manifest [K
pulling dde5aa3fc5ff:  73% ▕█████████████     ▏ 1.5 GB/2.0 GB  804 MB/s      0s[K[?25h[?2026l[?2026h[?25l[A[1Gpulling manifest [K
pulling dde5aa3fc5ff:  77% ▕█████████████     ▏ 1.6 GB/2.0 GB  804 MB/s      0s[K[?25h[?2026l[?2026h[?25l[A[1Gpulling manifest [K
pulling dde5aa3fc5ff:  82% ▕██████████████    ▏ 1.7 GB/2.0 GB  804 MB/s      0s[K[?25h[?2026l[?2026h[?25l[A[1Gpulling manifest [K
pulling dde5aa3fc5ff:  84% ▕███████████████   ▏ 1.7 GB/2.0 GB  804 MB/s      0s[K[?25h[?2026l[?2026h[?25l[A[1Gpulling manifest [K
pulling dde5aa3fc5ff:  88% ▕███████████████   ▏ 1.8 GB/2.0 GB  865 MB/s      0s[K[?25h[?2026l[?2026h[?25l[A[1Gpulling manifest [K
pulling dde5aa3fc5ff:  91% ▕████████████████  ▏ 1.8 GB/2.0 GB  865 MB/s      0s[K[?25h[?2026l[?2026h[?25l[A[1Gpulling manifest [K
pulling dde5aa3fc5ff:  93% ▕████████████████  ▏ 1.9 GB/2.0 GB  865 MB/s      0s[K[?25h[?2026l[?2026h[?25l[A[1Gpulling manifest [K
pulling dde5aa3fc5ff:  95% ▕█████████████████ ▏ 1.9 GB/2.0 GB  865 MB/s      0s[K[?25h[?2026l[?2026h[?25l[A[1Gpulling manifest [K
pulling dde5aa3fc5ff:  97% ▕█████████████████ ▏ 2.0 GB/2.0 GB  865 MB/s      0s[K[?25h[?2026l[?2026h[?25l[A[1Gpulling manifest [K
pulling dde5aa3fc5ff:  97% ▕█████████████████ ▏ 2.0 GB/2.0 GB  865 MB/s      0s[K[?25h[?2026l[?2026h[?25l[A[1Gpulling manifest [K
pulling dde5aa3fc5ff:  98% ▕█████████████████ ▏ 2.0 GB/2.0 GB  865 MB/s      0s[K[?25h[?2026l[?2026h[?25l[A[1Gpulling manifest [K
pulling dde5aa3fc5ff:  98% ▕█████████████████ ▏ 2.0 GB/2.0 GB  865 MB/s      0s[K[?25h[?2026l[?2026h[?25l[A[1Gpulling manifest [K
pulling dde5aa3fc5ff:  99% ▕█████████████████ ▏ 2.0 GB/2.0 GB  865 MB/s      0s[K[?25h[?2026l[?2026h[?25l[A[1Gpulling manifest [K
pulling dde5aa3fc5ff:  99% ▕█████████████████ ▏ 2.0 GB/2.0 GB  865 MB/s      0s[K[?25h[?2026l[?2026h[?25l[A[1Gpulling manifest [K
pulling dde5aa3fc5ff: 100% ▕█████████████████ ▏ 2.0 GB/2.0 GB  666 MB/s      0s[K[?25h[?2026l[?2026h[?25l[A[1Gpulling manifest [K
pulling dde5aa3fc5ff: 100% ▕██████████████████▏ 2.0 GB                         [K
pulling 966de95ca8a6: 100% ▕██████████████████▏ 1.4 KB                         [K
pulling fcc5a6bec9da: 100% ▕██████████████████▏ 7.7 KB                         [K
pulling a70ff7e570d9: 100% ▕██████████████████▏ 6.0 KB                         [K
pulling 56bb8bd477a5: 100% ▕██████████████████▏   96 B                         [K[?25h[?2026l[?2026h[?25l[A[A[A[A[A[1Gpulling manifest [K
pulling dde5aa3fc5ff: 100% ▕██████████████████▏ 2.0 GB                         [K
pulling 966de95ca8a6: 100% ▕██████████████████▏ 1.4 KB                         [K
pulling fcc5a6bec9da: 100% ▕██████████████████▏ 7.7 KB                         [K
pulling a70ff7e570d9: 100% ▕██████████████████▏ 6.0 KB                         [K
pulling 56bb8bd477a5: 100% ▕██████████████████▏   96 B                         [K[?25h[?2026l[?2026h[?25l[A[A[A[A[A[1Gpulling manifest [K
pulling dde5aa3fc5ff: 100% ▕██████████████████▏ 2.0 GB                         [K
pulling 966de95ca8a6: 100% ▕██████████████████▏ 1.4 KB                         [K
pulling fcc5a6bec9da: 100% ▕██████████████████▏ 7.7 KB                         [K
pulling a70ff7e570d9: 100% ▕██████████████████▏ 6.0 KB                         [K
pulling 56bb8bd477a5: 100% ▕██████████████████▏   96 B                         [K
verifying sha256 digest ⠋ [K[?25h[?2026l[?2026h[?25l[A[A[A[A[A[A[1Gpulling manifest [K
pulling dde5aa3fc5ff: 100% ▕██████████████████▏ 2.0 GB                         [K
pulling 966de95ca8a6: 100% ▕██████████████████▏ 1.4 KB                         [K
pulling fcc5a6bec9da: 100% ▕██████████████████▏ 7.7 KB                         [K
pulling a70ff7e570d9: 100% ▕██████████████████▏ 6.0 KB                         [K
pulling 56bb8bd477a5: 100% ▕██████████████████▏   96 B                         [K
verifying sha256 digest ⠙ [K[?25h[?2026l[?2026h[?25l[A[A[A[A[A[A[1Gpulling manifest [K
pulling dde5aa3fc5ff: 100% ▕██████████████████▏ 2.0 GB                         [K
pulling 966de95ca8a6: 100% ▕██████████████████▏ 1.4 KB                         [K
pulling fcc5a6bec9da: 100% ▕██████████████████▏ 7.7 KB                         [K
pulling a70ff7e570d9: 100% ▕██████████████████▏ 6.0 KB                         [K
pulling 56bb8bd477a5: 100% ▕██████████████████▏   96 B                         [K
verifying sha256 digest ⠹ [K[?25h[?2026l[?2026h[?25l[A[A[A[A[A[A[1Gpulling manifest [K
pulling dde5aa3fc5ff: 100% ▕██████████████████▏ 2.0 GB                         [K
pulling 966de95ca8a6: 100% ▕██████████████████▏ 1.4 KB                         [K
pulling fcc5a6bec9da: 100% ▕██████████████████▏ 7.7 KB                         [K
pulling a70ff7e570d9: 100% ▕██████████████████▏ 6.0 KB                         [K
pulling 56bb8bd477a5: 100% ▕██████████████████▏   96 B                         [K
verifying sha256 digest ⠸ [K[?25h[?2026l[?2026h[?25l[A[A[A[A[A[A[1Gpulling manifest [K
pulling dde5aa3fc5ff: 100% ▕██████████████████▏ 2.0 GB                         [K
pulling 966de95ca8a6: 100% ▕██████████████████▏ 1.4 KB                         [K
pulling fcc5a6bec9da: 100% ▕██████████████████▏ 7.7 KB                         [K
pulling a70ff7e570d9: 100% ▕██████████████████▏ 6.0 KB                         [K
pulling 56bb8bd477a5: 100% ▕██████████████████▏   96 B                         [K
verifying sha256 digest ⠼ [K[?25h[?2026l[?2026h[?25l[A[A[A[A[A[A[1Gpulling manifest [K
pulling dde5aa3fc5ff: 100% ▕██████████████████▏ 2.0 GB                         [K
pulling 966de95ca8a6: 100% ▕██████████████████▏ 1.4 KB                         [K
pulling fcc5a6bec9da: 100% ▕██████████████████▏ 7.7 KB                         [K
pulling a70ff7e570d9: 100% ▕██████████████████▏ 6.0 KB                         [K
pulling 56bb8bd477a5: 100% ▕██████████████████▏   96 B                         [K
verifying sha256 digest ⠴ [K[?25h[?2026l[?2026h[?25l[A[A[A[A[A[A[1Gpulling manifest [K
pulling dde5aa3fc5ff: 100% ▕██████████████████▏ 2.0 GB                         [K
pulling 966de95ca8a6: 100% ▕██████████████████▏ 1.4 KB                         [K
pulling fcc5a6bec9da: 100% ▕██████████████████▏ 7.7 KB                         [K
pulling a70ff7e570d9: 100% ▕██████████████████▏ 6.0 KB                         [K
pulling 56bb8bd477a5: 100% ▕██████████████████▏   96 B                         [K
verifying sha256 digest ⠦ [K[?25h[?2026l[?2026h[?25l[A[A[A[A[A[A[1Gpulling manifest [K
pulling dde5aa3fc5ff: 100% ▕██████████████████▏ 2.0 GB                         [K
pulling 966de95ca8a6: 100% ▕██████████████████▏ 1.4 KB                         [K
pulling fcc5a6bec9da: 100% ▕██████████████████▏ 7.7 KB                         [K
pulling a70ff7e570d9: 100% ▕██████████████████▏ 6.0 KB                         [K
pulling 56bb8bd477a5: 100% ▕██████████████████▏   96 B                         [K
verifying sha256 digest ⠧ [K[?25h[?2026l[?2026h[?25l[A[A[A[A[A[A[1Gpulling manifest [K
pulling dde5aa3fc5ff: 100% ▕██████████████████▏ 2.0 GB                         [K
pulling 966de95ca8a6: 100% ▕██████████████████▏ 1.4 KB                         [K
pulling fcc5a6bec9da: 100% ▕██████████████████▏ 7.7 KB                         [K
pulling a70ff7e570d9: 100% ▕██████████████████▏ 6.0 KB                         [K
pulling 56bb8bd477a5: 100% ▕██████████████████▏   96 B                         [K
verifying sha256 digest ⠇ [K[?25h[?2026l[?2026h[?25l[A[A[A[A[A[A[1Gpulling manifest [K
pulling dde5aa3fc5ff: 100% ▕██████████████████▏ 2.0 GB                         [K
pulling 966de95ca8a6: 100% ▕██████████████████▏ 1.4 KB                         [K
pulling fcc5a6bec9da: 100% ▕██████████████████▏ 7.7 KB                         [K
pulling a70ff7e570d9: 100% ▕██████████████████▏ 6.0 KB                         [K
pulling 56bb8bd477a5: 100% ▕██████████████████▏   96 B                         [K
verifying sha256 digest ⠏ [K[?25h[?2026l[?2026h[?25l[A[A[A[A[A[A[1Gpulling manifest [K
pulling dde5aa3fc5ff: 100% ▕██████████████████▏ 2.0 GB                         [K
pulling 966de95ca8a6: 100% ▕██████████████████▏ 1.4 KB                         [K
pulling fcc5a6bec9da: 100% ▕██████████████████▏ 7.7 KB                         [K
pulling a70ff7e570d9: 100% ▕██████████████████▏ 6.0 KB                         [K
pulling 56bb8bd477a5: 100% ▕██████████████████▏   96 B                         [K
verifying sha256 digest ⠋ [K[?25h[?2026l[?2026h[?25l[A[A[A[A[A[A[1Gpulling manifest [K
pulling dde5aa3fc5ff: 100% ▕██████████████████▏ 2.0 GB                         [K
pulling 966de95ca8a6: 100% ▕██████████████████▏ 1.4 KB                         [K
pulling fcc5a6bec9da: 100% ▕██████████████████▏ 7.7 KB                         [K
pulling a70ff7e570d9: 100% ▕██████████████████▏ 6.0 KB                         [K
pulling 56bb8bd477a5: 100% ▕██████████████████▏   96 B                         [K
verifying sha256 digest ⠙ [K[?25h[?2026l[?2026h[?25l[A[A[A[A[A[A[1Gpulling manifest [K
pulling dde5aa3fc5ff: 100% ▕██████████████████▏ 2.0 GB                         [K
pulling 966de95ca8a6: 100% ▕██████████████████▏ 1.4 KB                         [K
pulling fcc5a6bec9da: 100% ▕██████████████████▏ 7.7 KB                         [K
pulling a70ff7e570d9: 100% ▕██████████████████▏ 6.0 KB                         [K
pulling 56bb8bd477a5: 100% ▕██████████████████▏   96 B                         [K
verifying sha256 digest ⠹ [K[?25h[?2026l[?2026h[?25l[A[A[A[A[A[A[1Gpulling manifest [K
pulling dde5aa3fc5ff: 100% ▕██████████████████▏ 2.0 GB                         [K
pulling 966de95ca8a6: 100% ▕██████████████████▏ 1.4 KB                         [K
pulling fcc5a6bec9da: 100% ▕██████████████████▏ 7.7 KB                         [K
pulling a70ff7e570d9: 100% ▕██████████████████▏ 6.0 KB                         [K
pulling 56bb8bd477a5: 100% ▕██████████████████▏   96 B                         [K
verifying sha256 digest ⠸ [K[?25h[?2026l[?2026h[?25l[A[A[A[A[A[A[1Gpulling manifest [K
pulling dde5aa3fc5ff: 100% ▕██████████████████▏ 2.0 GB                         [K
pulling 966de95ca8a6: 100% ▕██████████████████▏ 1.4 KB                         [K
pulling fcc5a6bec9da: 100% ▕██████████████████▏ 7.7 KB                         [K
pulling a70ff7e570d9: 100% ▕██████████████████▏ 6.0 KB                         [K
pulling 56bb8bd477a5: 100% ▕██████████████████▏   96 B                         [K
verifying sha256 digest ⠼ [K[?25h[?2026l[?2026h[?25l[A[A[A[A[A[A[1Gpulling manifest [K
pulling dde5aa3fc5ff: 100% ▕██████████████████▏ 2.0 GB                         [K
pulling 966de95ca8a6: 100% ▕██████████████████▏ 1.4 KB                         [K
pulling fcc5a6bec9da: 100% ▕██████████████████▏ 7.7 KB                         [K
pulling a70ff7e570d9: 100% ▕██████████████████▏ 6.0 KB                         [K
pulling 56bb8bd477a5: 100% ▕██████████████████▏   96 B                         [K
verifying sha256 digest ⠴ [K[?25h[?2026l[?2026h[?25l[A[A[A[A[A[A[1Gpulling manifest [K
pulling dde5aa3fc5ff: 100% ▕██████████████████▏ 2.0 GB                         [K
pulling 966de95ca8a6: 100% ▕██████████████████▏ 1.4 KB                         [K
pulling fcc5a6bec9da: 100% ▕██████████████████▏ 7.7 KB                         [K
pulling a70ff7e570d9: 100% ▕██████████████████▏ 6.0 KB                         [K
pulling 56bb8bd477a5: 100% ▕██████████████████▏   96 B                         [K
verifying sha256 digest ⠦ [K[?25h[?2026l[?2026h[?25l[A[A[A[A[A[A[1Gpulling manifest [K
pulling dde5aa3fc5ff: 100% ▕██████████████████▏ 2.0 GB                         [K
pulling 966de95ca8a6: 100% ▕██████████████████▏ 1.4 KB                         [K
pulling fcc5a6bec9da: 100% ▕██████████████████▏ 7.7 KB                         [K
pulling a70ff7e570d9: 100% ▕██████████████████▏ 6.0 KB                         [K
pulling 56bb8bd477a5: 100% ▕██████████████████▏   96 B                         [K
verifying sha256 digest ⠧ [K[?25h[?2026l[?2026h[?25l[A[A[A[A[A[A[1Gpulling manifest [K
pulling dde5aa3fc5ff: 100% ▕██████████████████▏ 2.0 GB                         [K
pulling 966de95ca8a6: 100% ▕██████████████████▏ 1.4 KB                         [K
pulling fcc5a6bec9da: 100% ▕██████████████████▏ 7.7 KB                         [K
pulling a70ff7e570d9: 100% ▕██████████████████▏ 6.0 KB                         [K
pulling 56bb8bd477a5: 100% ▕██████████████████▏   96 B                         [K
verifying sha256 digest ⠇ [K[?25h[?2026l[?2026h[?25l[A[A[A[A[A[A[1Gpulling manifest [K
pulling dde5aa3fc5ff: 100% ▕██████████████████▏ 2.0 GB                         [K
pulling 966de95ca8a6: 100% ▕██████████████████▏ 1.4 KB                         [K
pulling fcc5a6bec9da: 100% ▕██████████████████▏ 7.7 KB                         [K
pulling a70ff7e570d9: 100% ▕██████████████████▏ 6.0 KB                         [K
pulling 56bb8bd477a5: 100% ▕██████████████████▏   96 B                         [K
verifying sha256 digest [K
writing manifest [K
success [K[?25h[?2026l
[?2026h[?25l[1Gpulling manifest ⠋ [K[?25h[?2026l[?2026h[?25l[1Gpulling manifest ⠙ [K[?25h[?2026l[?2026h[?25l[1Gpulling manifest ⠹ [K[?25h[?2026l[?2026h[?25l[1Gpulling manifest ⠸ [K[?25h[?2026l[?2026h[?25l[1Gpulling manifest ⠼ [K[?25h[?2026l[?2026h[?25l[1Gpulling manifest [K
pulling 667b0c1932bc:   1% ▕                  ▏  55 MB/4.9 GB                  [K[?25h[?2026l[?2026h[?25l[A[1Gpulling manifest [K
pulling 667b0c1932bc:   2% ▕                  ▏  89 MB/4.9 GB                  [K[?25h[?2026l[?2026h[?25l[A[1Gpulling manifest [K
pulling 667b0c1932bc:   3% ▕                  ▏ 167 MB/4.9 GB                  [K[?25h[?2026l[?2026h[?25l[A[1Gpulling manifest [K
pulling 667b0c1932bc:   6% ▕█                 ▏ 287 MB/4.9 GB                  [K[?25h[?2026l[?2026h[?25l[A[1Gpulling manifest [K
pulling 667b0c1932bc:   7% ▕█                 ▏ 337 MB/4.9 GB                  [K[?25h[?2026l[?2026h[?25l[A[1Gpulling manifest [K
pulling 667b0c1932bc:   9% ▕█                 ▏ 449 MB/4.9 GB                  [K[?25h[?2026l[?2026h[?25l[A[1Gpulling manifest [K
pulling 667b0c1932bc:  11% ▕██                ▏ 552 MB/4.9 GB                  [K[?25h[?2026l[?2026h[?25l[A[1Gpulling manifest [K
pulling 667b0c1932bc:  13% ▕██                ▏ 617 MB/4.9 GB                  [K[?25h[?2026l[?2026h[?25l[A[1Gpulling manifest [K
pulling 667b0c1932bc:  14% ▕██                ▏ 700 MB/4.9 GB                  [K[?25h[?2026l[?2026h[?25l[A[1Gpulling manifest [K
pulling 667b0c1932bc:  17% ▕███               ▏ 827 MB/4.9 GB                  [K[?25h[?2026l[?2026h[?25l[A[1Gpulling manifest [K
pulling 667b0c1932bc:  18% ▕███               ▏ 892 MB/4.9 GB  881 MB/s      4s[K[?25h[?2026l[?2026h[?25l[A[1Gpulling manifest [K
pulling 667b0c1932bc:  20% ▕███               ▏ 978 MB/4.9 GB  881 MB/s      4s[K[?25h[?2026l[?2026h[?25l[A[1Gpulling manifest [K
pulling 667b0c1932bc:  22% ▕████              ▏ 1.1 GB/4.9 GB  881 MB/s      4s[K[?25h[?2026l[?2026h[?25l[A[1Gpulling manifest [K
pulling 667b0c1932bc:  23% ▕████              ▏ 1.1 GB/4.9 GB  881 MB/s      4s[K[?25h[?2026l[?2026h[?25l[A[1Gpulling manifest [K
pulling 667b0c1932bc:  25% ▕████              ▏ 1.2 GB/4.9 GB  881 MB/s      4s[K[?25h[?2026l[?2026h[?25l[A[1Gpulling manifest [K
pulling 667b0c1932bc:  27% ▕████              ▏ 1.3 GB/4.9 GB  881 MB/s      4s[K[?25h[?2026l[?2026h[?25l[A[1Gpulling manifest [K
pulling 667b0c1932bc:  28% ▕█████             ▏ 1.4 GB/4.9 GB  881 MB/s      4s[K[?25h[?2026l[?2026h[?25l[A[1Gpulling manifest [K
pulling 667b0c1932bc:  30% ▕█████             ▏ 1.5 GB/4.9 GB  881 MB/s      3s[K[?25h[?2026l[?2026h[?25l[A[1Gpulling manifest [K
pulling 667b0c1932bc:  32% ▕█████             ▏ 1.6 GB/4.9 GB  881 MB/s      3s[K[?25h[?2026l[?2026h[?25l[A[1Gpulling manifest [K
pulling 667b0c1932bc:  33% ▕█████             ▏ 1.6 GB/4.9 GB  881 MB/s      3s[K[?25h[?2026l[?2026h[?25l[A[1Gpulling manifest [K
pulling 667b0c1932bc:  35% ▕██████            ▏ 1.7 GB/4.9 GB  855 MB/s      3s[K[?25h[?2026l[?2026h[?25l[A[1Gpulling manifest [K
pulling 667b0c1932bc:  37% ▕██████            ▏ 1.8 GB/4.9 GB  855 MB/s      3s[K[?25h[?2026l[?2026h[?25l[A[1Gpulling manifest [K
pulling 667b0c1932bc:  38% ▕██████            ▏ 1.9 GB/4.9 GB  855 MB/s      3s[K[?25h[?2026l[?2026h[?25l[A[1Gpulling manifest [K
pulling 667b0c1932bc:  40% ▕███████           ▏ 2.0 GB/4.9 GB  855 MB/s      3s[K[?25h[?2026l[?2026h[?25l[A[1Gpulling manifest [K
pulling 667b0c1932bc:  42% ▕███████           ▏ 2.1 GB/4.9 GB  855 MB/s      3s[K[?25h[?2026l[?2026h[?25l[A[1Gpulling manifest [K
pulling 667b0c1932bc:  43% ▕███████           ▏ 2.1 GB/4.9 GB  855 MB/s      3s[K[?25h[?2026l[?2026h[?25l[A[1Gpulling manifest [K
pulling 667b0c1932bc:  45% ▕████████          ▏ 2.2 GB/4.9 GB  855 MB/s      3s[K[?25h[?2026l[?2026h[?25l[A[1Gpulling manifest [K
pulling 667b0c1932bc:  46% ▕████████          ▏ 2.3 GB/4.9 GB  855 MB/s      3s[K[?25h[?2026l[?2026h[?25l[A[1Gpulling manifest [K
pulling 667b0c1932bc:  47% ▕████████          ▏ 2.3 GB/4.9 GB  855 MB/s      3s[K[?25h[?2026l[?2026h[?25l[A[1Gpulling manifest [K
pulling 667b0c1932bc:  49% ▕████████          ▏ 2.4 GB/4.9 GB  855 MB/s      2s[K[?25h[?2026l[?2026h[?25l[A[1Gpulling manifest [K
pulling 667b0c1932bc:  51% ▕█████████         ▏ 2.5 GB/4.9 GB  825 MB/s      2s[K[?25h[?2026l[?2026h[?25l[A[1Gpulling manifest [K
pulling 667b0c1932bc:  52% ▕█████████         ▏ 2.5 GB/4.9 GB  825 MB/s      2s[K[?25h[?2026l[?2026h[?25l[A[1Gpulling manifest [K
pulling 667b0c1932bc:  53% ▕█████████         ▏ 2.6 GB/4.9 GB  825 MB/s      2s[K[?25h[?2026l[?2026h[?25l[A[1Gpulling manifest [K
pulling 667b0c1932bc:  55% ▕█████████         ▏ 2.7 GB/4.9 GB  825 MB/s      2s[K[?25h[?2026l[?2026h[?25l[A[1Gpulling manifest [K
pulling 667b0c1932bc:  56% ▕██████████        ▏ 2.8 GB/4.9 GB  825 MB/s      2s[K[?25h[?2026l[?2026h[?25l[A[1Gpulling manifest [K
pulling 667b0c1932bc:  58% ▕██████████        ▏ 2.9 GB/4.9 GB  825 MB/s      2s[K[?25h[?2026l[?2026h[?25l[A[1Gpulling manifest [K
pulling 667b0c1932bc:  60% ▕██████████        ▏ 3.0 GB/4.9 GB  825 MB/s      2s[K[?25h[?2026l[?2026h[?25l[A[1Gpulling manifest [K
pulling 667b0c1932bc:  61% ▕███████████       ▏ 3.0 GB/4.9 GB  825 MB/s      2s[K[?25h[?2026l[?2026h[?25l[A[1Gpulling manifest [K
pulling 667b0c1932bc:  63% ▕███████████       ▏ 3.1 GB/4.9 GB  825 MB/s      2s[K[?25h[?2026l[?2026h[?25l[A[1Gpulling manifest [K
pulling 667b0c1932bc:  65% ▕███████████       ▏ 3.2 GB/4.9 GB  825 MB/s      2s[K[?25h[?2026l[?2026h[?25l[A[1Gpulling manifest [K
pulling 667b0c1932bc:  66% ▕███████████       ▏ 3.3 GB/4.9 GB  825 MB/s      2s[K[?25h[?2026l[?2026h[?25l[A[1Gpulling manifest [K
pulling 667b0c1932bc:  68% ▕████████████      ▏ 3.3 GB/4.9 GB  823 MB/s      1s[K[?25h[?2026l[?2026h[?25l[A[1Gpulling manifest [K
pulling 667b0c1932bc:  70% ▕████████████      ▏ 3.4 GB/4.9 GB  823 MB/s      1s[K[?25h[?2026l[?2026h[?25l[A[1Gpulling manifest [K
pulling 667b0c1932bc:  71% ▕████████████      ▏ 3.5 GB/4.9 GB  823 MB/s      1s[K[?25h[?2026l[?2026h[?25l[A[1Gpulling manifest [K
pulling 667b0c1932bc:  73% ▕█████████████     ▏ 3.6 GB/4.9 GB  823 MB/s      1s[K[?25h[?2026l[?2026h[?25l[A[1Gpulling manifest [K
pulling 667b0c1932bc:  75% ▕█████████████     ▏ 3.7 GB/4.9 GB  823 MB/s      1s[K[?25h[?2026l[?2026h[?25l[A[1Gpulling manifest [K
pulling 667b0c1932bc:  76% ▕█████████████     ▏ 3.7 GB/4.9 GB  823 MB/s      1s[K[?25h[?2026l[?2026h[?25l[A[1Gpulling manifest [K
pulling 667b0c1932bc:  78% ▕█████████████     ▏ 3.8 GB/4.9 GB  823 MB/s      1s[K[?25h[?2026l[?2026h[?25l[A[1Gpulling manifest [K
pulling 667b0c1932bc:  79% ▕██████████████    ▏ 3.9 GB/4.9 GB  823 MB/s      1s[K[?25h[?2026l[?2026h[?25l[A[1Gpulling manifest [K
pulling 667b0c1932bc:  81% ▕██████████████    ▏ 4.0 GB/4.9 GB  823 MB/s      1s[K[?25h[?2026l[?2026h[?25l[A[1Gpulling manifest [K
pulling 667b0c1932bc:  83% ▕██████████████    ▏ 4.1 GB/4.9 GB  823 MB/s      1s[K[?25h[?2026l[?2026h[?25l[A[1Gpulling manifest [K
pulling 667b0c1932bc:  84% ▕███████████████   ▏ 4.2 GB/4.9 GB  820 MB/s      0s[K[?25h[?2026l[?2026h[?25l[A[1Gpulling manifest [K
pulling 667b0c1932bc:  85% ▕███████████████   ▏ 4.2 GB/4.9 GB  820 MB/s      0s[K[?25h[?2026l[?2026h[?25l[A[1Gpulling manifest [K
pulling 667b0c1932bc:  87% ▕███████████████   ▏ 4.3 GB/4.9 GB  820 MB/s      0s[K[?25h[?2026l[?2026h[?25l[A[1Gpulling manifest [K
pulling 667b0c1932bc:  89% ▕███████████████   ▏ 4.4 GB/4.9 GB  820 MB/s      0s[K[?25h[?2026l[?2026h[?25l[A[1Gpulling manifest [K
pulling 667b0c1932bc:  89% ▕████████████████  ▏ 4.4 GB/4.9 GB  820 MB/s      0s[K[?25h[?2026l[?2026h[?25l[A[1Gpulling manifest [K
pulling 667b0c1932bc:  91% ▕████████████████  ▏ 4.5 GB/4.9 GB  820 MB/s      0s[K[?25h[?2026l[?2026h[?25l[A[1Gpulling manifest [K
pulling 667b0c1932bc:  92% ▕████████████████  ▏ 4.5 GB/4.9 GB  820 MB/s      0s[K[?25h[?2026l[?2026h[?25l[A[1Gpulling manifest [K
pulling 667b0c1932bc:  93% ▕████████████████  ▏ 4.6 GB/4.9 GB  820 MB/s      0s[K[?25h[?2026l[?2026h[?25l[A[1Gpulling manifest [K
pulling 667b0c1932bc:  94% ▕████████████████  ▏ 4.6 GB/4.9 GB  820 MB/s      0s[K[?25h[?2026l[?2026h[?25l[A[1Gpulling manifest [K
pulling 667b0c1932bc:  95% ▕█████████████████ ▏ 4.7 GB/4.9 GB  820 MB/s      0s[K[?25h[?2026l[?2026h[?25l[A[1Gpulling manifest [K
pulling 667b0c1932bc:  95% ▕█████████████████ ▏ 4.7 GB/4.9 GB  781 MB/s      0s[K[?25h[?2026l[?2026h[?25l[A[1Gpulling manifest [K
pulling 667b0c1932bc:  96% ▕█████████████████ ▏ 4.7 GB/4.9 GB  781 MB/s      0s[K[?25h[?2026l[?2026h[?25l[A[1Gpulling manifest [K
pulling 667b0c1932bc:  97% ▕█████████████████ ▏ 4.8 GB/4.9 GB  781 MB/s      0s[K[?25h[?2026l[?2026h[?25l[A[1Gpulling manifest [K
pulling 667b0c1932bc:  97% ▕█████████████████ ▏ 4.8 GB/4.9 GB  781 MB/s      0s[K[?25h[?2026l[?2026h[?25l[A[1Gpulling manifest [K
pulling 667b0c1932bc:  98% ▕█████████████████ ▏ 4.8 GB/4.9 GB  781 MB/s      0s[K[?25h[?2026l[?2026h[?25l[A[1Gpulling manifest [K
pulling 667b0c1932bc:  99% ▕█████████████████ ▏ 4.9 GB/4.9 GB  781 MB/s      0s[K[?25h[?2026l[?2026h[?25l[A[1Gpulling manifest [K
pulling 667b0c1932bc:  99% ▕█████████████████ ▏ 4.9 GB/4.9 GB  781 MB/s      0s[K[?25h[?2026l[?2026h[?25l[A[1Gpulling manifest [K
pulling 667b0c1932bc:  99% ▕█████████████████ ▏ 4.9 GB/4.9 GB  781 MB/s      0s[K[?25h[?2026l[?2026h[?25l[A[1Gpulling manifest [K
pulling 667b0c1932bc: 100% ▕█████████████████ ▏ 4.9 GB/4.9 GB  781 MB/s      0s[K[?25h[?2026l[?2026h[?25l[A[1Gpulling manifest [K
pulling 667b0c1932bc: 100% ▕█████████████████ ▏ 4.9 GB/4.9 GB  781 MB/s      0s[K
pulling 948af2743fc7: 100% ▕██████████████████▏ 1.5 KB                         [K[?25h[?2026l[?2026h[?25l[A[A[1Gpulling manifest [K
pulling 667b0c1932bc: 100% ▕█████████████████ ▏ 4.9 GB/4.9 GB  781 MB/s      0s[K
pulling 948af2743fc7: 100% ▕██████████████████▏ 1.5 KB                         [K[?25h[?2026l[?2026h[?25l[A[A[1Gpulling manifest [K
pulling 667b0c1932bc: 100% ▕█████████████████ ▏ 4.9 GB/4.9 GB  781 MB/s      0s[K
pulling 948af2743fc7: 100% ▕██████████████████▏ 1.5 KB                         [K
pulling 56bb8bd477a5: 100% ▕██████████████████▏   96 B                         [K[?25h[?2026l[?2026h[?25l[A[A[A[1Gpulling manifest [K
pulling 667b0c1932bc: 100% ▕█████████████████ ▏ 4.9 GB/4.9 GB  781 MB/s      0s[K
pulling 948af2743fc7: 100% ▕██████████████████▏ 1.5 KB                         [K
pulling 56bb8bd477a5: 100% ▕██████████████████▏   96 B                         [K[?25h[?2026l[?2026h[?25l[A[A[A[1Gpulling manifest [K
pulling 667b0c1932bc: 100% ▕█████████████████ ▏ 4.9 GB/4.9 GB  781 MB/s      0s[K
pulling 948af2743fc7: 100% ▕██████████████████▏ 1.5 KB                         [K
pulling 56bb8bd477a5: 100% ▕██████████████████▏   96 B                         [K[?25h[?2026l[?2026h[?25l[A[A[A[1Gpulling manifest [K
pulling 667b0c1932bc: 100% ▕█████████████████ ▏ 4.9 GB/4.9 GB  781 MB/s      0s[K
pulling 948af2743fc7: 100% ▕██████████████████▏ 1.5 KB                         [K
pulling 56bb8bd477a5: 100% ▕██████████████████▏   96 B                         [K
verifying sha256 digest ⠋ [K[?25h[?2026l[?2026h[?25l[A[A[A[A[1Gpulling manifest [K
pulling 667b0c1932bc: 100% ▕█████████████████ ▏ 4.9 GB/4.9 GB  781 MB/s      0s[K
pulling 948af2743fc7: 100% ▕██████████████████▏ 1.5 KB                         [K
pulling 56bb8bd477a5: 100% ▕██████████████████▏   96 B                         [K
verifying sha256 digest ⠙ [K[?25h[?2026l[?2026h[?25l[A[A[A[A[1Gpulling manifest [K
pulling 667b0c1932bc: 100% ▕█████████████████ ▏ 4.9 GB/4.9 GB  781 MB/s      0s[K
pulling 948af2743fc7: 100% ▕██████████████████▏ 1.5 KB                         [K
pulling 56bb8bd477a5: 100% ▕██████████████████▏   96 B                         [K
verifying sha256 digest ⠹ [K[?25h[?2026l[?2026h[?25l[A[A[A[A[1Gpulling manifest [K
pulling 667b0c1932bc: 100% ▕█████████████████ ▏ 4.9 GB/4.9 GB  781 MB/s      0s[K
pulling 948af2743fc7: 100% ▕██████████████████▏ 1.5 KB                         [K
pulling 56bb8bd477a5: 100% ▕██████████████████▏   96 B                         [K
verifying sha256 digest ⠸ [K[?25h[?2026l[?2026h[?25l[A[A[A[A[1Gpulling manifest [K
pulling 667b0c1932bc: 100% ▕█████████████████ ▏ 4.9 GB/4.9 GB  781 MB/s      0s[K
pulling 948af2743fc7: 100% ▕██████████████████▏ 1.5 KB                         [K
pulling 56bb8bd477a5: 100% ▕██████████████████▏   96 B                         [K
verifying sha256 digest ⠼ [K[?25h[?2026l[?2026h[?25l[A[A[A[A[1Gpulling manifest [K
pulling 667b0c1932bc: 100% ▕█████████████████ ▏ 4.9 GB/4.9 GB  781 MB/s      0s[K
pulling 948af2743fc7: 100% ▕██████████████████▏ 1.5 KB                         [K
pulling 56bb8bd477a5: 100% ▕██████████████████▏   96 B                         [K
verifying sha256 digest ⠴ [K[?25h[?2026l[?2026h[?25l[A[A[A[A[1Gpulling manifest [K
pulling 667b0c1932bc: 100% ▕█████████████████ ▏ 4.9 GB/4.9 GB  781 MB/s      0s[K
pulling 948af2743fc7: 100% ▕██████████████████▏ 1.5 KB                         [K
pulling 56bb8bd477a5: 100% ▕██████████████████▏   96 B                         [K
verifying sha256 digest ⠦ [K[?25h[?2026l[?2026h[?25l[A[A[A[A[1Gpulling manifest [K
pulling 667b0c1932bc: 100% ▕█████████████████ ▏ 4.9 GB/4.9 GB  781 MB/s      0s[K
pulling 948af2743fc7: 100% ▕██████████████████▏ 1.5 KB                         [K
pulling 56bb8bd477a5: 100% ▕██████████████████▏   96 B                         [K
verifying sha256 digest ⠧ [K[?25h[?2026l[?2026h[?25l[A[A[A[A[1Gpulling manifest [K
pulling 667b0c1932bc: 100% ▕█████████████████ ▏ 4.9 GB/4.9 GB  781 MB/s      0s[K
pulling 948af2743fc7: 100% ▕██████████████████▏ 1.5 KB                         [K
pulling 56bb8bd477a5: 100% ▕██████████████████▏   96 B                         [K
verifying sha256 digest ⠇ [K[?25h[?2026l[?2026h[?25l[A[A[A[A[1Gpulling manifest [K
pulling 667b0c1932bc: 100% ▕█████████████████ ▏ 4.9 GB/4.9 GB  781 MB/s      0s[K
pulling 948af2743fc7: 100% ▕██████████████████▏ 1.5 KB                         [K
pulling 56bb8bd477a5: 100% ▕██████████████████▏   96 B                         [K
verifying sha256 digest ⠏ [K[?25h[?2026l[?2026h[?25l[A[A[A[A[1Gpulling manifest [K
pulling 667b0c1932bc: 100% ▕█████████████████ ▏ 4.9 GB/4.9 GB  781 MB/s      0s[K
pulling 948af2743fc7: 100% ▕██████████████████▏ 1.5 KB                         [K
pulling 56bb8bd477a5: 100% ▕██████████████████▏   96 B                         [K
verifying sha256 digest ⠋ [K[?25h[?2026l[?2026h[?25l[A[A[A[A[1Gpulling manifest [K
pulling 667b0c1932bc: 100% ▕█████████████████ ▏ 4.9 GB/4.9 GB  781 MB/s      0s[K
pulling 948af2743fc7: 100% ▕██████████████████▏ 1.5 KB                         [K
pulling 56bb8bd477a5: 100% ▕██████████████████▏   96 B                         [K
verifying sha256 digest ⠙ [K[?25h[?2026l[?2026h[?25l[A[A[A[A[1Gpulling manifest [K
pulling 667b0c1932bc: 100% ▕█████████████████ ▏ 4.9 GB/4.9 GB  781 MB/s      0s[K
pulling 948af2743fc7: 100% ▕██████████████████▏ 1.5 KB                         [K
pulling 56bb8bd477a5: 100% ▕██████████████████▏   96 B                         [K
verifying sha256 digest ⠹ [K[?25h[?2026l[?2026h[?25l[A[A[A[A[1Gpulling manifest [K
pulling 667b0c1932bc: 100% ▕█████████████████ ▏ 4.9 GB/4.9 GB  781 MB/s      0s[K
pulling 948af2743fc7: 100% ▕██████████████████▏ 1.5 KB                         [K
pulling 56bb8bd477a5: 100% ▕██████████████████▏   96 B                         [K
verifying sha256 digest ⠸ [K[?25h[?2026l[?2026h[?25l[A[A[A[A[1Gpulling manifest [K
pulling 667b0c1932bc: 100% ▕█████████████████ ▏ 4.9 GB/4.9 GB  781 MB/s      0s[K
pulling 948af2743fc7: 100% ▕██████████████████▏ 1.5 KB                         [K
pulling 56bb8bd477a5: 100% ▕██████████████████▏   96 B                         [K
verifying sha256 digest ⠼ [K[?25h[?2026l[?2026h[?25l[A[A[A[A[1Gpulling manifest [K
pulling 667b0c1932bc: 100% ▕█████████████████ ▏ 4.9 GB/4.9 GB  781 MB/s      0s[K
pulling 948af2743fc7: 100% ▕██████████████████▏ 1.5 KB                         [K
pulling 56bb8bd477a5: 100% ▕██████████████████▏   96 B                         [K
verifying sha256 digest ⠴ [K[?25h[?2026l[?2026h[?25l[A[A[A[A[1Gpulling manifest [K
pulling 667b0c1932bc: 100% ▕█████████████████ ▏ 4.9 GB/4.9 GB  781 MB/s      0s[K
pulling 948af2743fc7: 100% ▕██████████████████▏ 1.5 KB                         [K
pulling 56bb8bd477a5: 100% ▕██████████████████▏   96 B                         [K
verifying sha256 digest ⠦ [K[?25h[?2026l[?2026h[?25l[A[A[A[A[1Gpulling manifest [K
pulling 667b0c1932bc: 100% ▕█████████████████ ▏ 4.9 GB/4.9 GB  781 MB/s      0s[K
pulling 948af2743fc7: 100% ▕██████████████████▏ 1.5 KB                         [K
pulling 56bb8bd477a5: 100% ▕██████████████████▏   96 B                         [K
verifying sha256 digest ⠧ [K[?25h[?2026l[?2026h[?25l[A[A[A[A[1Gpulling manifest [K
pulling 667b0c1932bc: 100% ▕█████████████████ ▏ 4.9 GB/4.9 GB  781 MB/s      0s[K
pulling 948af2743fc7: 100% ▕██████████████████▏ 1.5 KB                         [K
pulling 56bb8bd477a5: 100% ▕██████████████████▏   96 B                         [K
verifying sha256 digest ⠇ [K[?25h[?2026l[?2026h[?25l[A[A[A[A[1Gpulling manifest [K
pulling 667b0c1932bc: 100% ▕█████████████████ ▏ 4.9 GB/4.9 GB  781 MB/s      0s[K
pulling 948af2743fc7: 100% ▕██████████████████▏ 1.5 KB                         [K
pulling 56bb8bd477a5: 100% ▕██████████████████▏   96 B                         [K
verifying sha256 digest ⠏ [K[?25h[?2026l[?2026h[?25l[A[A[A[A[1Gpulling manifest [K
pulling 667b0c1932bc: 100% ▕█████████████████ ▏ 4.9 GB/4.9 GB  781 MB/s      0s[K
pulling 948af2743fc7: 100% ▕██████████████████▏ 1.5 KB                         [K
pulling 56bb8bd477a5: 100% ▕██████████████████▏   96 B                         [K
verifying sha256 digest ⠋ [K[?25h[?2026l[?2026h[?25l[A[A[A[A[1Gpulling manifest [K
pulling 667b0c1932bc: 100% ▕█████████████████ ▏ 4.9 GB/4.9 GB  781 MB/s      0s[K
pulling 948af2743fc7: 100% ▕██████████████████▏ 1.5 KB                         [K
pulling 56bb8bd477a5: 100% ▕██████████████████▏   96 B                         [K
verifying sha256 digest ⠙ [K[?25h[?2026l[?2026h[?25l[A[A[A[A[1Gpulling manifest [K
pulling 667b0c1932bc: 100% ▕█████████████████ ▏ 4.9 GB/4.9 GB  781 MB/s      0s[K
pulling 948af2743fc7: 100% ▕██████████████████▏ 1.5 KB                         [K
pulling 56bb8bd477a5: 100% ▕██████████████████▏   96 B                         [K
verifying sha256 digest ⠹ [K[?25h[?2026l[?2026h[?25l[A[A[A[A[1Gpulling manifest [K
pulling 667b0c1932bc: 100% ▕█████████████████ ▏ 4.9 GB/4.9 GB  781 MB/s      0s[K
pulling 948af2743fc7: 100% ▕██████████████████▏ 1.5 KB                         [K
pulling 56bb8bd477a5: 100% ▕██████████████████▏   96 B                         [K
verifying sha256 digest ⠸ [K[?25h[?2026l[?2026h[?25l[A[A[A[A[1Gpulling manifest [K
pulling 667b0c1932bc: 100% ▕█████████████████ ▏ 4.9 GB/4.9 GB  781 MB/s      0s[K
pulling 948af2743fc7: 100% ▕██████████████████▏ 1.5 KB                         [K
pulling 56bb8bd477a5: 100% ▕██████████████████▏   96 B                         [K
verifying sha256 digest ⠼ [K[?25h[?2026l[?2026h[?25l[A[A[A[A[1Gpulling manifest [K
pulling 667b0c1932bc: 100% ▕█████████████████ ▏ 4.9 GB/4.9 GB  781 MB/s      0s[K
pulling 948af2743fc7: 100% ▕██████████████████▏ 1.5 KB                         [K
pulling 56bb8bd477a5: 100% ▕██████████████████▏   96 B                         [K
verifying sha256 digest ⠴ [K[?25h[?2026l[?2026h[?25l[A[A[A[A[1Gpulling manifest [K
pulling 667b0c1932bc: 100% ▕█████████████████ ▏ 4.9 GB/4.9 GB  781 MB/s      0s[K
pulling 948af2743fc7: 100% ▕██████████████████▏ 1.5 KB                         [K
pulling 56bb8bd477a5: 100% ▕██████████████████▏   96 B                         [K
verifying sha256 digest ⠦ [K[?25h[?2026l[?2026h[?25l[A[A[A[A[1Gpulling manifest [K
pulling 667b0c1932bc: 100% ▕█████████████████ ▏ 4.9 GB/4.9 GB  781 MB/s      0s[K
pulling 948af2743fc7: 100% ▕██████████████████▏ 1.5 KB                         [K
pulling 56bb8bd477a5: 100% ▕██████████████████▏   96 B                         [K
verifying sha256 digest ⠧ [K[?25h[?2026l[?2026h[?25l[A[A[A[A[1Gpulling manifest [K
pulling 667b0c1932bc: 100% ▕█████████████████ ▏ 4.9 GB/4.9 GB  781 MB/s      0s[K
pulling 948af2743fc7: 100% ▕██████████████████▏ 1.5 KB                         [K
pulling 56bb8bd477a5: 100% ▕██████████████████▏   96 B                         [K
verifying sha256 digest ⠇ [K[?25h[?2026l[?2026h[?25l[A[A[A[A[1Gpulling manifest [K
pulling 667b0c1932bc: 100% ▕█████████████████ ▏ 4.9 GB/4.9 GB  781 MB/s      0s[K
pulling 948af2743fc7: 100% ▕██████████████████▏ 1.5 KB                         [K
pulling 56bb8bd477a5: 100% ▕██████████████████▏   96 B                         [K
verifying sha256 digest ⠏ [K[?25h[?2026l[?2026h[?25l[A[A[A[A[1Gpulling manifest [K
pulling 667b0c1932bc: 100% ▕█████████████████ ▏ 4.9 GB/4.9 GB  781 MB/s      0s[K
pulling 948af2743fc7: 100% ▕██████████████████▏ 1.5 KB                         [K
pulling 56bb8bd477a5: 100% ▕██████████████████▏   96 B                         [K
verifying sha256 digest ⠋ [K[?25h[?2026l[?2026h[?25l[A[A[A[A[1Gpulling manifest [K
pulling 667b0c1932bc: 100% ▕█████████████████ ▏ 4.9 GB/4.9 GB  781 MB/s      0s[K
pulling 948af2743fc7: 100% ▕██████████████████▏ 1.5 KB                         [K
pulling 56bb8bd477a5: 100% ▕██████████████████▏   96 B                         [K
verifying sha256 digest ⠙ [K[?25h[?2026l[?2026h[?25l[A[A[A[A[1Gpulling manifest [K
pulling 667b0c1932bc: 100% ▕█████████████████ ▏ 4.9 GB/4.9 GB  781 MB/s      0s[K
pulling 948af2743fc7: 100% ▕██████████████████▏ 1.5 KB                         [K
pulling 56bb8bd477a5: 100% ▕██████████████████▏   96 B                         [K
verifying sha256 digest ⠹ [K[?25h[?2026l[?2026h[?25l[A[A[A[A[1Gpulling manifest [K
pulling 667b0c1932bc: 100% ▕█████████████████ ▏ 4.9 GB/4.9 GB  781 MB/s      0s[K
pulling 948af2743fc7: 100% ▕██████████████████▏ 1.5 KB                         [K
pulling 56bb8bd477a5: 100% ▕██████████████████▏   96 B                         [K
verifying sha256 digest ⠸ [K[?25h[?2026l[?2026h[?25l[A[A[A[A[1Gpulling manifest [K
pulling 667b0c1932bc: 100% ▕█████████████████ ▏ 4.9 GB/4.9 GB  781 MB/s      0s[K
pulling 948af2743fc7: 100% ▕██████████████████▏ 1.5 KB                         [K
pulling 56bb8bd477a5: 100% ▕██████████████████▏   96 B                         [K
verifying sha256 digest ⠼ [K[?25h[?2026l[?2026h[?25l[A[A[A[A[1Gpulling manifest [K
pulling 667b0c1932bc: 100% ▕█████████████████ ▏ 4.9 GB/4.9 GB  781 MB/s      0s[K
pulling 948af2743fc7: 100% ▕██████████████████▏ 1.5 KB                         [K
pulling 56bb8bd477a5: 100% ▕██████████████████▏   96 B                         [K
verifying sha256 digest ⠴ [K[?25h[?2026l[?2026h[?25l[A[A[A[A[1Gpulling manifest [K
pulling 667b0c1932bc: 100% ▕█████████████████ ▏ 4.9 GB/4.9 GB  781 MB/s      0s[K
pulling 948af2743fc7: 100% ▕██████████████████▏ 1.5 KB                         [K
pulling 56bb8bd477a5: 100% ▕██████████████████▏   96 B                         [K
verifying sha256 digest ⠦ [K[?25h[?2026l[?2026h[?25l[A[A[A[A[1Gpulling manifest [K
pulling 667b0c1932bc: 100% ▕█████████████████ ▏ 4.9 GB/4.9 GB  781 MB/s      0s[K
pulling 948af2743fc7: 100% ▕██████████████████▏ 1.5 KB                         [K
pulling 56bb8bd477a5: 100% ▕██████████████████▏   96 B                         [K
verifying sha256 digest ⠧ [K[?25h[?2026l[?2026h[?25l[A[A[A[A[1Gpulling manifest [K
pulling 667b0c1932bc: 100% ▕█████████████████ ▏ 4.9 GB/4.9 GB  781 MB/s      0s[K
pulling 948af2743fc7: 100% ▕██████████████████▏ 1.5 KB                         [K
pulling 56bb8bd477a5: 100% ▕██████████████████▏   96 B                         [K
verifying sha256 digest ⠇ [K[?25h[?2026l[?2026h[?25l[A[A[A[A[1Gpulling manifest [K
pulling 667b0c1932bc: 100% ▕█████████████████ ▏ 4.9 GB/4.9 GB  781 MB/s      0s[K
pulling 948af2743fc7: 100% ▕██████████████████▏ 1.5 KB                         [K
pulling 56bb8bd477a5: 100% ▕██████████████████▏   96 B                         [K
verifying sha256 digest ⠏ [K[?25h[?2026l[?2026h[?25l[A[A[A[A[1Gpulling manifest [K
pulling 667b0c1932bc: 100% ▕█████████████████ ▏ 4.9 GB/4.9 GB  781 MB/s      0s[K
pulling 948af2743fc7: 100% ▕██████████████████▏ 1.5 KB                         [K
pulling 56bb8bd477a5: 100% ▕██████████████████▏   96 B                         [K
verifying sha256 digest ⠋ [K[?25h[?2026l[?2026h[?25l[A[A[A[A[1Gpulling manifest [K
pulling 667b0c1932bc: 100% ▕█████████████████ ▏ 4.9 GB/4.9 GB  781 MB/s      0s[K
pulling 948af2743fc7: 100% ▕██████████████████▏ 1.5 KB                         [K
pulling 56bb8bd477a5: 100% ▕██████████████████▏   96 B                         [K
verifying sha256 digest ⠙ [K[?25h[?2026l[?2026h[?25l[A[A[A[A[1Gpulling manifest [K
pulling 667b0c1932bc: 100% ▕█████████████████ ▏ 4.9 GB/4.9 GB  781 MB/s      0s[K
pulling 948af2743fc7: 100% ▕██████████████████▏ 1.5 KB                         [K
pulling 56bb8bd477a5: 100% ▕██████████████████▏   96 B                         [K
verifying sha256 digest ⠹ [K[?25h[?2026l[?2026h[?25l[A[A[A[A[1Gpulling manifest [K
pulling 667b0c1932bc: 100% ▕█████████████████ ▏ 4.9 GB/4.9 GB  781 MB/s      0s[K
pulling 948af2743fc7: 100% ▕██████████████████▏ 1.5 KB                         [K
pulling 56bb8bd477a5: 100% ▕██████████████████▏   96 B                         [K
verifying sha256 digest ⠸ [K[?25h[?2026l[?2026h[?25l[A[A[A[A[1Gpulling manifest [K
pulling 667b0c1932bc: 100% ▕█████████████████ ▏ 4.9 GB/4.9 GB  781 MB/s      0s[K
pulling 948af2743fc7: 100% ▕██████████████████▏ 1.5 KB                         [K
pulling 56bb8bd477a5: 100% ▕██████████████████▏   96 B                         [K
verifying sha256 digest [K
writing manifest [K
success [K[?25h[?2026l
[?2026h[?25l[1Gpulling manifest ⠋ [K[?25h[?2026l[?2026h[?25l[1Gpulling manifest ⠙ [K[?25h[?2026l[?2026h[?25l[1Gpulling manifest ⠹ [K[?25h[?2026l[?2026h[?25l[1Gpulling manifest ⠸ [K[?25h[?2026l[?2026h[?25l[1Gpulling manifest ⠼ [K[?25h[?2026l[?2026h[?25l[1Gpulling manifest [K
pulling de20d2cf2dc4:   0% ▕                  ▏  61 MB/ 42 GB                  [K[?25h[?2026l[?2026h[?25l[A[1Gpulling manifest [K
pulling de20d2cf2dc4:   0% ▕                  ▏ 172 MB/ 42 GB                  [K[?25h[?2026l[?2026h[?25l[A[1Gpulling manifest [K
pulling de20d2cf2dc4:   1% ▕                  ▏ 222 MB/ 42 GB                  [K[?25h[?2026l[?2026h[?25l[A[1Gpulling manifest [K
pulling de20d2cf2dc4:   1% ▕                  ▏ 346 MB/ 42 GB                  [K[?25h[?2026l[?2026h[?25l[A[1Gpulling manifest [K
pulling de20d2cf2dc4:   1% ▕                  ▏ 469 MB/ 42 GB                  [K[?25h[?2026l[?2026h[?25l[A[1Gpulling manifest [K
pulling de20d2cf2dc4:   1% ▕                  ▏ 530 MB/ 42 GB                  [K[?25h[?2026l[?2026h[?25l[A[1Gpulling manifest [K
pulling de20d2cf2dc4:   2% ▕                  ▏ 641 MB/ 42 GB                  [K[?25h[?2026l[?2026h[?25l[A[1Gpulling manifest [K
pulling de20d2cf2dc4:   2% ▕                  ▏ 751 MB/ 42 GB                  [K[?25h[?2026l[?2026h[?25l[A[1Gpulling manifest [K
pulling de20d2cf2dc4:   2% ▕                  ▏ 809 MB/ 42 GB                  [K[?25h[?2026l[?2026h[?25l[A[1Gpulling manifest [K
pulling de20d2cf2dc4:   2% ▕                  ▏ 928 MB/ 42 GB                  [K[?25h[?2026l[?2026h[?25l[A[1Gpulling manifest [K
pulling de20d2cf2dc4:   2% ▕                  ▏ 1.1 GB/ 42 GB  978 MB/s     42s[K[?25h[?2026l[?2026h[?25l[A[1Gpulling manifest [K
pulling de20d2cf2dc4:   3% ▕                  ▏ 1.1 GB/ 42 GB  978 MB/s     42s[K[?25h[?2026l[?2026h[?25l[A[1Gpulling manifest [K
pulling de20d2cf2dc4:   3% ▕                  ▏ 1.3 GB/ 42 GB  978 MB/s     42s[K[?25h[?2026l[?2026h[?25l[A[1Gpulling manifest [K
pulling de20d2cf2dc4:   3% ▕                  ▏ 1.4 GB/ 42 GB  978 MB/s     42s[K[?25h[?2026l[?2026h[?25l[A[1Gpulling manifest [K
pulling de20d2cf2dc4:   3% ▕                  ▏ 1.4 GB/ 42 GB  978 MB/s     41s[K[?25h[?2026l[?2026h[?25l[A[1Gpulling manifest [K
pulling de20d2cf2dc4:   4% ▕                  ▏ 1.6 GB/ 42 GB  978 MB/s     41s[K[?25h[?2026l[?2026h[?25l[A[1Gpulling manifest [K
pulling de20d2cf2dc4:   4% ▕                  ▏ 1.7 GB/ 42 GB  978 MB/s     41s[K[?25h[?2026l[?2026h[?25l[A[1Gpulling manifest [K
pulling de20d2cf2dc4:   4% ▕                  ▏ 1.7 GB/ 42 GB  978 MB/s     41s[K[?25h[?2026l[?2026h[?25l[A[1Gpulling manifest [K
pulling de20d2cf2dc4:   4% ▕                  ▏ 1.9 GB/ 42 GB  978 MB/s     41s[K[?25h[?2026l[?2026h[?25l[A[1Gpulling manifest [K
pulling de20d2cf2dc4:   5% ▕                  ▏ 2.0 GB/ 42 GB  978 MB/s     41s[K[?25h[?2026l[?2026h[?25l[A[1Gpulling manifest [K
pulling de20d2cf2dc4:   5% ▕                  ▏ 2.0 GB/ 42 GB  1.0 GB/s     39s[K[?25h[?2026l[?2026h[?25l[A[1Gpulling manifest [K
pulling de20d2cf2dc4:   5% ▕                  ▏ 2.2 GB/ 42 GB  1.0 GB/s     39s[K[?25h[?2026l[?2026h[?25l[A[1Gpulling manifest [K
pulling de20d2cf2dc4:   5% ▕                  ▏ 2.3 GB/ 42 GB  1.0 GB/s     39s[K[?25h[?2026l[?2026h[?25l[A[1Gpulling manifest [K
pulling de20d2cf2dc4:   6% ▕                  ▏ 2.3 GB/ 42 GB  1.0 GB/s     39s[K[?25h[?2026l[?2026h[?25l[A[1Gpulling manifest [K
pulling de20d2cf2dc4:   6% ▕█                 ▏ 2.4 GB/ 42 GB  1.0 GB/s     39s[K[?25h[?2026l[?2026h[?25l[A[1Gpulling manifest [K
pulling de20d2cf2dc4:   6% ▕█                 ▏ 2.5 GB/ 42 GB  1.0 GB/s     39s[K[?25h[?2026l[?2026h[?25l[A[1Gpulling manifest [K
pulling de20d2cf2dc4:   6% ▕█                 ▏ 2.6 GB/ 42 GB  1.0 GB/s     39s[K[?25h[?2026l[?2026h[?25l[A[1Gpulling manifest [K
pulling de20d2cf2dc4:   6% ▕█                 ▏ 2.7 GB/ 42 GB  1.0 GB/s     39s[K[?25h[?2026l[?2026h[?25l[A[1Gpulling manifest [K
pulling de20d2cf2dc4:   7% ▕█                 ▏ 2.8 GB/ 42 GB  1.0 GB/s     39s[K[?25h[?2026l[?2026h[?25l[A[1Gpulling manifest [K
pulling de20d2cf2dc4:   7% ▕█                 ▏ 2.8 GB/ 42 GB  1.0 GB/s     39s[K[?25h[?2026l[?2026h[?25l[A[1Gpulling manifest [K
pulling de20d2cf2dc4:   7% ▕█                 ▏ 3.0 GB/ 42 GB  981 MB/s     40s[K[?25h[?2026l[?2026h[?25l[A[1Gpulling manifest [K
pulling de20d2cf2dc4:   7% ▕█                 ▏ 3.1 GB/ 42 GB  981 MB/s     40s[K[?25h[?2026l[?2026h[?25l[A[1Gpulling manifest [K
pulling de20d2cf2dc4:   7% ▕█                 ▏ 3.1 GB/ 42 GB  981 MB/s     40s[K[?25h[?2026l[?2026h[?25l[A[1Gpulling manifest [K
pulling de20d2cf2dc4:   8% ▕█                 ▏ 3.2 GB/ 42 GB  981 MB/s     40s[K[?25h[?2026l[?2026h[?25l[A[1Gpulling manifest [K
pulling de20d2cf2dc4:   8% ▕█                 ▏ 3.3 GB/ 42 GB  981 MB/s     39s[K[?25h[?2026l[?2026h[?25l[A[1Gpulling manifest [K
pulling de20d2cf2dc4:   8% ▕█                 ▏ 3.4 GB/ 42 GB  981 MB/s     39s[K[?25h[?2026l[?2026h[?25l[A[1Gpulling manifest [K
pulling de20d2cf2dc4:   8% ▕█                 ▏ 3.5 GB/ 42 GB  981 MB/s     39s[K[?25h[?2026l[?2026h[?25l[A[1Gpulling manifest [K
pulling de20d2cf2dc4:   8% ▕█                 ▏ 3.6 GB/ 42 GB  981 MB/s     39s[K[?25h[?2026l[?2026h[?25l[A[1Gpulling manifest [K
pulling de20d2cf2dc4:   8% ▕█                 ▏ 3.6 GB/ 42 GB  981 MB/s     39s[K[?25h[?2026l[?2026h[?25l[A[1Gpulling manifest [K
pulling de20d2cf2dc4:   9% ▕█                 ▏ 3.7 GB/ 42 GB  981 MB/s     39s[K[?25h[?2026l[?2026h[?25l[A[1Gpulling manifest [K
pulling de20d2cf2dc4:   9% ▕█                 ▏ 3.8 GB/ 42 GB  948 MB/s     40s[K[?25h[?2026l[?2026h[?25l[A[1Gpulling manifest [K
pulling de20d2cf2dc4:   9% ▕█                 ▏ 3.9 GB/ 42 GB  948 MB/s     40s[K[?25h[?2026l[?2026h[?25l[A[1Gpulling manifest [K
pulling de20d2cf2dc4:   9% ▕█                 ▏ 4.0 GB/ 42 GB  948 MB/s     40s[K[?25h[?2026l[?2026h[?25l[A[1Gpulling manifest [K
pulling de20d2cf2dc4:  10% ▕█                 ▏ 4.0 GB/ 42 GB  948 MB/s     40s[K[?25h[?2026l[?2026h[?25l[A[1Gpulling manifest [K
pulling de20d2cf2dc4:  10% ▕█                 ▏ 4.1 GB/ 42 GB  948 MB/s     40s[K[?25h[?2026l[?2026h[?25l[A[1Gpulling manifest [K
pulling de20d2cf2dc4:  10% ▕█                 ▏ 4.2 GB/ 42 GB  948 MB/s     40s[K[?25h[?2026l[?2026h[?25l[A[1Gpulling manifest [K
pulling de20d2cf2dc4:  10% ▕█                 ▏ 4.3 GB/ 42 GB  948 MB/s     40s[K[?25h[?2026l[?2026h[?25l[A[1Gpulling manifest [K
pulling de20d2cf2dc4:  10% ▕█                 ▏ 4.4 GB/ 42 GB  948 MB/s     40s[K[?25h[?2026l[?2026h[?25l[A[1Gpulling manifest [K
pulling de20d2cf2dc4:  11% ▕█                 ▏ 4.5 GB/ 42 GB  948 MB/s     40s[K[?25h[?2026l[?2026h[?25l[A[1Gpulling manifest [K
pulling de20d2cf2dc4:  11% ▕█                 ▏ 4.6 GB/ 42 GB  948 MB/s     39s[K[?25h[?2026l[?2026h[?25l[A[1Gpulling manifest [K
pulling de20d2cf2dc4:  11% ▕█                 ▏ 4.6 GB/ 42 GB  948 MB/s     39s[K[?25h[?2026l[?2026h[?25l[A[1Gpulling manifest [K
pulling de20d2cf2dc4:  11% ▕██                ▏ 4.7 GB/ 42 GB  933 MB/s     40s[K[?25h[?2026l[?2026h[?25l[A[1Gpulling manifest [K
pulling de20d2cf2dc4:  11% ▕██                ▏ 4.8 GB/ 42 GB  933 MB/s     40s[K[?25h[?2026l[?2026h[?25l[A[1Gpulling manifest [K
pulling de20d2cf2dc4:  11% ▕██                ▏ 4.9 GB/ 42 GB  933 MB/s     40s[K[?25h[?2026l[?2026h[?25l[A[1Gpulling manifest [K
pulling de20d2cf2dc4:  12% ▕██                ▏ 5.0 GB/ 42 GB  933 MB/s     40s[K[?25h[?2026l[?2026h[?25l[A[1Gpulling manifest [K
pulling de20d2cf2dc4:  12% ▕██                ▏ 5.1 GB/ 42 GB  933 MB/s     40s[K[?25h[?2026l[?2026h[?25l[A[1Gpulling manifest [K
pulling de20d2cf2dc4:  12% ▕██                ▏ 5.1 GB/ 42 GB  933 MB/s     40s[K[?25h[?2026l[?2026h[?25l[A[1Gpulling manifest [K
pulling de20d2cf2dc4:  12% ▕██                ▏ 5.2 GB/ 42 GB  933 MB/s     39s[K[?25h[?2026l[?2026h[?25l[A[1Gpulling manifest [K
pulling de20d2cf2dc4:  13% ▕██                ▏ 5.3 GB/ 42 GB  933 MB/s     39s[K[?25h[?2026l[?2026h[?25l[A[1Gpulling manifest [K
pulling de20d2cf2dc4:  13% ▕██                ▏ 5.4 GB/ 42 GB  933 MB/s     39s[K[?25h[?2026l[?2026h[?25l[A[1Gpulling manifest [K
pulling de20d2cf2dc4:  13% ▕██                ▏ 5.5 GB/ 42 GB  933 MB/s     39s[K[?25h[?2026l[?2026h[?25l[A[1Gpulling manifest [K
pulling de20d2cf2dc4:  13% ▕██                ▏ 5.6 GB/ 42 GB  924 MB/s     39s[K[?25h[?2026l[?2026h[?25l[A[1Gpulling manifest [K
pulling de20d2cf2dc4:  13% ▕██                ▏ 5.7 GB/ 42 GB  924 MB/s     39s[K[?25h[?2026l[?2026h[?25l[A[1Gpulling manifest [K
pulling de20d2cf2dc4:  14% ▕██                ▏ 5.8 GB/ 42 GB  924 MB/s     39s[K[?25h[?2026l[?2026h[?25l[A[1Gpulling manifest [K
pulling de20d2cf2dc4:  14% ▕██                ▏ 5.9 GB/ 42 GB  924 MB/s     39s[K[?25h[?2026l[?2026h[?25l[A[1Gpulling manifest [K
pulling de20d2cf2dc4:  14% ▕██                ▏ 6.0 GB/ 42 GB  924 MB/s     39s[K[?25h[?2026l[?2026h[?25l[A[1Gpulling manifest [K
pulling de20d2cf2dc4:  14% ▕██                ▏ 6.1 GB/ 42 GB  924 MB/s     39s[K[?25h[?2026l[?2026h[?25l[A[1Gpulling manifest [K
pulling de20d2cf2dc4:  15% ▕██                ▏ 6.2 GB/ 42 GB  924 MB/s     39s[K[?25h[?2026l[?2026h[?25l[A[1Gpulling manifest [K
pulling de20d2cf2dc4:  15% ▕██                ▏ 6.2 GB/ 42 GB  924 MB/s     39s[K[?25h[?2026l[?2026h[?25l[A[1Gpulling manifest [K
pulling de20d2cf2dc4:  15% ▕██                ▏ 6.3 GB/ 42 GB  924 MB/s     39s[K[?25h[?2026l[?2026h[?25l[A[1Gpulling manifest [K
pulling de20d2cf2dc4:  15% ▕██                ▏ 6.4 GB/ 42 GB  924 MB/s     39s[K[?25h[?2026l[?2026h[?25l[A[1Gpulling manifest [K
pulling de20d2cf2dc4:  15% ▕██                ▏ 6.5 GB/ 42 GB  922 MB/s     39s[K[?25h[?2026l[?2026h[?25l[A[1Gpulling manifest [K
pulling de20d2cf2dc4:  15% ▕██                ▏ 6.6 GB/ 42 GB  922 MB/s     38s[K[?25h[?2026l[?2026h[?25l[A[1Gpulling manifest [K
pulling de20d2cf2dc4:  16% ▕██                ▏ 6.7 GB/ 42 GB  922 MB/s     38s[K[?25h[?2026l[?2026h[?25l[A[1Gpulling manifest [K
pulling de20d2cf2dc4:  16% ▕██                ▏ 6.8 GB/ 42 GB  922 MB/s     38s[K[?25h[?2026l[?2026h[?25l[A[1Gpulling manifest [K
pulling de20d2cf2dc4:  16% ▕██                ▏ 6.9 GB/ 42 GB  922 MB/s     38s[K[?25h[?2026l[?2026h[?25l[A[1Gpulling manifest [K
pulling de20d2cf2dc4:  16% ▕██                ▏ 7.0 GB/ 42 GB  922 MB/s     38s[K[?25h[?2026l[?2026h[?25l[A[1Gpulling manifest [K
pulling de20d2cf2dc4:  17% ▕██                ▏ 7.1 GB/ 42 GB  922 MB/s     38s[K[?25h[?2026l[?2026h[?25l[A[1Gpulling manifest [K
pulling de20d2cf2dc4:  17% ▕███               ▏ 7.2 GB/ 42 GB  922 MB/s     38s[K[?25h[?2026l[?2026h[?25l[A[1Gpulling manifest [K
pulling de20d2cf2dc4:  17% ▕███               ▏ 7.3 GB/ 42 GB  922 MB/s     38s[K[?25h[?2026l[?2026h[?25l[A[1Gpulling manifest [K
pulling de20d2cf2dc4:  17% ▕███               ▏ 7.3 GB/ 42 GB  922 MB/s     38s[K[?25h[?2026l[?2026h[?25l[A[1Gpulling manifest [K
pulling de20d2cf2dc4:  17% ▕███               ▏ 7.4 GB/ 42 GB  926 MB/s     37s[K[?25h[?2026l[?2026h[?25l[A[1Gpulling manifest [K
pulling de20d2cf2dc4:  18% ▕███               ▏ 7.5 GB/ 42 GB  926 MB/s     37s[K[?25h[?2026l[?2026h[?25l[A[1Gpulling manifest [K
pulling de20d2cf2dc4:  18% ▕███               ▏ 7.6 GB/ 42 GB  926 MB/s     37s[K[?25h[?2026l[?2026h[?25l[A[1Gpulling manifest [K
pulling de20d2cf2dc4:  18% ▕███               ▏ 7.7 GB/ 42 GB  926 MB/s     37s[K[?25h[?2026l[?2026h[?25l[A[1Gpulling manifest [K
pulling de20d2cf2dc4:  18% ▕███               ▏ 7.8 GB/ 42 GB  926 MB/s     37s[K[?25h[?2026l[?2026h[?25l[A[1Gpulling manifest [K
pulling de20d2cf2dc4:  18% ▕███               ▏ 7.9 GB/ 42 GB  926 MB/s     37s[K[?25h[?2026l[?2026h[?25l[A[1Gpulling manifest [K
pulling de20d2cf2dc4:  19% ▕███               ▏ 8.0 GB/ 42 GB  926 MB/s     37s[K[?25h[?2026l[?2026h[?25l[A[1Gpulling manifest [K
pulling de20d2cf2dc4:  19% ▕███               ▏ 8.1 GB/ 42 GB  926 MB/s     37s[K[?25h[?2026l[?2026h[?25l[A[1Gpulling manifest [K
pulling de20d2cf2dc4:  19% ▕███               ▏ 8.1 GB/ 42 GB  926 MB/s     37s[K[?25h[?2026l[?2026h[?25l[A[1Gpulling manifest [K
pulling de20d2cf2dc4:  19% ▕███               ▏ 8.3 GB/ 42 GB  926 MB/s     37s[K[?25h[?2026l[?2026h[?25l[A[1Gpulling manifest [K
pulling de20d2cf2dc4:  20% ▕███               ▏ 8.3 GB/ 42 GB  925 MB/s     36s[K[?25h[?2026l[?2026h[?25l[A[1Gpulling manifest [K
pulling de20d2cf2dc4:  20% ▕███               ▏ 8.4 GB/ 42 GB  925 MB/s     36s[K[?25h[?2026l[?2026h[?25l[A[1Gpulling manifest [K
pulling de20d2cf2dc4:  20% ▕███               ▏ 8.5 GB/ 42 GB  925 MB/s     36s[K[?25h[?2026l[?2026h[?25l[A[1Gpulling manifest [K
pulling de20d2cf2dc4:  20% ▕███               ▏ 8.6 GB/ 42 GB  925 MB/s     36s[K[?25h[?2026l[?2026h[?25l[A[1Gpulling manifest [K
pulling de20d2cf2dc4:  20% ▕███               ▏ 8.6 GB/ 42 GB  925 MB/s     36s[K[?25h[?2026l[?2026h[?25l[A[1Gpulling manifest [K
pulling de20d2cf2dc4:  20% ▕███               ▏ 8.7 GB/ 42 GB  925 MB/s     36s[K[?25h[?2026l[?2026h[?25l[A[1Gpulling manifest [K
pulling de20d2cf2dc4:  21% ▕███               ▏ 8.8 GB/ 42 GB  925 MB/s     36s[K[?25h[?2026l[?2026h[?25l[A[1Gpulling manifest [K
pulling de20d2cf2dc4:  21% ▕███               ▏ 8.8 GB/ 42 GB  925 MB/s     36s[K[?25h[?2026l[?2026h[?25l[A[1Gpulling manifest [K
pulling de20d2cf2dc4:  21% ▕███               ▏ 8.9 GB/ 42 GB  925 MB/s     36s[K[?25h[?2026l[?2026h[?25l[A[1Gpulling manifest [K
pulling de20d2cf2dc4:  21% ▕███               ▏ 9.0 GB/ 42 GB  925 MB/s     36s[K[?25h[?2026l[?2026h[?25l[A[1Gpulling manifest [K
pulling de20d2cf2dc4:  21% ▕███               ▏ 9.0 GB/ 42 GB  925 MB/s     36s[K[?25h[?2026l[?2026h[?25l[A[1Gpulling manifest [K
pulling de20d2cf2dc4:  21% ▕███               ▏ 9.1 GB/ 42 GB  898 MB/s     37s[K[?25h[?2026l[?2026h[?25l[A[1Gpulling manifest [K
pulling de20d2cf2dc4:  22% ▕███               ▏ 9.3 GB/ 42 GB  898 MB/s     37s[K[?25h[?2026l[?2026h[?25l[A[1Gpulling manifest [K
pulling de20d2cf2dc4:  22% ▕███               ▏ 9.3 GB/ 42 GB  898 MB/s     36s[K[?25h[?2026l[?2026h[?25l[A[1Gpulling manifest [K
pulling de20d2cf2dc4:  22% ▕███               ▏ 9.4 GB/ 42 GB  898 MB/s     36s[K[?25h[?2026l[?2026h[?25l[A[1Gpulling manifest [K
pulling de20d2cf2dc4:  23% ▕████              ▏ 9.6 GB/ 42 GB  898 MB/s     36s[K[?25h[?2026l[?2026h[?25l[A[1Gpulling manifest [K
pulling de20d2cf2dc4:  23% ▕████              ▏ 9.6 GB/ 42 GB  898 MB/s     36s[K[?25h[?2026l[?2026h[?25l[A[1Gpulling manifest [K
pulling de20d2cf2dc4:  23% ▕████              ▏ 9.8 GB/ 42 GB  898 MB/s     36s[K[?25h[?2026l[?2026h[?25l[A[1Gpulling manifest [K
pulling de20d2cf2dc4:  23% ▕████              ▏ 9.9 GB/ 42 GB  898 MB/s     36s[K[?25h[?2026l[?2026h[?25l[A[1Gpulling manifest [K
pulling de20d2cf2dc4:  23% ▕████              ▏ 9.9 GB/ 42 GB  898 MB/s     36s[K[?25h[?2026l[?2026h[?25l[A[1Gpulling manifest [K
pulling de20d2cf2dc4:  24% ▕████              ▏  10 GB/ 42 GB  898 MB/s     36s[K[?25h[?2026l[?2026h[?25l[A[1Gpulling manifest [K
pulling de20d2cf2dc4:  24% ▕████              ▏  10 GB/ 42 GB  895 MB/s     36s[K[?25h[?2026l[?2026h[?25l[A[1Gpulling manifest [K
pulling de20d2cf2dc4:  24% ▕████              ▏  10 GB/ 42 GB  895 MB/s     36s[K[?25h[?2026l[?2026h[?25l[A[1Gpulling manifest [K
pulling de20d2cf2dc4:  24% ▕████              ▏  10 GB/ 42 GB  895 MB/s     35s[K[?25h[?2026l[?2026h[?25l[A[1Gpulling manifest [K
pulling de20d2cf2dc4:  24% ▕████              ▏  10 GB/ 42 GB  895 MB/s     35s[K[?25h[?2026l[?2026h[?25l[A[1Gpulling manifest [K
pulling de20d2cf2dc4:  25% ▕████              ▏  10 GB/ 42 GB  895 MB/s     35s[K[?25h[?2026l[?2026h[?25l[A[1Gpulling manifest [K
pulling de20d2cf2dc4:  25% ▕████              ▏  10 GB/ 42 GB  895 MB/s     35s[K[?25h[?2026l[?2026h[?25l[A[1Gpulling manifest [K
pulling de20d2cf2dc4:  25% ▕████              ▏  10 GB/ 42 GB  895 MB/s     35s[K[?25h[?2026l[?2026h[?25l[A[1Gpulling manifest [K
pulling de20d2cf2dc4:  25% ▕████              ▏  10 GB/ 42 GB  895 MB/s     35s[K[?25h[?2026l[?2026h[?25l[A[1Gpulling manifest [K
pulling de20d2cf2dc4:  25% ▕████              ▏  10 GB/ 42 GB  895 MB/s     35s[K[?25h[?2026l[?2026h[?25l[A[1Gpulling manifest [K
pulling de20d2cf2dc4:  26% ▕████              ▏  10 GB/ 42 GB  895 MB/s     35s[K[?25h[?2026l[?2026h[?25l[A[1Gpulling manifest [K
pulling de20d2cf2dc4:  26% ▕████              ▏  10 GB/ 42 GB  882 MB/s     35s[K[?25h[?2026l[?2026h[?25l[A[1Gpulling manifest [K
pulling de20d2cf2dc4:  26% ▕████              ▏  10 GB/ 42 GB  882 MB/s     35s[K[?25h[?2026l[?2026h[?25l[A[1Gpulling manifest [K
pulling de20d2cf2dc4:  26% ▕████              ▏  11 GB/ 42 GB  882 MB/s     35s[K[?25h[?2026l[?2026h[?25l[A[1Gpulling manifest [K
pulling de20d2cf2dc4:  26% ▕████              ▏  11 GB/ 42 GB  882 MB/s     35s[K[?25h[?2026l[?2026h[?25l[A[1Gpulling manifest [K
pulling de20d2cf2dc4:  26% ▕████              ▏  11 GB/ 42 GB  882 MB/s     35s[K[?25h[?2026l[?2026h[?25l[A[1Gpulling manifest [K
pulling de20d2cf2dc4:  27% ▕████              ▏  11 GB/ 42 GB  882 MB/s     35s[K[?25h[?2026l[?2026h[?25l[A[1Gpulling manifest [K
pulling de20d2cf2dc4:  27% ▕████              ▏  11 GB/ 42 GB  882 MB/s     35s[K[?25h[?2026l[?2026h[?25l[A[1Gpulling manifest [K
pulling de20d2cf2dc4:  27% ▕████              ▏  11 GB/ 42 GB  882 MB/s     35s[K[?25h[?2026l[?2026h[?25l[A[1Gpulling manifest [K
pulling de20d2cf2dc4:  27% ▕████              ▏  11 GB/ 42 GB  882 MB/s     35s[K[?25h[?2026l[?2026h[?25l[A[1Gpulling manifest [K
pulling de20d2cf2dc4:  27% ▕████              ▏  11 GB/ 42 GB  882 MB/s     35s[K[?25h[?2026l[?2026h[?25l[A[1Gpulling manifest [K
pulling de20d2cf2dc4:  27% ▕████              ▏  11 GB/ 42 GB  875 MB/s     35s[K[?25h[?2026l[?2026h[?25l[A[1Gpulling manifest [K
pulling de20d2cf2dc4:  28% ▕████              ▏  11 GB/ 42 GB  875 MB/s     35s[K[?25h[?2026l[?2026h[?25l[A[1Gpulling manifest [K
pulling de20d2cf2dc4:  28% ▕█████             ▏  11 GB/ 42 GB  875 MB/s     35s[K[?25h[?2026l[?2026h[?25l[A[1Gpulling manifest [K
pulling de20d2cf2dc4:  28% ▕█████             ▏  11 GB/ 42 GB  875 MB/s     35s[K[?25h[?2026l[?2026h[?25l[A[1Gpulling manifest [K
pulling de20d2cf2dc4:  28% ▕█████             ▏  11 GB/ 42 GB  875 MB/s     35s[K[?25h[?2026l[?2026h[?25l[A[1Gpulling manifest [K
pulling de20d2cf2dc4:  28% ▕█████             ▏  11 GB/ 42 GB  875 MB/s     35s[K[?25h[?2026l[?2026h[?25l[A[1Gpulling manifest [K
pulling de20d2cf2dc4:  28% ▕█████             ▏  11 GB/ 42 GB  875 MB/s     35s[K[?25h[?2026l[?2026h[?25l[A[1Gpulling manifest [K
pulling de20d2cf2dc4:  28% ▕█████             ▏  11 GB/ 42 GB  875 MB/s     35s[K[?25h[?2026l[?2026h[?25l[A[1Gpulling manifest [K
pulling de20d2cf2dc4:  28% ▕█████             ▏  11 GB/ 42 GB  875 MB/s     35s[K[?25h[?2026l[?2026h[?25l[A[1Gpulling manifest [K
pulling de20d2cf2dc4:  28% ▕█████             ▏  11 GB/ 42 GB  875 MB/s     35s[K[?25h[?2026l[?2026h[?25l[A[1Gpulling manifest [K
pulling de20d2cf2dc4:  28% ▕█████             ▏  11 GB/ 42 GB  796 MB/s     38s[K[?25h[?2026l[?2026h[?25l[A[1Gpulling manifest [K
pulling de20d2cf2dc4:  28% ▕█████             ▏  11 GB/ 42 GB  796 MB/s     38s[K[?25h[?2026l[?2026h[?25l[A[1Gpulling manifest [K
pulling de20d2cf2dc4:  28% ▕█████             ▏  11 GB/ 42 GB  796 MB/s     38s[K[?25h[?2026l[?2026h[?25l[A[1Gpulling manifest [K
pulling de20d2cf2dc4:  28% ▕█████             ▏  11 GB/ 42 GB  796 MB/s     38s[K[?25h[?2026l[?2026h[?25l[A[1Gpulling manifest [K
pulling de20d2cf2dc4:  28% ▕█████             ▏  11 GB/ 42 GB  796 MB/s     38s[K[?25h[?2026l[?2026h[?25l[A[1Gpulling manifest [K
pulling de20d2cf2dc4:  28% ▕█████             ▏  11 GB/ 42 GB  796 MB/s     38s[K[?25h[?2026l[?2026h[?25l[A[1Gpulling manifest [K
pulling de20d2cf2dc4:  28% ▕█████             ▏  11 GB/ 42 GB  796 MB/s     38s[K[?25h[?2026l[?2026h[?25l[A[1Gpulling manifest [K
pulling de20d2cf2dc4:  28% ▕█████             ▏  11 GB/ 42 GB  796 MB/s     38s[K[?25h[?2026l[?2026h[?25l[A[1Gpulling manifest [K
pulling de20d2cf2dc4:  28% ▕█████             ▏  11 GB/ 42 GB  796 MB/s     38s[K[?25h[?2026l[?2026h[?25l[A[1Gpulling manifest [K
pulling de20d2cf2dc4:  28% ▕█████             ▏  11 GB/ 42 GB  796 MB/s     38s[K[?25h[?2026l[?2026h[?25l[A[1Gpulling manifest [K
pulling de20d2cf2dc4:  28% ▕█████             ▏  11 GB/ 42 GB  796 MB/s     38s[K[?25h[?2026l[?2026h[?25l[A[1Gpulling manifest [K
pulling de20d2cf2dc4:  28% ▕█████             ▏  11 GB/ 42 GB  698 MB/s     43s[K[?25h[?2026l[?2026h[?25l[A[1Gpulling manifest [K
pulling de20d2cf2dc4:  28% ▕█████             ▏  11 GB/ 42 GB  698 MB/s     43s[K[?25h[?2026l[?2026h[?25l[A[1Gpulling manifest [K
pulling de20d2cf2dc4:  28% ▕█████             ▏  11 GB/ 42 GB  698 MB/s     43s[K[?25h[?2026l[?2026h[?25l[A[1Gpulling manifest [K
pulling de20d2cf2dc4:  28% ▕█████             ▏  11 GB/ 42 GB  698 MB/s     43s[K[?25h[?2026l[?2026h[?25l[A[1Gpulling manifest [K
pulling de20d2cf2dc4:  28% ▕█████             ▏  11 GB/ 42 GB  698 MB/s     43s[K[?25h[?2026l[?2026h[?25l[A[1Gpulling manifest [K
pulling de20d2cf2dc4:  28% ▕█████             ▏  11 GB/ 42 GB  698 MB/s     43s[K[?25h[?2026l[?2026h[?25l[A[1Gpulling manifest [K
pulling de20d2cf2dc4:  28% ▕█████             ▏  11 GB/ 42 GB  698 MB/s     43s[K[?25h[?2026l[?2026h[?25l[A[1Gpulling manifest [K
pulling de20d2cf2dc4:  28% ▕█████             ▏  11 GB/ 42 GB  698 MB/s     43s[K[?25h[?2026l[?2026h[?25l[A[1Gpulling manifest [K
pulling de20d2cf2dc4:  28% ▕█████             ▏  11 GB/ 42 GB  698 MB/s     43s[K[?25h[?2026l[?2026h[?25l[A[1Gpulling manifest [K
pulling de20d2cf2dc4:  28% ▕█████             ▏  11 GB/ 42 GB  698 MB/s     43s[K[?25h[?2026l[?2026h[?25l[A[1Gpulling manifest [K
pulling de20d2cf2dc4:  28% ▕█████             ▏  11 GB/ 42 GB  597 MB/s     51s[K[?25h[?2026l[?2026h[?25l[A[1Gpulling manifest [K
pulling de20d2cf2dc4:  28% ▕█████             ▏  11 GB/ 42 GB  597 MB/s     51s[K[?25h[?2026l[?2026h[?25l[A[1Gpulling manifest [K
pulling de20d2cf2dc4:  28% ▕█████             ▏  11 GB/ 42 GB  597 MB/s     51s[K[?25h[?2026l[?2026h[?25l[A[1Gpulling manifest [K
pulling de20d2cf2dc4:  28% ▕█████             ▏  11 GB/ 42 GB  597 MB/s     51s[K[?25h[?2026l[?2026h[?25l[A[1Gpulling manifest [K
pulling de20d2cf2dc4:  28% ▕█████             ▏  11 GB/ 42 GB  597 MB/s     51s[K[?25h[?2026l[?2026h[?25l[A[1Gpulling manifest [K
pulling de20d2cf2dc4:  28% ▕█████             ▏  11 GB/ 42 GB  597 MB/s     51s[K[?25h[?2026l[?2026h[?25l[A[1Gpulling manifest [K
pulling de20d2cf2dc4:  28% ▕█████             ▏  11 GB/ 42 GB  597 MB/s     51s[K[?25h[?2026l[?2026h[?25l[A[1Gpulling manifest [K
pulling de20d2cf2dc4:  28% ▕█████             ▏  11 GB/ 42 GB  597 MB/s     51s[K[?25h[?2026l[?2026h[?25l[A[1Gpulling manifest [K
pulling de20d2cf2dc4:  28% ▕█████             ▏  11 GB/ 42 GB  597 MB/s     51s[K[?25h[?2026l[?2026h[?25l[A[1Gpulling manifest [K
pulling de20d2cf2dc4:  28% ▕█████             ▏  11 GB/ 42 GB  597 MB/s     51s[K[?25h[?2026l[?2026h[?25l[A[1Gpulling manifest [K
pulling de20d2cf2dc4:  28% ▕█████             ▏  11 GB/ 42 GB  492 MB/s    1m2s[K[?25h[?2026l[?2026h[?25l[A[1Gpulling manifest [K
pulling de20d2cf2dc4:  28% ▕█████             ▏  11 GB/ 42 GB  492 MB/s    1m2s[K[?25h[?2026l[?2026h[?25l[A[1Gpulling manifest [K
pulling de20d2cf2dc4:  28% ▕█████             ▏  11 GB/ 42 GB  492 MB/s    1m2s[K[?25h[?2026l[?2026h[?25l[A[1Gpulling manifest [K
pulling de20d2cf2dc4:  28% ▕█████             ▏  11 GB/ 42 GB  492 MB/s    1m2s[K[?25h[?2026l[?2026h[?25l[A[1Gpulling manifest [K
pulling de20d2cf2dc4:  28% ▕█████             ▏  11 GB/ 42 GB  492 MB/s    1m2s[K[?25h[?2026l[?2026h[?25l[A[1Gpulling manifest [K
pulling de20d2cf2dc4:  28% ▕█████             ▏  11 GB/ 42 GB  492 MB/s    1m2s[K[?25h[?2026l[?2026h[?25l[A[1Gpulling manifest [K
pulling de20d2cf2dc4:  28% ▕█████             ▏  11 GB/ 42 GB  492 MB/s    1m2s[K[?25h[?2026l[?2026h[?25l[A[1Gpulling manifest [K
pulling de20d2cf2dc4:  28% ▕█████             ▏  11 GB/ 42 GB  492 MB/s    1m2s[K[?25h[?2026l[?2026h[?25l[A[1Gpulling manifest [K
pulling de20d2cf2dc4:  28% ▕█████             ▏  11 GB/ 42 GB  492 MB/s    1m2s[K[?25h[?2026l[?2026h[?25l[A[1Gpulling manifest [K
pulling de20d2cf2dc4:  28% ▕█████             ▏  11 GB/ 42 GB  492 MB/s    1m2s[K[?25h[?2026l[?2026h[?25l[A[1Gpulling manifest [K
pulling de20d2cf2dc4:  28% ▕█████             ▏  11 GB/ 42 GB  389 MB/s   1m18s[K[?25h[?2026l[?2026h[?25l[A[1Gpulling manifest [K
pulling de20d2cf2dc4:  28% ▕█████             ▏  11 GB/ 42 GB  389 MB/s   1m18s[K[?25h[?2026l[?2026h[?25l[A[1Gpulling manifest [K
pulling de20d2cf2dc4:  28% ▕█████             ▏  11 GB/ 42 GB  389 MB/s   1m18s[K[?25h[?2026l[?2026h[?25l[A[1Gpulling manifest [K
pulling de20d2cf2dc4:  28% ▕█████             ▏  11 GB/ 42 GB  389 MB/s   1m18s[K[?25h[?2026l[?2026h[?25l[A[1Gpulling manifest [K
pulling de20d2cf2dc4:  28% ▕█████             ▏  11 GB/ 42 GB  389 MB/s   1m18s[K[?25h[?2026l[?2026h[?25l[A[1Gpulling manifest [K
pulling de20d2cf2dc4:  28% ▕█████             ▏  11 GB/ 42 GB  389 MB/s   1m18s[K[?25h[?2026l[?2026h[?25l[A[1Gpulling manifest [K
pulling de20d2cf2dc4:  28% ▕█████             ▏  11 GB/ 42 GB  389 MB/s   1m18s[K[?25h[?2026l[?2026h[?25l[A[1Gpulling manifest [K
pulling de20d2cf2dc4:  28% ▕█████             ▏  11 GB/ 42 GB  389 MB/s   1m18s[K[?25h[?2026l[?2026h[?25l[A[1Gpulling manifest [K
pulling de20d2cf2dc4:  28% ▕█████             ▏  11 GB/ 42 GB  389 MB/s   1m18s[K[?25h[?2026l[?2026h[?25l[A[1Gpulling manifest [K
pulling de20d2cf2dc4:  28% ▕█████             ▏  11 GB/ 42 GB  389 MB/s   1m18s[K[?25h[?2026l[?2026h[?25l[A[1Gpulling manifest [K
pulling de20d2cf2dc4:  28% ▕█████             ▏  11 GB/ 42 GB  308 MB/s   1m39s[K[?25h[?2026l[?2026h[?25l[A[1Gpulling manifest [K
pulling de20d2cf2dc4:  28% ▕█████             ▏  11 GB/ 42 GB  308 MB/s   1m39s[K[?25h[?2026l[?2026h[?25l[A[1Gpulling manifest [K
pulling de20d2cf2dc4:  28% ▕█████             ▏  11 GB/ 42 GB  308 MB/s   1m39s[K[?25h[?2026l[?2026h[?25l[A[1Gpulling manifest [K
pulling de20d2cf2dc4:  28% ▕█████             ▏  11 GB/ 42 GB  308 MB/s   1m39s[K[?25h[?2026l[?2026h[?25l[A[1Gpulling manifest [K
pulling de20d2cf2dc4:  28% ▕█████             ▏  11 GB/ 42 GB  308 MB/s   1m39s[K[?25h[?2026l[?2026h[?25l[A[1Gpulling manifest [K
pulling de20d2cf2dc4:  28% ▕█████             ▏  11 GB/ 42 GB  308 MB/s   1m39s[K[?25h[?2026l[?2026h[?25l[A[1Gpulling manifest [K
pulling de20d2cf2dc4:  28% ▕█████             ▏  11 GB/ 42 GB  308 MB/s   1m39s[K[?25h[?2026l[?2026h[?25l[A[1Gpulling manifest [K
pulling de20d2cf2dc4:  28% ▕█████             ▏  11 GB/ 42 GB  308 MB/s   1m39s[K[?25h[?2026l[?2026h[?25l[A[1Gpulling manifest [K
pulling de20d2cf2dc4:  28% ▕█████             ▏  11 GB/ 42 GB  308 MB/s   1m39s[K[?25h[?2026l[?2026h[?25l[A[1Gpulling manifest [K
pulling de20d2cf2dc4:  28% ▕█████             ▏  11 GB/ 42 GB  308 MB/s   1m39s[K[?25h[?2026l[?2026h[?25l[A[1Gpulling manifest [K
pulling de20d2cf2dc4:  28% ▕█████             ▏  11 GB/ 42 GB  308 MB/s   1m39s[K[?25h[?2026l[?2026h[?25l[A[1Gpulling manifest [K
pulling de20d2cf2dc4:  28% ▕█████             ▏  11 GB/ 42 GB  194 MB/s   2m37s[K[?25h[?2026l[?2026h[?25l[A[1Gpulling manifest [K
pulling de20d2cf2dc4:  28% ▕█████             ▏  11 GB/ 42 GB  194 MB/s   2m37s[K[?25h[?2026l[?2026h[?25l[A[1Gpulling manifest [K
pulling de20d2cf2dc4:  28% ▕█████             ▏  11 GB/ 42 GB  194 MB/s   2m37s[K[?25h[?2026l[?2026h[?25l[A[1Gpulling manifest [K
pulling de20d2cf2dc4:  28% ▕█████             ▏  11 GB/ 42 GB  194 MB/s   2m37s[K[?25h[?2026l[?2026h[?25l[A[1Gpulling manifest [K
pulling de20d2cf2dc4:  28% ▕█████             ▏  11 GB/ 42 GB  194 MB/s   2m37s[K[?25h[?2026l[?2026h[?25l[A[1Gpulling manifest [K
pulling de20d2cf2dc4:  28% ▕█████             ▏  11 GB/ 42 GB  194 MB/s   2m37s[K[?25h[?2026l[?2026h[?25l[A[1Gpulling manifest [K
pulling de20d2cf2dc4:  28% ▕█████             ▏  11 GB/ 42 GB  194 MB/s   2m37s[K[?25h[?2026l[?2026h[?25l[A[1Gpulling manifest [K
pulling de20d2cf2dc4:  28% ▕█████             ▏  11 GB/ 42 GB  194 MB/s   2m37s[K[?25h[?2026l[?2026h[?25l[A[1Gpulling manifest [K
pulling de20d2cf2dc4:  28% ▕█████             ▏  11 GB/ 42 GB  194 MB/s   2m37s[K[?25h[?2026l[?2026h[?25l[A[1Gpulling manifest [K
pulling de20d2cf2dc4:  28% ▕█████             ▏  11 GB/ 42 GB  194 MB/s   2m37s[K[?25h[?2026l[?2026h[?25l[A[1Gpulling manifest [K
pulling de20d2cf2dc4:  28% ▕█████             ▏  11 GB/ 42 GB  106 MB/s   4m48s[K[?25h[?2026l[?2026h[?25l[A[1Gpulling manifest [K
pulling de20d2cf2dc4:  28% ▕█████             ▏  11 GB/ 42 GB  106 MB/s   4m48s[K[?25h[?2026l[?2026h[?25l[A[1Gpulling manifest [K
pulling de20d2cf2dc4:  28% ▕█████             ▏  11 GB/ 42 GB  106 MB/s   4m48s[K[?25h[?2026l[?2026h[?25l[A[1Gpulling manifest [K
pulling de20d2cf2dc4:  28% ▕█████             ▏  11 GB/ 42 GB  106 MB/s   4m48s[K[?25h[?2026l[?2026h[?25l[A[1Gpulling manifest [K
pulling de20d2cf2dc4:  28% ▕█████             ▏  11 GB/ 42 GB  106 MB/s   4m48s[K[?25h[?2026l[?2026h[?25l[A[1Gpulling manifest [K
pulling de20d2cf2dc4:  28% ▕█████             ▏  11 GB/ 42 GB  106 MB/s   4m48s[K[?25h[?2026l[?2026h[?25l[A[1Gpulling manifest [K
pulling de20d2cf2dc4:  28% ▕█████             ▏  11 GB/ 42 GB  106 MB/s   4m48s[K[?25h[?2026l[?2026h[?25l[A[1Gpulling manifest [K
pulling de20d2cf2dc4:  28% ▕█████             ▏  11 GB/ 42 GB  106 MB/s   4m48s[K[?25h[?2026l[?2026h[?25l[A[1Gpulling manifest [K
pulling de20d2cf2dc4:  28% ▕█████             ▏  11 GB/ 42 GB  106 MB/s   4m48s[K[?25h[?2026l[?2026h[?25l[A[1Gpulling manifest [K
pulling de20d2cf2dc4:  28% ▕█████             ▏  12 GB/ 42 GB  106 MB/s   4m47s[K[?25h[?2026l[?2026h[?25l[A[1Gpulling manifest [K
pulling de20d2cf2dc4:  28% ▕█████             ▏  12 GB/ 42 GB   40 MB/s  12m30s[K[?25h[?2026l[?2026h[?25l[A[1Gpulling manifest [K
pulling de20d2cf2dc4:  29% ▕█████             ▏  12 GB/ 42 GB   40 MB/s  12m27s[K[?25h[?2026l[?2026h[?25l[A[1Gpulling manifest [K
pulling de20d2cf2dc4:  29% ▕█████             ▏  12 GB/ 42 GB   40 MB/s  12m25s[K[?25h[?2026l[?2026h[?25l[A[1Gpulling manifest [K
pulling de20d2cf2dc4:  29% ▕█████             ▏  12 GB/ 42 GB   40 MB/s  12m23s[K[?25h[?2026l[?2026h[?25l[A[1Gpulling manifest [K
pulling de20d2cf2dc4:  29% ▕█████             ▏  12 GB/ 42 GB   40 MB/s  12m21s[K[?25h[?2026l[?2026h[?25l[A[1Gpulling manifest [K
pulling de20d2cf2dc4:  29% ▕█████             ▏  12 GB/ 42 GB   40 MB/s  12m18s[K[?25h[?2026l[?2026h[?25l[A[1Gpulling manifest [K
pulling de20d2cf2dc4:  30% ▕█████             ▏  12 GB/ 42 GB   40 MB/s  12m17s[K[?25h[?2026l[?2026h[?25l[A[1Gpulling manifest [K
pulling de20d2cf2dc4:  30% ▕█████             ▏  12 GB/ 42 GB   40 MB/s  12m14s[K[?25h[?2026l[?2026h[?25l[A[1Gpulling manifest [K
pulling de20d2cf2dc4:  30% ▕█████             ▏  12 GB/ 42 GB   40 MB/s  12m12s[K[?25h[?2026l[?2026h[?25l[A[1Gpulling manifest [K
pulling de20d2cf2dc4:  30% ▕█████             ▏  12 GB/ 42 GB   40 MB/s  12m11s[K[?25h[?2026l[?2026h[?25l[A[1Gpulling manifest [K
pulling de20d2cf2dc4:  30% ▕█████             ▏  12 GB/ 42 GB  118 MB/s   4m10s[K[?25h[?2026l[?2026h[?25l[A[1Gpulling manifest [K
pulling de20d2cf2dc4:  31% ▕█████             ▏  13 GB/ 42 GB  118 MB/s    4m9s[K[?25h[?2026l[?2026h[?25l[A[1Gpulling manifest [K
pulling de20d2cf2dc4:  31% ▕█████             ▏  13 GB/ 42 GB  118 MB/s    4m8s[K[?25h[?2026l[?2026h[?25l[A[1Gpulling manifest [K
pulling de20d2cf2dc4:  31% ▕█████             ▏  13 GB/ 42 GB  118 MB/s    4m7s[K[?25h[?2026l[?2026h[?25l[A[1Gpulling manifest [K
pulling de20d2cf2dc4:  31% ▕█████             ▏  13 GB/ 42 GB  118 MB/s    4m7s[K[?25h[?2026l[?2026h[?25l[A[1Gpulling manifest [K
pulling de20d2cf2dc4:  31% ▕█████             ▏  13 GB/ 42 GB  118 MB/s    4m6s[K[?25h[?2026l[?2026h[?25l[A[1Gpulling manifest [K
pulling de20d2cf2dc4:  32% ▕█████             ▏  13 GB/ 42 GB  118 MB/s    4m5s[K[?25h[?2026l[?2026h[?25l[A[1Gpulling manifest [K
pulling de20d2cf2dc4:  32% ▕█████             ▏  13 GB/ 42 GB  118 MB/s    4m4s[K[?25h[?2026l[?2026h[?25l[A[1Gpulling manifest [K
pulling de20d2cf2dc4:  32% ▕█████             ▏  13 GB/ 42 GB  118 MB/s    4m4s[K[?25h[?2026l[?2026h[?25l[A[1Gpulling manifest [K
pulling de20d2cf2dc4:  32% ▕█████             ▏  13 GB/ 42 GB  118 MB/s    4m3s[K[?25h[?2026l[?2026h[?25l[A[1Gpulling manifest [K
pulling de20d2cf2dc4:  32% ▕█████             ▏  13 GB/ 42 GB  214 MB/s   2m13s[K[?25h[?2026l[?2026h[?25l[A[1Gpulling manifest [K
pulling de20d2cf2dc4:  33% ▕█████             ▏  13 GB/ 42 GB  214 MB/s   2m13s[K[?25h[?2026l[?2026h[?25l[A[1Gpulling manifest [K
pulling de20d2cf2dc4:  33% ▕█████             ▏  13 GB/ 42 GB  214 MB/s   2m13s[K[?25h[?2026l[?2026h[?25l[A[1Gpulling manifest [K
pulling de20d2cf2dc4:  33% ▕█████             ▏  14 GB/ 42 GB  214 MB/s   2m12s[K[?25h[?2026l[?2026h[?25l[A[1Gpulling manifest [K
pulling de20d2cf2dc4:  33% ▕█████             ▏  14 GB/ 42 GB  214 MB/s   2m12s[K[?25h[?2026l[?2026h[?25l[A[1Gpulling manifest [K
pulling de20d2cf2dc4:  33% ▕██████            ▏  14 GB/ 42 GB  214 MB/s   2m11s[K[?25h[?2026l[?2026h[?25l[A[1Gpulling manifest [K
pulling de20d2cf2dc4:  34% ▕██████            ▏  14 GB/ 42 GB  214 MB/s   2m11s[K[?25h[?2026l[?2026h[?25l[A[1Gpulling manifest [K
pulling de20d2cf2dc4:  34% ▕██████            ▏  14 GB/ 42 GB  214 MB/s   2m10s[K[?25h[?2026l[?2026h[?25l[A[1Gpulling manifest [K
pulling de20d2cf2dc4:  34% ▕██████            ▏  14 GB/ 42 GB  214 MB/s   2m10s[K[?25h[?2026l[?2026h[?25l[A[1Gpulling manifest [K
pulling de20d2cf2dc4:  34% ▕██████            ▏  14 GB/ 42 GB  214 MB/s   2m10s[K[?25h[?2026l[?2026h[?25l[A[1Gpulling manifest [K
pulling de20d2cf2dc4:  34% ▕██████            ▏  14 GB/ 42 GB  214 MB/s    2m9s[K[?25h[?2026l[?2026h[?25l[A[1Gpulling manifest [K
pulling de20d2cf2dc4:  35% ▕██████            ▏  14 GB/ 42 GB  315 MB/s   1m28s[K[?25h[?2026l[?2026h[?25l[A[1Gpulling manifest [K
pulling de20d2cf2dc4:  35% ▕██████            ▏  14 GB/ 42 GB  315 MB/s   1m27s[K[?25h[?2026l[?2026h[?25l[A[1Gpulling manifest [K
pulling de20d2cf2dc4:  35% ▕██████            ▏  14 GB/ 42 GB  315 MB/s   1m27s[K[?25h[?2026l[?2026h[?25l[A[1Gpulling manifest [K
pulling de20d2cf2dc4:  35% ▕██████            ▏  14 GB/ 42 GB  315 MB/s   1m27s[K[?25h[?2026l[?2026h[?25l[A[1Gpulling manifest [K
pulling de20d2cf2dc4:  36% ▕██████            ▏  15 GB/ 42 GB  315 MB/s   1m26s[K[?25h[?2026l[?2026h[?25l[A[1Gpulling manifest [K
pulling de20d2cf2dc4:  36% ▕██████            ▏  15 GB/ 42 GB  315 MB/s   1m26s[K[?25h[?2026l[?2026h[?25l[A[1Gpulling manifest [K
pulling de20d2cf2dc4:  36% ▕██████            ▏  15 GB/ 42 GB  315 MB/s   1m26s[K[?25h[?2026l[?2026h[?25l[A[1Gpulling manifest [K
pulling de20d2cf2dc4:  36% ▕██████            ▏  15 GB/ 42 GB  315 MB/s   1m26s[K[?25h[?2026l[?2026h[?25l[A[1Gpulling manifest [K
pulling de20d2cf2dc4:  36% ▕██████            ▏  15 GB/ 42 GB  315 MB/s   1m25s[K[?25h[?2026l[?2026h[?25l[A[1Gpulling manifest [K
pulling de20d2cf2dc4:  37% ▕██████            ▏  15 GB/ 42 GB  315 MB/s   1m25s[K[?25h[?2026l[?2026h[?25l[A[1Gpulling manifest [K
pulling de20d2cf2dc4:  37% ▕██████            ▏  15 GB/ 42 GB  413 MB/s    1m5s[K[?25h[?2026l[?2026h[?25l[A[1Gpulling manifest [K
pulling de20d2cf2dc4:  37% ▕██████            ▏  15 GB/ 42 GB  413 MB/s    1m4s[K[?25h[?2026l[?2026h[?25l[A[1Gpulling manifest [K
pulling de20d2cf2dc4:  37% ▕██████            ▏  15 GB/ 42 GB  413 MB/s    1m4s[K[?25h[?2026l[?2026h[?25l[A[1Gpulling manifest [K
pulling de20d2cf2dc4:  37% ▕██████            ▏  15 GB/ 42 GB  413 MB/s    1m4s[K[?25h[?2026l[?2026h[?25l[A[1Gpulling manifest [K
pulling de20d2cf2dc4:  37% ▕██████            ▏  15 GB/ 42 GB  413 MB/s    1m4s[K[?25h[?2026l[?2026h[?25l[A[1Gpulling manifest [K
pulling de20d2cf2dc4:  38% ▕██████            ▏  16 GB/ 42 GB  413 MB/s    1m4s[K[?25h[?2026l[?2026h[?25l[A[1Gpulling manifest [K
pulling de20d2cf2dc4:  38% ▕██████            ▏  16 GB/ 42 GB  413 MB/s    1m3s[K[?25h[?2026l[?2026h[?25l[A[1Gpulling manifest [K
pulling de20d2cf2dc4:  38% ▕██████            ▏  16 GB/ 42 GB  413 MB/s    1m3s[K[?25h[?2026l[?2026h[?25l[A[1Gpulling manifest [K
pulling de20d2cf2dc4:  38% ▕██████            ▏  16 GB/ 42 GB  413 MB/s    1m3s[K[?25h[?2026l[?2026h[?25l[A[1Gpulling manifest [K
pulling de20d2cf2dc4:  39% ▕██████            ▏  16 GB/ 42 GB  413 MB/s    1m3s[K[?25h[?2026l[?2026h[?25l[A[1Gpulling manifest [K
pulling de20d2cf2dc4:  39% ▕██████            ▏  16 GB/ 42 GB  513 MB/s     50s[K[?25h[?2026l[?2026h[?25l[A[1Gpulling manifest [K
pulling de20d2cf2dc4:  39% ▕███████           ▏  16 GB/ 42 GB  513 MB/s     50s[K[?25h[?2026l[?2026h[?25l[A[1Gpulling manifest [K
pulling de20d2cf2dc4:  39% ▕███████           ▏  16 GB/ 42 GB  513 MB/s     50s[K[?25h[?2026l[?2026h[?25l[A[1Gpulling manifest [K
pulling de20d2cf2dc4:  39% ▕███████           ▏  16 GB/ 42 GB  513 MB/s     50s[K[?25h[?2026l[?2026h[?25l[A[1Gpulling manifest [K
pulling de20d2cf2dc4:  40% ▕███████           ▏  16 GB/ 42 GB  513 MB/s     49s[K[?25h[?2026l[?2026h[?25l[A[1Gpulling manifest [K
pulling de20d2cf2dc4:  40% ▕███████           ▏  17 GB/ 42 GB  513 MB/s     49s[K[?25h[?2026l[?2026h[?25l[A[1Gpulling manifest [K
pulling de20d2cf2dc4:  40% ▕███████           ▏  17 GB/ 42 GB  513 MB/s     49s[K[?25h[?2026l[?2026h[?25l[A[1Gpulling manifest [K
pulling de20d2cf2dc4:  40% ▕███████           ▏  17 GB/ 42 GB  513 MB/s     49s[K[?25h[?2026l[?2026h[?25l[A[1Gpulling manifest [K
pulling de20d2cf2dc4:  41% ▕███████           ▏  17 GB/ 42 GB  513 MB/s     49s[K[?25h[?2026l[?2026h[?25l[A[1Gpulling manifest [K
pulling de20d2cf2dc4:  41% ▕███████           ▏  17 GB/ 42 GB  513 MB/s     49s[K[?25h[?2026l[?2026h[?25l[A[1Gpulling manifest [K
pulling de20d2cf2dc4:  41% ▕███████           ▏  17 GB/ 42 GB  617 MB/s     40s[K[?25h[?2026l[?2026h[?25l[A[1Gpulling manifest [K
pulling de20d2cf2dc4:  41% ▕███████           ▏  17 GB/ 42 GB  617 MB/s     40s[K[?25h[?2026l[?2026h[?25l[A[1Gpulling manifest [K
pulling de20d2cf2dc4:  41% ▕███████           ▏  17 GB/ 42 GB  617 MB/s     40s[K[?25h[?2026l[?2026h[?25l[A[1Gpulling manifest [K
pulling de20d2cf2dc4:  42% ▕███████           ▏  17 GB/ 42 GB  617 MB/s     40s[K[?25h[?2026l[?2026h[?25l[A[1Gpulling manifest [K
pulling de20d2cf2dc4:  42% ▕███████           ▏  17 GB/ 42 GB  617 MB/s     39s[K[?25h[?2026l[?2026h[?25l[A[1Gpulling manifest [K
pulling de20d2cf2dc4:  42% ▕███████           ▏  17 GB/ 42 GB  617 MB/s     39s[K[?25h[?2026l[?2026h[?25l[A[1Gpulling manifest [K
pulling de20d2cf2dc4:  42% ▕███████           ▏  17 GB/ 42 GB  617 MB/s     39s[K[?25h[?2026l[?2026h[?25l[A[1Gpulling manifest [K
pulling de20d2cf2dc4:  42% ▕███████           ▏  17 GB/ 42 GB  617 MB/s     39s[K[?25h[?2026l[?2026h[?25l[A[1Gpulling manifest [K
pulling de20d2cf2dc4:  42% ▕███████           ▏  17 GB/ 42 GB  617 MB/s     39s[K[?25h[?2026l[?2026h[?25l[A[1Gpulling manifest [K
pulling de20d2cf2dc4:  42% ▕███████           ▏  17 GB/ 42 GB  617 MB/s     39s[K[?25h[?2026l[?2026h[?25l[A[1Gpulling manifest [K
pulling de20d2cf2dc4:  42% ▕███████           ▏  18 GB/ 42 GB  682 MB/s     35s[K[?25h[?2026l[?2026h[?25l[A[1Gpulling manifest [K
pulling de20d2cf2dc4:  42% ▕███████           ▏  18 GB/ 42 GB  682 MB/s     35s[K[?25h[?2026l[?2026h[?25l[A[1Gpulling manifest [K
pulling de20d2cf2dc4:  42% ▕███████           ▏  18 GB/ 42 GB  682 MB/s     35s[K[?25h[?2026l[?2026h[?25l[A[1Gpulling manifest [K
pulling de20d2cf2dc4:  43% ▕███████           ▏  18 GB/ 42 GB  682 MB/s     35s[K[?25h[?2026l[?2026h[?25l[A[1Gpulling manifest [K
pulling de20d2cf2dc4:  43% ▕███████           ▏  18 GB/ 42 GB  682 MB/s     35s[K[?25h[?2026l[?2026h[?25l[A[1Gpulling manifest [K
pulling de20d2cf2dc4:  43% ▕███████           ▏  18 GB/ 42 GB  682 MB/s     35s[K[?25h[?2026l[?2026h[?25l[A[1Gpulling manifest [K
pulling de20d2cf2dc4:  43% ▕███████           ▏  18 GB/ 42 GB  682 MB/s     35s[K[?25h[?2026l[?2026h[?25l[A[1Gpulling manifest [K
pulling de20d2cf2dc4:  43% ▕███████           ▏  18 GB/ 42 GB  682 MB/s     35s[K[?25h[?2026l[?2026h[?25l[A[1Gpulling manifest [K
pulling de20d2cf2dc4:  43% ▕███████           ▏  18 GB/ 42 GB  682 MB/s     35s[K[?25h[?2026l[?2026h[?25l[A[1Gpulling manifest [K
pulling de20d2cf2dc4:  43% ▕███████           ▏  18 GB/ 42 GB  682 MB/s     35s[K[?25h[?2026l[?2026h[?25l[A[1Gpulling manifest [K
pulling de20d2cf2dc4:  43% ▕███████           ▏  18 GB/ 42 GB  708 MB/s     34s[K[?25h[?2026l[?2026h[?25l[A[1Gpulling manifest [K
pulling de20d2cf2dc4:  43% ▕███████           ▏  18 GB/ 42 GB  708 MB/s     34s[K[?25h[?2026l[?2026h[?25l[A[1Gpulling manifest [K
pulling de20d2cf2dc4:  43% ▕███████           ▏  18 GB/ 42 GB  708 MB/s     34s[K[?25h[?2026l[?2026h[?25l[A[1Gpulling manifest [K
pulling de20d2cf2dc4:  43% ▕███████           ▏  18 GB/ 42 GB  708 MB/s     34s[K[?25h[?2026l[?2026h[?25l[A[1Gpulling manifest [K
pulling de20d2cf2dc4:  43% ▕███████           ▏  18 GB/ 42 GB  708 MB/s     34s[K[?25h[?2026l[?2026h[?25l[A[1Gpulling manifest [K
pulling de20d2cf2dc4:  43% ▕███████           ▏  18 GB/ 42 GB  708 MB/s     34s[K[?25h[?2026l[?2026h[?25l[A[1Gpulling manifest [K
pulling de20d2cf2dc4:  43% ▕███████           ▏  18 GB/ 42 GB  708 MB/s     34s[K[?25h[?2026l[?2026h[?25l[A[1Gpulling manifest [K
pulling de20d2cf2dc4:  43% ▕███████           ▏  18 GB/ 42 GB  708 MB/s     34s[K[?25h[?2026l[?2026h[?25l[A[1Gpulling manifest [K
pulling de20d2cf2dc4:  43% ▕███████           ▏  18 GB/ 42 GB  708 MB/s     34s[K[?25h[?2026l[?2026h[?25l[A[1Gpulling manifest [K
pulling de20d2cf2dc4:  43% ▕███████           ▏  18 GB/ 42 GB  708 MB/s     34s[K[?25h[?2026l[?2026h[?25l[A[1Gpulling manifest [K
pulling de20d2cf2dc4:  43% ▕███████           ▏  18 GB/ 42 GB  708 MB/s     34s[K[?25h[?2026l[?2026h[?25l[A[1Gpulling manifest [K
pulling de20d2cf2dc4:  43% ▕███████           ▏  18 GB/ 42 GB  708 MB/s     34s[K[?25h[?2026l[?2026h[?25l[A[1Gpulling manifest [K
pulling de20d2cf2dc4:  43% ▕███████           ▏  18 GB/ 42 GB  708 MB/s     33s[K[?25h[?2026l[?2026h[?25l[A[1Gpulling manifest [K
pulling de20d2cf2dc4:  43% ▕███████           ▏  18 GB/ 42 GB  708 MB/s     33s[K[?25h[?2026l[?2026h[?25l[A[1Gpulling manifest [K
pulling de20d2cf2dc4:  43% ▕███████           ▏  18 GB/ 42 GB  708 MB/s     33s[K[?25h[?2026l[?2026h[?25l[A[1Gpulling manifest [K
pulling de20d2cf2dc4:  44% ▕███████           ▏  18 GB/ 42 GB  708 MB/s     33s[K[?25h[?2026l[?2026h[?25l[A[1Gpulling manifest [K
pulling de20d2cf2dc4:  44% ▕███████           ▏  18 GB/ 42 GB  708 MB/s     33s[K[?25h[?2026l[?2026h[?25l[A[1Gpulling manifest [K
pulling de20d2cf2dc4:  44% ▕███████           ▏  18 GB/ 42 GB  708 MB/s     33s[K[?25h[?2026l[?2026h[?25l[A[1Gpulling manifest [K
pulling de20d2cf2dc4:  44% ▕███████           ▏  18 GB/ 42 GB  708 MB/s     33s[K[?25h[?2026l[?2026h[?25l[A[1Gpulling manifest [K
pulling de20d2cf2dc4:  44% ▕███████           ▏  18 GB/ 42 GB  708 MB/s     33s[K[?25h[?2026l[?2026h[?25l[A[1Gpulling manifest [K
pulling de20d2cf2dc4:  44% ▕███████           ▏  18 GB/ 42 GB  708 MB/s     33s[K[?25h[?2026l[?2026h[?25l[A[1Gpulling manifest [K
pulling de20d2cf2dc4:  44% ▕███████           ▏  18 GB/ 42 GB  708 MB/s     33s[K[?25h[?2026l[?2026h[?25l[A[1Gpulling manifest [K
pulling de20d2cf2dc4:  44% ▕███████           ▏  18 GB/ 42 GB  628 MB/s     38s[K[?25h[?2026l[?2026h[?25l[A[1Gpulling manifest [K
pulling de20d2cf2dc4:  44% ▕███████           ▏  18 GB/ 42 GB  628 MB/s     38s[K[?25h[?2026l[?2026h[?25l[A[1Gpulling manifest [K
pulling de20d2cf2dc4:  44% ▕███████           ▏  18 GB/ 42 GB  628 MB/s     38s[K[?25h[?2026l[?2026h[?25l[A[1Gpulling manifest [K
pulling de20d2cf2dc4:  44% ▕███████           ▏  18 GB/ 42 GB  628 MB/s     38s[K[?25h[?2026l[?2026h[?25l[A[1Gpulling manifest [K
pulling de20d2cf2dc4:  44% ▕███████           ▏  18 GB/ 42 GB  628 MB/s     38s[K[?25h[?2026l[?2026h[?25l[A[1Gpulling manifest [K
pulling de20d2cf2dc4:  44% ▕███████           ▏  18 GB/ 42 GB  628 MB/s     38s[K[?25h[?2026l[?2026h[?25l[A[1Gpulling manifest [K
pulling de20d2cf2dc4:  44% ▕███████           ▏  18 GB/ 42 GB  628 MB/s     37s[K[?25h[?2026l[?2026h[?25l[A[1Gpulling manifest [K
pulling de20d2cf2dc4:  44% ▕███████           ▏  18 GB/ 42 GB  628 MB/s     37s[K[?25h[?2026l[?2026h[?25l[A[1Gpulling manifest [K
pulling de20d2cf2dc4:  44% ▕███████           ▏  18 GB/ 42 GB  628 MB/s     37s[K[?25h[?2026l[?2026h[?25l[A[1Gpulling manifest [K
pulling de20d2cf2dc4:  44% ▕███████           ▏  18 GB/ 42 GB  628 MB/s     37s[K[?25h[?2026l[?2026h[?25l[A[1Gpulling manifest [K
pulling de20d2cf2dc4:  44% ▕███████           ▏  18 GB/ 42 GB  549 MB/s     43s[K[?25h[?2026l[?2026h[?25l[A[1Gpulling manifest [K
pulling de20d2cf2dc4:  44% ▕███████           ▏  18 GB/ 42 GB  549 MB/s     43s[K[?25h[?2026l[?2026h[?25l[A[1Gpulling manifest [K
pulling de20d2cf2dc4:  44% ▕███████           ▏  18 GB/ 42 GB  549 MB/s     43s[K[?25h[?2026l[?2026h[?25l[A[1Gpulling manifest [K
pulling de20d2cf2dc4:  44% ▕███████           ▏  18 GB/ 42 GB  549 MB/s     43s[K[?25h[?2026l[?2026h[?25l[A[1Gpulling manifest [K
pulling de20d2cf2dc4:  44% ▕███████           ▏  18 GB/ 42 GB  549 MB/s     43s[K[?25h[?2026l[?2026h[?25l[A[1Gpulling manifest [K
pulling de20d2cf2dc4:  44% ▕███████           ▏  18 GB/ 42 GB  549 MB/s     43s[K[?25h[?2026l[?2026h[?25l[A[1Gpulling manifest [K
pulling de20d2cf2dc4:  44% ▕███████           ▏  18 GB/ 42 GB  549 MB/s     43s[K[?25h[?2026l[?2026h[?25l[A[1Gpulling manifest [K
pulling de20d2cf2dc4:  44% ▕███████           ▏  18 GB/ 42 GB  549 MB/s     43s[K[?25h[?2026l[?2026h[?25l[A[1Gpulling manifest [K
pulling de20d2cf2dc4:  44% ▕███████           ▏  18 GB/ 42 GB  549 MB/s     43s[K[?25h[?2026l[?2026h[?25l[A[1Gpulling manifest [K
pulling de20d2cf2dc4:  44% ▕███████           ▏  18 GB/ 42 GB  549 MB/s     43s[K[?25h[?2026l[?2026h[?25l[A[1Gpulling manifest [K
pulling de20d2cf2dc4:  44% ▕███████           ▏  18 GB/ 42 GB  549 MB/s     43s[K[?25h[?2026l[?2026h[?25l[A[1Gpulling manifest [K
pulling de20d2cf2dc4:  45% ▕████████          ▏  18 GB/ 42 GB  468 MB/s     50s[K[?25h[?2026l[?2026h[?25l[A[1Gpulling manifest [K
pulling de20d2cf2dc4:  45% ▕████████          ▏  18 GB/ 42 GB  468 MB/s     50s[K[?25h[?2026l[?2026h[?25l[A[1Gpulling manifest [K
pulling de20d2cf2dc4:  45% ▕████████          ▏  18 GB/ 42 GB  468 MB/s     50s[K[?25h[?2026l[?2026h[?25l[A[1Gpulling manifest [K
pulling de20d2cf2dc4:  45% ▕████████          ▏  18 GB/ 42 GB  468 MB/s     50s[K[?25h[?2026l[?2026h[?25l[A[1Gpulling manifest [K
pulling de20d2cf2dc4:  45% ▕████████          ▏  18 GB/ 42 GB  468 MB/s     50s[K[?25h[?2026l[?2026h[?25l[A[1Gpulling manifest [K
pulling de20d2cf2dc4:  45% ▕████████          ▏  19 GB/ 42 GB  468 MB/s     50s[K[?25h[?2026l[?2026h[?25l[A[1Gpulling manifest [K
pulling de20d2cf2dc4:  45% ▕████████          ▏  19 GB/ 42 GB  468 MB/s     50s[K[?25h[?2026l[?2026h[?25l[A[1Gpulling manifest [K
pulling de20d2cf2dc4:  45% ▕████████          ▏  19 GB/ 42 GB  468 MB/s     50s[K[?25h[?2026l[?2026h[?25l[A[1Gpulling manifest [K
pulling de20d2cf2dc4:  45% ▕████████          ▏  19 GB/ 42 GB  468 MB/s     50s[K[?25h[?2026l[?2026h[?25l[A[1Gpulling manifest [K
pulling de20d2cf2dc4:  45% ▕████████          ▏  19 GB/ 42 GB  468 MB/s     50s[K[?25h[?2026l[?2026h[?25l[A[1Gpulling manifest [K
pulling de20d2cf2dc4:  45% ▕████████          ▏  19 GB/ 42 GB  387 MB/s    1m0s[K[?25h[?2026l[?2026h[?25l[A[1Gpulling manifest [K
pulling de20d2cf2dc4:  45% ▕████████          ▏  19 GB/ 42 GB  387 MB/s    1m0s[K[?25h[?2026l[?2026h[?25l[A[1Gpulling manifest [K
pulling de20d2cf2dc4:  45% ▕████████          ▏  19 GB/ 42 GB  387 MB/s    1m0s[K[?25h[?2026l[?2026h[?25l[A[1Gpulling manifest [K
pulling de20d2cf2dc4:  45% ▕████████          ▏  19 GB/ 42 GB  387 MB/s    1m0s[K[?25h[?2026l[?2026h[?25l[A[1Gpulling manifest [K
pulling de20d2cf2dc4:  45% ▕████████          ▏  19 GB/ 42 GB  387 MB/s    1m0s[K[?25h[?2026l[?2026h[?25l[A[1Gpulling manifest [K
pulling de20d2cf2dc4:  45% ▕████████          ▏  19 GB/ 42 GB  387 MB/s    1m0s[K[?25h[?2026l[?2026h[?25l[A[1Gpulling manifest [K
pulling de20d2cf2dc4:  45% ▕████████          ▏  19 GB/ 42 GB  387 MB/s    1m0s[K[?25h[?2026l[?2026h[?25l[A[1Gpulling manifest [K
pulling de20d2cf2dc4:  45% ▕████████          ▏  19 GB/ 42 GB  387 MB/s    1m0s[K[?25h[?2026l[?2026h[?25l[A[1Gpulling manifest [K
pulling de20d2cf2dc4:  45% ▕████████          ▏  19 GB/ 42 GB  387 MB/s    1m0s[K[?25h[?2026l[?2026h[?25l[A[1Gpulling manifest [K
pulling de20d2cf2dc4:  45% ▕████████          ▏  19 GB/ 42 GB  387 MB/s    1m0s[K[?25h[?2026l[?2026h[?25l[A[1Gpulling manifest [K
pulling de20d2cf2dc4:  45% ▕████████          ▏  19 GB/ 42 GB  387 MB/s    1m0s[K[?25h[?2026l[?2026h[?25l[A[1Gpulling manifest [K
pulling de20d2cf2dc4:  45% ▕████████          ▏  19 GB/ 42 GB  387 MB/s    1m0s[K[?25h[?2026l[?2026h[?25l[A[1Gpulling manifest [K
pulling de20d2cf2dc4:  45% ▕████████          ▏  19 GB/ 42 GB  278 MB/s   1m23s[K[?25h[?2026l[?2026h[?25l[A[1Gpulling manifest [K
pulling de20d2cf2dc4:  45% ▕████████          ▏  19 GB/ 42 GB  278 MB/s   1m23s[K[?25h[?2026l[?2026h[?25l[A[1Gpulling manifest [K
pulling de20d2cf2dc4:  45% ▕████████          ▏  19 GB/ 42 GB  278 MB/s   1m23s[K[?25h[?2026l[?2026h[?25l[A[1Gpulling manifest [K
pulling de20d2cf2dc4:  45% ▕████████          ▏  19 GB/ 42 GB  278 MB/s   1m23s[K[?25h[?2026l[?2026h[?25l[A[1Gpulling manifest [K
pulling de20d2cf2dc4:  45% ▕████████          ▏  19 GB/ 42 GB  278 MB/s   1m23s[K[?25h[?2026l[?2026h[?25l[A[1Gpulling manifest [K
pulling de20d2cf2dc4:  45% ▕████████          ▏  19 GB/ 42 GB  278 MB/s   1m23s[K[?25h[?2026l[?2026h[?25l[A[1Gpulling manifest [K
pulling de20d2cf2dc4:  46% ▕████████          ▏  19 GB/ 42 GB  278 MB/s   1m23s[K[?25h[?2026l[?2026h[?25l[A[1Gpulling manifest [K
pulling de20d2cf2dc4:  46% ▕████████          ▏  19 GB/ 42 GB  278 MB/s   1m23s[K[?25h[?2026l[?2026h[?25l[A[1Gpulling manifest [K
pulling de20d2cf2dc4:  46% ▕████████          ▏  19 GB/ 42 GB  278 MB/s   1m23s[K[?25h[?2026l[?2026h[?25l[A[1Gpulling manifest [K
pulling de20d2cf2dc4:  46% ▕████████          ▏  19 GB/ 42 GB  278 MB/s   1m23s[K[?25h[?2026l[?2026h[?25l[A[1Gpulling manifest [K
pulling de20d2cf2dc4:  46% ▕████████          ▏  19 GB/ 42 GB  202 MB/s   1m53s[K[?25h[?2026l[?2026h[?25l[A[1Gpulling manifest [K
pulling de20d2cf2dc4:  46% ▕████████          ▏  19 GB/ 42 GB  202 MB/s   1m53s[K[?25h[?2026l[?2026h[?25l[A[1Gpulling manifest [K
pulling de20d2cf2dc4:  46% ▕████████          ▏  19 GB/ 42 GB  202 MB/s   1m53s[K[?25h[?2026l[?2026h[?25l[A[1Gpulling manifest [K
pulling de20d2cf2dc4:  46% ▕████████          ▏  19 GB/ 42 GB  202 MB/s   1m53s[K[?25h[?2026l[?2026h[?25l[A[1Gpulling manifest [K
pulling de20d2cf2dc4:  46% ▕████████          ▏  19 GB/ 42 GB  202 MB/s   1m53s[K[?25h[?2026l[?2026h[?25l[A[1Gpulling manifest [K
pulling de20d2cf2dc4:  46% ▕████████          ▏  19 GB/ 42 GB  202 MB/s   1m53s[K[?25h[?2026l[?2026h[?25l[A[1Gpulling manifest [K
pulling de20d2cf2dc4:  46% ▕████████          ▏  19 GB/ 42 GB  202 MB/s   1m53s[K[?25h[?2026l[?2026h[?25l[A[1Gpulling manifest [K
pulling de20d2cf2dc4:  46% ▕████████          ▏  19 GB/ 42 GB  202 MB/s   1m53s[K[?25h[?2026l[?2026h[?25l[A[1Gpulling manifest [K
pulling de20d2cf2dc4:  46% ▕████████          ▏  19 GB/ 42 GB  202 MB/s   1m53s[K[?25h[?2026l[?2026h[?25l[A[1Gpulling manifest [K
pulling de20d2cf2dc4:  46% ▕████████          ▏  19 GB/ 42 GB  202 MB/s   1m53s[K[?25h[?2026l[?2026h[?25l[A[1Gpulling manifest [K
pulling de20d2cf2dc4:  46% ▕████████          ▏  19 GB/ 42 GB  202 MB/s   1m52s[K[?25h[?2026l[?2026h[?25l[A[1Gpulling manifest [K
pulling de20d2cf2dc4:  46% ▕████████          ▏  19 GB/ 42 GB  162 MB/s   2m20s[K[?25h[?2026l[?2026h[?25l[A[1Gpulling manifest [K
pulling de20d2cf2dc4:  46% ▕████████          ▏  19 GB/ 42 GB  162 MB/s   2m20s[K[?25h[?2026l[?2026h[?25l[A[1Gpulling manifest [K
pulling de20d2cf2dc4:  46% ▕████████          ▏  19 GB/ 42 GB  162 MB/s   2m20s[K[?25h[?2026l[?2026h[?25l[A[1Gpulling manifest [K
pulling de20d2cf2dc4:  46% ▕████████          ▏  19 GB/ 42 GB  162 MB/s   2m20s[K[?25h[?2026l[?2026h[?25l[A[1Gpulling manifest [K
pulling de20d2cf2dc4:  46% ▕████████          ▏  19 GB/ 42 GB  162 MB/s   2m19s[K[?25h[?2026l[?2026h[?25l[A[1Gpulling manifest [K
pulling de20d2cf2dc4:  46% ▕████████          ▏  19 GB/ 42 GB  162 MB/s   2m19s[K[?25h[?2026l[?2026h[?25l[A[1Gpulling manifest [K
pulling de20d2cf2dc4:  46% ▕████████          ▏  19 GB/ 42 GB  162 MB/s   2m19s[K[?25h[?2026l[?2026h[?25l[A[1Gpulling manifest [K
pulling de20d2cf2dc4:  47% ▕████████          ▏  19 GB/ 42 GB  162 MB/s   2m19s[K[?25h[?2026l[?2026h[?25l[A[1Gpulling manifest [K
pulling de20d2cf2dc4:  47% ▕████████          ▏  19 GB/ 42 GB  162 MB/s   2m19s[K[?25h[?2026l[?2026h[?25l[A[1Gpulling manifest [K
pulling de20d2cf2dc4:  47% ▕████████          ▏  19 GB/ 42 GB  162 MB/s   2m19s[K[?25h[?2026l[?2026h[?25l[A[1Gpulling manifest [K
pulling de20d2cf2dc4:  47% ▕████████          ▏  19 GB/ 42 GB  175 MB/s    2m9s[K[?25h[?2026l[?2026h[?25l[A[1Gpulling manifest [K
pulling de20d2cf2dc4:  47% ▕████████          ▏  19 GB/ 42 GB  175 MB/s    2m9s[K[?25h[?2026l[?2026h[?25l[A[1Gpulling manifest [K
pulling de20d2cf2dc4:  47% ▕████████          ▏  19 GB/ 42 GB  175 MB/s    2m9s[K[?25h[?2026l[?2026h[?25l[A[1Gpulling manifest [K
pulling de20d2cf2dc4:  47% ▕████████          ▏  19 GB/ 42 GB  175 MB/s    2m8s[K[?25h[?2026l[?2026h[?25l[A[1Gpulling manifest [K
pulling de20d2cf2dc4:  47% ▕████████          ▏  19 GB/ 42 GB  175 MB/s    2m8s[K[?25h[?2026l[?2026h[?25l[A[1Gpulling manifest [K
pulling de20d2cf2dc4:  47% ▕████████          ▏  19 GB/ 42 GB  175 MB/s    2m8s[K[?25h[?2026l[?2026h[?25l[A[1Gpulling manifest [K
pulling de20d2cf2dc4:  47% ▕████████          ▏  19 GB/ 42 GB  175 MB/s    2m8s[K[?25h[?2026l[?2026h[?25l[A[1Gpulling manifest [K
pulling de20d2cf2dc4:  47% ▕████████          ▏  19 GB/ 42 GB  175 MB/s    2m8s[K[?25h[?2026l[?2026h[?25l[A[1Gpulling manifest [K
pulling de20d2cf2dc4:  47% ▕████████          ▏  19 GB/ 42 GB  175 MB/s    2m8s[K[?25h[?2026l[?2026h[?25l[A[1Gpulling manifest [K
pulling de20d2cf2dc4:  47% ▕████████          ▏  19 GB/ 42 GB  175 MB/s    2m8s[K[?25h[?2026l[?2026h[?25l[A[1Gpulling manifest [K
pulling de20d2cf2dc4:  47% ▕████████          ▏  19 GB/ 42 GB  171 MB/s   2m11s[K[?25h[?2026l[?2026h[?25l[A[1Gpulling manifest [K
pulling de20d2cf2dc4:  47% ▕████████          ▏  20 GB/ 42 GB  171 MB/s   2m11s[K[?25h[?2026l[?2026h[?25l[A[1Gpulling manifest [K
pulling de20d2cf2dc4:  47% ▕████████          ▏  20 GB/ 42 GB  171 MB/s   2m11s[K[?25h[?2026l[?2026h[?25l[A[1Gpulling manifest [K
pulling de20d2cf2dc4:  47% ▕████████          ▏  20 GB/ 42 GB  171 MB/s   2m11s[K[?25h[?2026l[?2026h[?25l[A[1Gpulling manifest [K
pulling de20d2cf2dc4:  47% ▕████████          ▏  20 GB/ 42 GB  171 MB/s   2m10s[K[?25h[?2026l[?2026h[?25l[A[1Gpulling manifest [K
pulling de20d2cf2dc4:  47% ▕████████          ▏  20 GB/ 42 GB  171 MB/s   2m10s[K[?25h[?2026l[?2026h[?25l[A[1Gpulling manifest [K
pulling de20d2cf2dc4:  47% ▕████████          ▏  20 GB/ 42 GB  171 MB/s   2m10s[K[?25h[?2026l[?2026h[?25l[A[1Gpulling manifest [K
pulling de20d2cf2dc4:  47% ▕████████          ▏  20 GB/ 42 GB  171 MB/s   2m10s[K[?25h[?2026l[?2026h[?25l[A[1Gpulling manifest [K
pulling de20d2cf2dc4:  47% ▕████████          ▏  20 GB/ 42 GB  171 MB/s   2m10s[K[?25h[?2026l[?2026h[?25l[A[1Gpulling manifest [K
pulling de20d2cf2dc4:  47% ▕████████          ▏  20 GB/ 42 GB  171 MB/s   2m10s[K[?25h[?2026l[?2026h[?25l[A[1Gpulling manifest [K
pulling de20d2cf2dc4:  47% ▕████████          ▏  20 GB/ 42 GB  173 MB/s    2m8s[K[?25h[?2026l[?2026h[?25l[A[1Gpulling manifest [K
pulling de20d2cf2dc4:  47% ▕████████          ▏  20 GB/ 42 GB  173 MB/s    2m8s[K[?25h[?2026l[?2026h[?25l[A[1Gpulling manifest [K
pulling de20d2cf2dc4:  47% ▕████████          ▏  20 GB/ 42 GB  173 MB/s    2m8s[K[?25h[?2026l[?2026h[?25l[A[1Gpulling manifest [K
pulling de20d2cf2dc4:  47% ▕████████          ▏  20 GB/ 42 GB  173 MB/s    2m8s[K[?25h[?2026l[?2026h[?25l[A[1Gpulling manifest [K
pulling de20d2cf2dc4:  48% ▕████████          ▏  20 GB/ 42 GB  173 MB/s    2m8s[K[?25h[?2026l[?2026h[?25l[A[1Gpulling manifest [K
pulling de20d2cf2dc4:  48% ▕████████          ▏  20 GB/ 42 GB  173 MB/s    2m8s[K[?25h[?2026l[?2026h[?25l[A[1Gpulling manifest [K
pulling de20d2cf2dc4:  48% ▕████████          ▏  20 GB/ 42 GB  173 MB/s    2m8s[K[?25h[?2026l[?2026h[?25l[A[1Gpulling manifest [K
pulling de20d2cf2dc4:  48% ▕████████          ▏  20 GB/ 42 GB  173 MB/s    2m8s[K[?25h[?2026l[?2026h[?25l[A[1Gpulling manifest [K
pulling de20d2cf2dc4:  48% ▕████████          ▏  20 GB/ 42 GB  173 MB/s    2m8s[K[?25h[?2026l[?2026h[?25l[A[1Gpulling manifest [K
pulling de20d2cf2dc4:  48% ▕████████          ▏  20 GB/ 42 GB  173 MB/s    2m7s[K[?25h[?2026l[?2026h[?25l[A[1Gpulling manifest [K
pulling de20d2cf2dc4:  48% ▕████████          ▏  20 GB/ 42 GB  175 MB/s    2m6s[K[?25h[?2026l[?2026h[?25l[A[1Gpulling manifest [K
pulling de20d2cf2dc4:  48% ▕████████          ▏  20 GB/ 42 GB  175 MB/s    2m6s[K[?25h[?2026l[?2026h[?25l[A[1Gpulling manifest [K
pulling de20d2cf2dc4:  48% ▕████████          ▏  20 GB/ 42 GB  175 MB/s    2m6s[K[?25h[?2026l[?2026h[?25l[A[1Gpulling manifest [K
pulling de20d2cf2dc4:  48% ▕████████          ▏  20 GB/ 42 GB  175 MB/s    2m6s[K[?25h[?2026l[?2026h[?25l[A[1Gpulling manifest [K
pulling de20d2cf2dc4:  48% ▕████████          ▏  20 GB/ 42 GB  175 MB/s    2m6s[K[?25h[?2026l[?2026h[?25l[A[1Gpulling manifest [K
pulling de20d2cf2dc4:  48% ▕████████          ▏  20 GB/ 42 GB  175 MB/s    2m6s[K[?25h[?2026l[?2026h[?25l[A[1Gpulling manifest [K
pulling de20d2cf2dc4:  48% ▕████████          ▏  20 GB/ 42 GB  175 MB/s    2m6s[K[?25h[?2026l[?2026h[?25l[A[1Gpulling manifest [K
pulling de20d2cf2dc4:  48% ▕████████          ▏  20 GB/ 42 GB  175 MB/s    2m6s[K[?25h[?2026l[?2026h[?25l[A[1Gpulling manifest [K
pulling de20d2cf2dc4:  48% ▕████████          ▏  20 GB/ 42 GB  175 MB/s    2m5s[K[?25h[?2026l[?2026h[?25l[A[1Gpulling manifest [K
pulling de20d2cf2dc4:  48% ▕████████          ▏  20 GB/ 42 GB  175 MB/s    2m5s[K[?25h[?2026l[?2026h[?25l[A[1Gpulling manifest [K
pulling de20d2cf2dc4:  48% ▕████████          ▏  20 GB/ 42 GB  175 MB/s    2m5s[K[?25h[?2026l[?2026h[?25l[A[1Gpulling manifest [K
pulling de20d2cf2dc4:  48% ▕████████          ▏  20 GB/ 42 GB  173 MB/s    2m6s[K[?25h[?2026l[?2026h[?25l[A[1Gpulling manifest [K
pulling de20d2cf2dc4:  48% ▕████████          ▏  20 GB/ 42 GB  173 MB/s    2m6s[K[?25h[?2026l[?2026h[?25l[A[1Gpulling manifest [K
pulling de20d2cf2dc4:  48% ▕████████          ▏  20 GB/ 42 GB  173 MB/s    2m6s[K[?25h[?2026l[?2026h[?25l[A[1Gpulling manifest [K
pulling de20d2cf2dc4:  48% ▕████████          ▏  20 GB/ 42 GB  173 MB/s    2m6s[K[?25h[?2026l[?2026h[?25l[A[1Gpulling manifest [K
pulling de20d2cf2dc4:  48% ▕████████          ▏  20 GB/ 42 GB  173 MB/s    2m6s[K[?25h[?2026l[?2026h[?25l[A[1Gpulling manifest [K
pulling de20d2cf2dc4:  48% ▕████████          ▏  20 GB/ 42 GB  173 MB/s    2m6s[K[?25h[?2026l[?2026h[?25l[A[1Gpulling manifest [K
pulling de20d2cf2dc4:  48% ▕████████          ▏  20 GB/ 42 GB  173 MB/s    2m6s[K[?25h[?2026l[?2026h[?25l[A[1Gpulling manifest [K
pulling de20d2cf2dc4:  48% ▕████████          ▏  20 GB/ 42 GB  173 MB/s    2m6s[K[?25h[?2026l[?2026h[?25l[A[1Gpulling manifest [K
pulling de20d2cf2dc4:  49% ▕████████          ▏  20 GB/ 42 GB  173 MB/s    2m6s[K[?25h[?2026l[?2026h[?25l[A[1Gpulling manifest [K
pulling de20d2cf2dc4:  49% ▕████████          ▏  20 GB/ 42 GB  173 MB/s    2m5s[K[?25h[?2026l[?2026h[?25l[A[1Gpulling manifest [K
pulling de20d2cf2dc4:  49% ▕████████          ▏  20 GB/ 42 GB  173 MB/s    2m5s[K[?25h[?2026l[?2026h[?25l[A[1Gpulling manifest [K
pulling de20d2cf2dc4:  49% ▕████████          ▏  20 GB/ 42 GB  178 MB/s    2m2s[K[?25h[?2026l[?2026h[?25l[A[1Gpulling manifest [K
pulling de20d2cf2dc4:  49% ▕████████          ▏  20 GB/ 42 GB  178 MB/s    2m2s[K[?25h[?2026l[?2026h[?25l[A[1Gpulling manifest [K
pulling de20d2cf2dc4:  49% ▕████████          ▏  20 GB/ 42 GB  178 MB/s    2m2s[K[?25h[?2026l[?2026h[?25l[A[1Gpulling manifest [K
pulling de20d2cf2dc4:  49% ▕████████          ▏  20 GB/ 42 GB  178 MB/s    2m2s[K[?25h[?2026l[?2026h[?25l[A[1Gpulling manifest [K
pulling de20d2cf2dc4:  49% ▕████████          ▏  20 GB/ 42 GB  178 MB/s    2m2s[K[?25h[?2026l[?2026h[?25l[A[1Gpulling manifest [K
pulling de20d2cf2dc4:  49% ▕████████          ▏  20 GB/ 42 GB  178 MB/s    2m2s[K[?25h[?2026l[?2026h[?25l[A[1Gpulling manifest [K
pulling de20d2cf2dc4:  49% ▕████████          ▏  20 GB/ 42 GB  178 MB/s    2m2s[K[?25h[?2026l[?2026h[?25l[A[1Gpulling manifest [K
pulling de20d2cf2dc4:  49% ▕████████          ▏  20 GB/ 42 GB  178 MB/s    2m1s[K[?25h[?2026l[?2026h[?25l[A[1Gpulling manifest [K
pulling de20d2cf2dc4:  49% ▕████████          ▏  20 GB/ 42 GB  178 MB/s    2m1s[K[?25h[?2026l[?2026h[?25l[A[1Gpulling manifest [K
pulling de20d2cf2dc4:  49% ▕████████          ▏  20 GB/ 42 GB  178 MB/s    2m1s[K[?25h[?2026l[?2026h[?25l[A[1Gpulling manifest [K
pulling de20d2cf2dc4:  49% ▕████████          ▏  20 GB/ 42 GB  176 MB/s    2m2s[K[?25h[?2026l[?2026h[?25l[A[1Gpulling manifest [K
pulling de20d2cf2dc4:  49% ▕████████          ▏  20 GB/ 42 GB  176 MB/s    2m2s[K[?25h[?2026l[?2026h[?25l[A[1Gpulling manifest [K
pulling de20d2cf2dc4:  49% ▕████████          ▏  20 GB/ 42 GB  176 MB/s    2m2s[K[?25h[?2026l[?2026h[?25l[A[1Gpulling manifest [K
pulling de20d2cf2dc4:  49% ▕████████          ▏  20 GB/ 42 GB  176 MB/s    2m2s[K[?25h[?2026l[?2026h[?25l[A[1Gpulling manifest [K
pulling de20d2cf2dc4:  49% ▕████████          ▏  20 GB/ 42 GB  176 MB/s    2m2s[K[?25h[?2026l[?2026h[?25l[A[1Gpulling manifest [K
pulling de20d2cf2dc4:  49% ▕████████          ▏  20 GB/ 42 GB  176 MB/s    2m2s[K[?25h[?2026l[?2026h[?25l[A[1Gpulling manifest [K
pulling de20d2cf2dc4:  49% ▕████████          ▏  20 GB/ 42 GB  176 MB/s    2m2s[K[?25h[?2026l[?2026h[?25l[A[1Gpulling manifest [K
pulling de20d2cf2dc4:  49% ▕████████          ▏  20 GB/ 42 GB  176 MB/s    2m1s[K[?25h[?2026l[?2026h[?25l[A[1Gpulling manifest [K
pulling de20d2cf2dc4:  49% ▕████████          ▏  20 GB/ 42 GB  176 MB/s    2m1s[K[?25h[?2026l[?2026h[?25l[A[1Gpulling manifest [K
pulling de20d2cf2dc4:  49% ▕████████          ▏  20 GB/ 42 GB  176 MB/s    2m1s[K[?25h[?2026l[?2026h[?25l[A[1Gpulling manifest [K
pulling de20d2cf2dc4:  49% ▕████████          ▏  20 GB/ 42 GB  176 MB/s    2m1s[K[?25h[?2026l[?2026h[?25l[A[1Gpulling manifest [K
pulling de20d2cf2dc4:  49% ▕████████          ▏  21 GB/ 42 GB  174 MB/s    2m3s[K[?25h[?2026l[?2026h[?25l[A[1Gpulling manifest [K
pulling de20d2cf2dc4:  49% ▕████████          ▏  21 GB/ 42 GB  174 MB/s    2m2s[K[?25h[?2026l[?2026h[?25l[A[1Gpulling manifest [K
pulling de20d2cf2dc4:  50% ▕████████          ▏  21 GB/ 42 GB  174 MB/s    2m2s[K[?25h[?2026l[?2026h[?25l[A[1Gpulling manifest [K
pulling de20d2cf2dc4:  50% ▕████████          ▏  21 GB/ 42 GB  174 MB/s    2m2s[K[?25h[?2026l[?2026h[?25l[A[1Gpulling manifest [K
pulling de20d2cf2dc4:  50% ▕████████          ▏  21 GB/ 42 GB  174 MB/s    2m2s[K[?25h[?2026l[?2026h[?25l[A[1Gpulling manifest [K
pulling de20d2cf2dc4:  50% ▕████████          ▏  21 GB/ 42 GB  174 MB/s    2m2s[K[?25h[?2026l[?2026h[?25l[A[1Gpulling manifest [K
pulling de20d2cf2dc4:  50% ▕████████          ▏  21 GB/ 42 GB  174 MB/s    2m2s[K[?25h[?2026l[?2026h[?25l[A[1Gpulling manifest [K
pulling de20d2cf2dc4:  50% ▕████████          ▏  21 GB/ 42 GB  174 MB/s    2m2s[K[?25h[?2026l[?2026h[?25l[A[1Gpulling manifest [K
pulling de20d2cf2dc4:  50% ▕████████          ▏  21 GB/ 42 GB  174 MB/s    2m2s[K[?25h[?2026l[?2026h[?25l[A[1Gpulling manifest [K
pulling de20d2cf2dc4:  50% ▕████████          ▏  21 GB/ 42 GB  171 MB/s    2m4s[K[?25h[?2026l[?2026h[?25l[A[1Gpulling manifest [K
pulling de20d2cf2dc4:  50% ▕████████          ▏  21 GB/ 42 GB  171 MB/s    2m4s[K[?25h[?2026l[?2026h[?25l[A[1Gpulling manifest [K
pulling de20d2cf2dc4:  50% ▕████████          ▏  21 GB/ 42 GB  171 MB/s    2m4s[K[?25h[?2026l[?2026h[?25l[A[1Gpulling manifest [K
pulling de20d2cf2dc4:  50% ▕████████          ▏  21 GB/ 42 GB  171 MB/s    2m3s[K[?25h[?2026l[?2026h[?25l[A[1Gpulling manifest [K
pulling de20d2cf2dc4:  50% ▕████████          ▏  21 GB/ 42 GB  171 MB/s    2m3s[K[?25h[?2026l[?2026h[?25l[A[1Gpulling manifest [K
pulling de20d2cf2dc4:  50% ▕████████          ▏  21 GB/ 42 GB  171 MB/s    2m3s[K[?25h[?2026l[?2026h[?25l[A[1Gpulling manifest [K
pulling de20d2cf2dc4:  50% ▕████████          ▏  21 GB/ 42 GB  171 MB/s    2m3s[K[?25h[?2026l[?2026h[?25l[A[1Gpulling manifest [K
pulling de20d2cf2dc4:  50% ▕█████████         ▏  21 GB/ 42 GB  171 MB/s    2m3s[K[?25h[?2026l[?2026h[?25l[A[1Gpulling manifest [K
pulling de20d2cf2dc4:  50% ▕█████████         ▏  21 GB/ 42 GB  171 MB/s    2m3s[K[?25h[?2026l[?2026h[?25l[A[1Gpulling manifest [K
pulling de20d2cf2dc4:  50% ▕█████████         ▏  21 GB/ 42 GB  171 MB/s    2m3s[K[?25h[?2026l[?2026h[?25l[A[1Gpulling manifest [K
pulling de20d2cf2dc4:  50% ▕█████████         ▏  21 GB/ 42 GB  171 MB/s    2m3s[K[?25h[?2026l[?2026h[?25l[A[1Gpulling manifest [K
pulling de20d2cf2dc4:  50% ▕█████████         ▏  21 GB/ 42 GB  169 MB/s    2m5s[K[?25h[?2026l[?2026h[?25l[A[1Gpulling manifest [K
pulling de20d2cf2dc4:  50% ▕█████████         ▏  21 GB/ 42 GB  169 MB/s    2m5s[K[?25h[?2026l[?2026h[?25l[A[1Gpulling manifest [K
pulling de20d2cf2dc4:  50% ▕█████████         ▏  21 GB/ 42 GB  169 MB/s    2m4s[K[?25h[?2026l[?2026h[?25l[A[1Gpulling manifest [K
pulling de20d2cf2dc4:  50% ▕█████████         ▏  21 GB/ 42 GB  169 MB/s    2m4s[K[?25h[?2026l[?2026h[?25l[A[1Gpulling manifest [K
pulling de20d2cf2dc4:  50% ▕█████████         ▏  21 GB/ 42 GB  169 MB/s    2m4s[K[?25h[?2026l[?2026h[?25l[A[1Gpulling manifest [K
pulling de20d2cf2dc4:  50% ▕█████████         ▏  21 GB/ 42 GB  169 MB/s    2m4s[K[?25h[?2026l[?2026h[?25l[A[1Gpulling manifest [K
pulling de20d2cf2dc4:  50% ▕█████████         ▏  21 GB/ 42 GB  169 MB/s    2m4s[K[?25h[?2026l[?2026h[?25l[A[1Gpulling manifest [K
pulling de20d2cf2dc4:  50% ▕█████████         ▏  21 GB/ 42 GB  169 MB/s    2m4s[K[?25h[?2026l[?2026h[?25l[A[1Gpulling manifest [K
pulling de20d2cf2dc4:  51% ▕█████████         ▏  21 GB/ 42 GB  169 MB/s    2m4s[K[?25h[?2026l[?2026h[?25l[A[1Gpulling manifest [K
pulling de20d2cf2dc4:  51% ▕█████████         ▏  21 GB/ 42 GB  169 MB/s    2m4s[K[?25h[?2026l[?2026h[?25l[A[1Gpulling manifest [K
pulling de20d2cf2dc4:  51% ▕█████████         ▏  21 GB/ 42 GB  172 MB/s    2m1s[K[?25h[?2026l[?2026h[?25l[A[1Gpulling manifest [K
pulling de20d2cf2dc4:  51% ▕█████████         ▏  21 GB/ 42 GB  172 MB/s    2m1s[K[?25h[?2026l[?2026h[?25l[A[1Gpulling manifest [K
pulling de20d2cf2dc4:  51% ▕█████████         ▏  21 GB/ 42 GB  172 MB/s    2m1s[K[?25h[?2026l[?2026h[?25l[A[1Gpulling manifest [K
pulling de20d2cf2dc4:  51% ▕█████████         ▏  21 GB/ 42 GB  172 MB/s    2m1s[K[?25h[?2026l[?2026h[?25l[A[1Gpulling manifest [K
pulling de20d2cf2dc4:  51% ▕█████████         ▏  21 GB/ 42 GB  172 MB/s    2m1s[K[?25h[?2026l[?2026h[?25l[A[1Gpulling manifest [K
pulling de20d2cf2dc4:  51% ▕█████████         ▏  21 GB/ 42 GB  172 MB/s    2m1s[K[?25h[?2026l[?2026h[?25l[A[1Gpulling manifest [K
pulling de20d2cf2dc4:  51% ▕█████████         ▏  21 GB/ 42 GB  172 MB/s    2m1s[K[?25h[?2026l[?2026h[?25l[A[1Gpulling manifest [K
pulling de20d2cf2dc4:  51% ▕█████████         ▏  21 GB/ 42 GB  172 MB/s    2m1s[K[?25h[?2026l[?2026h[?25l[A[1Gpulling manifest [K
pulling de20d2cf2dc4:  51% ▕█████████         ▏  21 GB/ 42 GB  172 MB/s    2m1s[K[?25h[?2026l[?2026h[?25l[A[1Gpulling manifest [K
pulling de20d2cf2dc4:  51% ▕█████████         ▏  21 GB/ 42 GB  172 MB/s    2m1s[K[?25h[?2026l[?2026h[?25l[A[1Gpulling manifest [K
pulling de20d2cf2dc4:  51% ▕█████████         ▏  21 GB/ 42 GB  172 MB/s    2m0s[K[?25h[?2026l[?2026h[?25l[A[1Gpulling manifest [K
pulling de20d2cf2dc4:  51% ▕█████████         ▏  21 GB/ 42 GB  172 MB/s    2m0s[K[?25h[?2026l[?2026h[?25l[A[1Gpulling manifest [K
pulling de20d2cf2dc4:  51% ▕█████████         ▏  21 GB/ 42 GB  174 MB/s   1m59s[K[?25h[?2026l[?2026h[?25l[A[1Gpulling manifest [K
pulling de20d2cf2dc4:  51% ▕█████████         ▏  21 GB/ 42 GB  174 MB/s   1m59s[K[?25h[?2026l[?2026h[?25l[A[1Gpulling manifest [K
pulling de20d2cf2dc4:  51% ▕█████████         ▏  21 GB/ 42 GB  174 MB/s   1m59s[K[?25h[?2026l[?2026h[?25l[A[1Gpulling manifest [K
pulling de20d2cf2dc4:  51% ▕█████████         ▏  21 GB/ 42 GB  174 MB/s   1m59s[K[?25h[?2026l[?2026h[?25l[A[1Gpulling manifest [K
pulling de20d2cf2dc4:  51% ▕█████████         ▏  21 GB/ 42 GB  174 MB/s   1m59s[K[?25h[?2026l[?2026h[?25l[A[1Gpulling manifest [K
pulling de20d2cf2dc4:  51% ▕█████████         ▏  21 GB/ 42 GB  174 MB/s   1m59s[K[?25h[?2026l[?2026h[?25l[A[1Gpulling manifest [K
pulling de20d2cf2dc4:  51% ▕█████████         ▏  21 GB/ 42 GB  174 MB/s   1m58s[K[?25h[?2026l[?2026h[?25l[A[1Gpulling manifest [K
pulling de20d2cf2dc4:  51% ▕█████████         ▏  21 GB/ 42 GB  174 MB/s   1m58s[K[?25h[?2026l[?2026h[?25l[A[1Gpulling manifest [K
pulling de20d2cf2dc4:  51% ▕█████████         ▏  21 GB/ 42 GB  174 MB/s   1m58s[K[?25h[?2026l[?2026h[?25l[A[1Gpulling manifest [K
pulling de20d2cf2dc4:  51% ▕█████████         ▏  21 GB/ 42 GB  174 MB/s   1m58s[K[?25h[?2026l[?2026h[?25l[A[1Gpulling manifest [K
pulling de20d2cf2dc4:  51% ▕█████████         ▏  21 GB/ 42 GB  156 MB/s   2m11s[K[?25h[?2026l[?2026h[?25l[A[1Gpulling manifest [K
pulling de20d2cf2dc4:  51% ▕█████████         ▏  21 GB/ 42 GB  156 MB/s   2m11s[K[?25h[?2026l[?2026h[?25l[A[1Gpulling manifest [K
pulling de20d2cf2dc4:  52% ▕█████████         ▏  21 GB/ 42 GB  156 MB/s   2m11s[K[?25h[?2026l[?2026h[?25l[A[1Gpulling manifest [K
pulling de20d2cf2dc4:  52% ▕█████████         ▏  21 GB/ 42 GB  156 MB/s   2m11s[K[?25h[?2026l[?2026h[?25l[A[1Gpulling manifest [K
pulling de20d2cf2dc4:  52% ▕█████████         ▏  21 GB/ 42 GB  156 MB/s   2m11s[K[?25h[?2026l[?2026h[?25l[A[1Gpulling manifest [K
pulling de20d2cf2dc4:  52% ▕█████████         ▏  21 GB/ 42 GB  156 MB/s   2m11s[K[?25h[?2026l[?2026h[?25l[A[1Gpulling manifest [K
pulling de20d2cf2dc4:  52% ▕█████████         ▏  21 GB/ 42 GB  156 MB/s   2m11s[K[?25h[?2026l[?2026h[?25l[A[1Gpulling manifest [K
pulling de20d2cf2dc4:  52% ▕█████████         ▏  21 GB/ 42 GB  156 MB/s   2m11s[K[?25h[?2026l[?2026h[?25l[A[1Gpulling manifest [K
pulling de20d2cf2dc4:  52% ▕█████████         ▏  21 GB/ 42 GB  156 MB/s   2m11s[K[?25h[?2026l[?2026h[?25l[A[1Gpulling manifest [K
pulling de20d2cf2dc4:  52% ▕█████████         ▏  22 GB/ 42 GB  156 MB/s   2m10s[K[?25h[?2026l[?2026h[?25l[A[1Gpulling manifest [K
pulling de20d2cf2dc4:  52% ▕█████████         ▏  22 GB/ 42 GB  156 MB/s   2m10s[K[?25h[?2026l[?2026h[?25l[A[1Gpulling manifest [K
pulling de20d2cf2dc4:  52% ▕█████████         ▏  22 GB/ 42 GB  156 MB/s   2m10s[K[?25h[?2026l[?2026h[?25l[A[1Gpulling manifest [K
pulling de20d2cf2dc4:  52% ▕█████████         ▏  22 GB/ 42 GB  156 MB/s   2m10s[K[?25h[?2026l[?2026h[?25l[A[1Gpulling manifest [K
pulling de20d2cf2dc4:  52% ▕█████████         ▏  22 GB/ 42 GB  156 MB/s   2m10s[K[?25h[?2026l[?2026h[?25l[A[1Gpulling manifest [K
pulling de20d2cf2dc4:  52% ▕█████████         ▏  22 GB/ 42 GB  156 MB/s   2m10s[K[?25h[?2026l[?2026h[?25l[A[1Gpulling manifest [K
pulling de20d2cf2dc4:  52% ▕█████████         ▏  22 GB/ 42 GB  156 MB/s    2m9s[K[?25h[?2026l[?2026h[?25l[A[1Gpulling manifest [K
pulling de20d2cf2dc4:  52% ▕█████████         ▏  22 GB/ 42 GB  156 MB/s    2m9s[K[?25h[?2026l[?2026h[?25l[A[1Gpulling manifest [K
pulling de20d2cf2dc4:  52% ▕█████████         ▏  22 GB/ 42 GB  156 MB/s    2m9s[K[?25h[?2026l[?2026h[?25l[A[1Gpulling manifest [K
pulling de20d2cf2dc4:  52% ▕█████████         ▏  22 GB/ 42 GB  156 MB/s    2m9s[K[?25h[?2026l[?2026h[?25l[A[1Gpulling manifest [K
pulling de20d2cf2dc4:  52% ▕█████████         ▏  22 GB/ 42 GB  156 MB/s    2m9s[K[?25h[?2026l[?2026h[?25l[A[1Gpulling manifest [K
pulling de20d2cf2dc4:  52% ▕█████████         ▏  22 GB/ 42 GB  156 MB/s    2m9s[K[?25h[?2026l[?2026h[?25l[A[1Gpulling manifest [K
pulling de20d2cf2dc4:  52% ▕█████████         ▏  22 GB/ 42 GB  173 MB/s   1m57s[K[?25h[?2026l[?2026h[?25l[A[1Gpulling manifest [K
pulling de20d2cf2dc4:  52% ▕█████████         ▏  22 GB/ 42 GB  173 MB/s   1m56s[K[?25h[?2026l[?2026h[?25l[A[1Gpulling manifest [K
pulling de20d2cf2dc4:  53% ▕█████████         ▏  22 GB/ 42 GB  173 MB/s   1m56s[K[?25h[?2026l[?2026h[?25l[A[1Gpulling manifest [K
pulling de20d2cf2dc4:  53% ▕█████████         ▏  22 GB/ 42 GB  173 MB/s   1m55s[K[?25h[?2026l[?2026h[?25l[A[1Gpulling manifest [K
pulling de20d2cf2dc4:  53% ▕█████████         ▏  22 GB/ 42 GB  173 MB/s   1m55s[K[?25h[?2026l[?2026h[?25l[A[1Gpulling manifest [K
pulling de20d2cf2dc4:  53% ▕█████████         ▏  22 GB/ 42 GB  173 MB/s   1m54s[K[?25h[?2026l[?2026h[?25l[A[1Gpulling manifest [K
pulling de20d2cf2dc4:  54% ▕█████████         ▏  22 GB/ 42 GB  173 MB/s   1m53s[K[?25h[?2026l[?2026h[?25l[A[1Gpulling manifest [K
pulling de20d2cf2dc4:  54% ▕█████████         ▏  22 GB/ 42 GB  173 MB/s   1m53s[K[?25h[?2026l[?2026h[?25l[A[1Gpulling manifest [K
pulling de20d2cf2dc4:  54% ▕█████████         ▏  23 GB/ 42 GB  173 MB/s   1m52s[K[?25h[?2026l[?2026h[?25l[A[1Gpulling manifest [K
pulling de20d2cf2dc4:  54% ▕█████████         ▏  23 GB/ 42 GB  173 MB/s   1m51s[K[?25h[?2026l[?2026h[?25l[A[1Gpulling manifest [K
pulling de20d2cf2dc4:  54% ▕█████████         ▏  23 GB/ 42 GB  173 MB/s   1m51s[K[?25h[?2026l[?2026h[?25l[A[1Gpulling manifest [K
pulling de20d2cf2dc4:  55% ▕█████████         ▏  23 GB/ 42 GB  262 MB/s   1m13s[K[?25h[?2026l[?2026h[?25l[A[1Gpulling manifest [K
pulling de20d2cf2dc4:  55% ▕█████████         ▏  23 GB/ 42 GB  262 MB/s   1m12s[K[?25h[?2026l[?2026h[?25l[A[1Gpulling manifest [K
pulling de20d2cf2dc4:  55% ▕█████████         ▏  23 GB/ 42 GB  262 MB/s   1m12s[K[?25h[?2026l[?2026h[?25l[A[1Gpulling manifest [K
pulling de20d2cf2dc4:  55% ▕█████████         ▏  23 GB/ 42 GB  262 MB/s   1m12s[K[?25h[?2026l[?2026h[?25l[A[1Gpulling manifest [K
pulling de20d2cf2dc4:  56% ▕██████████        ▏  23 GB/ 42 GB  262 MB/s   1m11s[K[?25h[?2026l[?2026h[?25l[A[1Gpulling manifest [K
pulling de20d2cf2dc4:  56% ▕██████████        ▏  23 GB/ 42 GB  262 MB/s   1m11s[K[?25h[?2026l[?2026h[?25l[A[1Gpulling manifest [K
pulling de20d2cf2dc4:  56% ▕██████████        ▏  23 GB/ 42 GB  262 MB/s   1m11s[K[?25h[?2026l[?2026h[?25l[A[1Gpulling manifest [K
pulling de20d2cf2dc4:  56% ▕██████████        ▏  23 GB/ 42 GB  262 MB/s   1m10s[K[?25h[?2026l[?2026h[?25l[A[1Gpulling manifest [K
pulling de20d2cf2dc4:  56% ▕██████████        ▏  23 GB/ 42 GB  262 MB/s   1m10s[K[?25h[?2026l[?2026h[?25l[A[1Gpulling manifest [K
pulling de20d2cf2dc4:  57% ▕██████████        ▏  24 GB/ 42 GB  262 MB/s   1m10s[K[?25h[?2026l[?2026h[?25l[A[1Gpulling manifest [K
pulling de20d2cf2dc4:  57% ▕██████████        ▏  24 GB/ 42 GB  346 MB/s     52s[K[?25h[?2026l[?2026h[?25l[A[1Gpulling manifest [K
pulling de20d2cf2dc4:  57% ▕██████████        ▏  24 GB/ 42 GB  346 MB/s     52s[K[?25h[?2026l[?2026h[?25l[A[1Gpulling manifest [K
pulling de20d2cf2dc4:  57% ▕██████████        ▏  24 GB/ 42 GB  346 MB/s     52s[K[?25h[?2026l[?2026h[?25l[A[1Gpulling manifest [K
pulling de20d2cf2dc4:  57% ▕██████████        ▏  24 GB/ 42 GB  346 MB/s     52s[K[?25h[?2026l[?2026h[?25l[A[1Gpulling manifest [K
pulling de20d2cf2dc4:  58% ▕██████████        ▏  24 GB/ 42 GB  346 MB/s     52s[K[?25h[?2026l[?2026h[?25l[A[1Gpulling manifest [K
pulling de20d2cf2dc4:  58% ▕██████████        ▏  24 GB/ 42 GB  346 MB/s     51s[K[?25h[?2026l[?2026h[?25l[A[1Gpulling manifest [K
pulling de20d2cf2dc4:  58% ▕██████████        ▏  24 GB/ 42 GB  346 MB/s     51s[K[?25h[?2026l[?2026h[?25l[A[1Gpulling manifest [K
pulling de20d2cf2dc4:  58% ▕██████████        ▏  24 GB/ 42 GB  346 MB/s     51s[K[?25h[?2026l[?2026h[?25l[A[1Gpulling manifest [K
pulling de20d2cf2dc4:  59% ▕██████████        ▏  24 GB/ 42 GB  346 MB/s     50s[K[?25h[?2026l[?2026h[?25l[A[1Gpulling manifest [K
pulling de20d2cf2dc4:  59% ▕██████████        ▏  25 GB/ 42 GB  346 MB/s     50s[K[?25h[?2026l[?2026h[?25l[A[1Gpulling manifest [K
pulling de20d2cf2dc4:  59% ▕██████████        ▏  25 GB/ 42 GB  432 MB/s     40s[K[?25h[?2026l[?2026h[?25l[A[1Gpulling manifest [K
pulling de20d2cf2dc4:  59% ▕██████████        ▏  25 GB/ 42 GB  432 MB/s     40s[K[?25h[?2026l[?2026h[?25l[A[1Gpulling manifest [K
pulling de20d2cf2dc4:  59% ▕██████████        ▏  25 GB/ 42 GB  432 MB/s     39s[K[?25h[?2026l[?2026h[?25l[A[1Gpulling manifest [K
pulling de20d2cf2dc4:  60% ▕██████████        ▏  25 GB/ 42 GB  432 MB/s     39s[K[?25h[?2026l[?2026h[?25l[A[1Gpulling manifest [K
pulling de20d2cf2dc4:  60% ▕██████████        ▏  25 GB/ 42 GB  432 MB/s     39s[K[?25h[?2026l[?2026h[?25l[A[1Gpulling manifest [K
pulling de20d2cf2dc4:  60% ▕██████████        ▏  25 GB/ 42 GB  432 MB/s     39s[K[?25h[?2026l[?2026h[?25l[A[1Gpulling manifest [K
pulling de20d2cf2dc4:  60% ▕██████████        ▏  25 GB/ 42 GB  432 MB/s     39s[K[?25h[?2026l[?2026h[?25l[A[1Gpulling manifest [K
pulling de20d2cf2dc4:  61% ▕██████████        ▏  25 GB/ 42 GB  432 MB/s     38s[K[?25h[?2026l[?2026h[?25l[A[1Gpulling manifest [K
pulling de20d2cf2dc4:  61% ▕██████████        ▏  25 GB/ 42 GB  432 MB/s     38s[K[?25h[?2026l[?2026h[?25l[A[1Gpulling manifest [K
pulling de20d2cf2dc4:  61% ▕██████████        ▏  25 GB/ 42 GB  432 MB/s     38s[K[?25h[?2026l[?2026h[?25l[A[1Gpulling manifest [K
pulling de20d2cf2dc4:  61% ▕███████████       ▏  26 GB/ 42 GB  520 MB/s     31s[K[?25h[?2026l[?2026h[?25l[A[1Gpulling manifest [K
pulling de20d2cf2dc4:  61% ▕███████████       ▏  26 GB/ 42 GB  520 MB/s     31s[K[?25h[?2026l[?2026h[?25l[A[1Gpulling manifest [K
pulling de20d2cf2dc4:  62% ▕███████████       ▏  26 GB/ 42 GB  520 MB/s     31s[K[?25h[?2026l[?2026h[?25l[A[1Gpulling manifest [K
pulling de20d2cf2dc4:  62% ▕███████████       ▏  26 GB/ 42 GB  520 MB/s     31s[K[?25h[?2026l[?2026h[?25l[A[1Gpulling manifest [K
pulling de20d2cf2dc4:  62% ▕███████████       ▏  26 GB/ 42 GB  520 MB/s     30s[K[?25h[?2026l[?2026h[?25l[A[1Gpulling manifest [K
pulling de20d2cf2dc4:  62% ▕███████████       ▏  26 GB/ 42 GB  520 MB/s     30s[K[?25h[?2026l[?2026h[?25l[A[1Gpulling manifest [K
pulling de20d2cf2dc4:  63% ▕███████████       ▏  26 GB/ 42 GB  520 MB/s     30s[K[?25h[?2026l[?2026h[?25l[A[1Gpulling manifest [K
pulling de20d2cf2dc4:  63% ▕███████████       ▏  26 GB/ 42 GB  520 MB/s     30s[K[?25h[?2026l[?2026h[?25l[A[1Gpulling manifest [K
pulling de20d2cf2dc4:  63% ▕███████████       ▏  26 GB/ 42 GB  520 MB/s     30s[K[?25h[?2026l[?2026h[?25l[A[1Gpulling manifest [K
pulling de20d2cf2dc4:  63% ▕███████████       ▏  26 GB/ 42 GB  520 MB/s     30s[K[?25h[?2026l[?2026h[?25l[A[1Gpulling manifest [K
pulling de20d2cf2dc4:  63% ▕███████████       ▏  26 GB/ 42 GB  601 MB/s     25s[K[?25h[?2026l[?2026h[?25l[A[1Gpulling manifest [K
pulling de20d2cf2dc4:  63% ▕███████████       ▏  26 GB/ 42 GB  601 MB/s     25s[K[?25h[?2026l[?2026h[?25l[A[1Gpulling manifest [K
pulling de20d2cf2dc4:  64% ▕███████████       ▏  27 GB/ 42 GB  601 MB/s     25s[K[?25h[?2026l[?2026h[?25l[A[1Gpulling manifest [K
pulling de20d2cf2dc4:  64% ▕███████████       ▏  27 GB/ 42 GB  601 MB/s     25s[K[?25h[?2026l[?2026h[?25l[A[1Gpulling manifest [K
pulling de20d2cf2dc4:  64% ▕███████████       ▏  27 GB/ 42 GB  601 MB/s     25s[K[?25h[?2026l[?2026h[?25l[A[1Gpulling manifest [K
pulling de20d2cf2dc4:  64% ▕███████████       ▏  27 GB/ 42 GB  601 MB/s     25s[K[?25h[?2026l[?2026h[?25l[A[1Gpulling manifest [K
pulling de20d2cf2dc4:  65% ▕███████████       ▏  27 GB/ 42 GB  601 MB/s     24s[K[?25h[?2026l[?2026h[?25l[A[1Gpulling manifest [K
pulling de20d2cf2dc4:  65% ▕███████████       ▏  27 GB/ 42 GB  601 MB/s     24s[K[?25h[?2026l[?2026h[?25l[A[1Gpulling manifest [K
pulling de20d2cf2dc4:  65% ▕███████████       ▏  27 GB/ 42 GB  601 MB/s     24s[K[?25h[?2026l[?2026h[?25l[A[1Gpulling manifest [K
pulling de20d2cf2dc4:  65% ▕███████████       ▏  27 GB/ 42 GB  601 MB/s     24s[K[?25h[?2026l[?2026h[?25l[A[1Gpulling manifest [K
pulling de20d2cf2dc4:  66% ▕███████████       ▏  27 GB/ 42 GB  601 MB/s     24s[K[?25h[?2026l[?2026h[?25l[A[1Gpulling manifest [K
pulling de20d2cf2dc4:  66% ▕███████████       ▏  28 GB/ 42 GB  694 MB/s     20s[K[?25h[?2026l[?2026h[?25l[A[1Gpulling manifest [K
pulling de20d2cf2dc4:  66% ▕███████████       ▏  28 GB/ 42 GB  694 MB/s     20s[K[?25h[?2026l[?2026h[?25l[A[1Gpulling manifest [K
pulling de20d2cf2dc4:  66% ▕███████████       ▏  28 GB/ 42 GB  694 MB/s     20s[K[?25h[?2026l[?2026h[?25l[A[1Gpulling manifest [K
pulling de20d2cf2dc4:  67% ▕███████████       ▏  28 GB/ 42 GB  694 MB/s     20s[K[?25h[?2026l[?2026h[?25l[A[1Gpulling manifest [K
pulling de20d2cf2dc4:  67% ▕████████████      ▏  28 GB/ 42 GB  694 MB/s     20s[K[?25h[?2026l[?2026h[?25l[A[1Gpulling manifest [K
pulling de20d2cf2dc4:  67% ▕████████████      ▏  28 GB/ 42 GB  694 MB/s     20s[K[?25h[?2026l[?2026h[?25l[A[1Gpulling manifest [K
pulling de20d2cf2dc4:  67% ▕████████████      ▏  28 GB/ 42 GB  694 MB/s     20s[K[?25h[?2026l[?2026h[?25l[A[1Gpulling manifest [K
pulling de20d2cf2dc4:  67% ▕████████████      ▏  28 GB/ 42 GB  694 MB/s     19s[K[?25h[?2026l[?2026h[?25l[A[1Gpulling manifest [K
pulling de20d2cf2dc4:  68% ▕████████████      ▏  28 GB/ 42 GB  694 MB/s     19s[K[?25h[?2026l[?2026h[?25l[A[1Gpulling manifest [K
pulling de20d2cf2dc4:  68% ▕████████████      ▏  28 GB/ 42 GB  694 MB/s     19s[K[?25h[?2026l[?2026h[?25l[A[1Gpulling manifest [K
pulling de20d2cf2dc4:  68% ▕████████████      ▏  28 GB/ 42 GB  776 MB/s     17s[K[?25h[?2026l[?2026h[?25l[A[1Gpulling manifest [K
pulling de20d2cf2dc4:  68% ▕████████████      ▏  28 GB/ 42 GB  776 MB/s     17s[K[?25h[?2026l[?2026h[?25l[A[1Gpulling manifest [K
pulling de20d2cf2dc4:  68% ▕████████████      ▏  29 GB/ 42 GB  776 MB/s     17s[K[?25h[?2026l[?2026h[?25l[A[1Gpulling manifest [K
pulling de20d2cf2dc4:  69% ▕████████████      ▏  29 GB/ 42 GB  776 MB/s     17s[K[?25h[?2026l[?2026h[?25l[A[1Gpulling manifest [K
pulling de20d2cf2dc4:  69% ▕████████████      ▏  29 GB/ 42 GB  776 MB/s     17s[K[?25h[?2026l[?2026h[?25l[A[1Gpulling manifest [K
pulling de20d2cf2dc4:  69% ▕████████████      ▏  29 GB/ 42 GB  776 MB/s     16s[K[?25h[?2026l[?2026h[?25l[A[1Gpulling manifest [K
pulling de20d2cf2dc4:  69% ▕████████████      ▏  29 GB/ 42 GB  776 MB/s     16s[K[?25h[?2026l[?2026h[?25l[A[1Gpulling manifest [K
pulling de20d2cf2dc4:  69% ▕████████████      ▏  29 GB/ 42 GB  776 MB/s     16s[K[?25h[?2026l[?2026h[?25l[A[1Gpulling manifest [K
pulling de20d2cf2dc4:  70% ▕████████████      ▏  29 GB/ 42 GB  776 MB/s     16s[K[?25h[?2026l[?2026h[?25l[A[1Gpulling manifest [K
pulling de20d2cf2dc4:  70% ▕████████████      ▏  29 GB/ 42 GB  776 MB/s     16s[K[?25h[?2026l[?2026h[?25l[A[1Gpulling manifest [K
pulling de20d2cf2dc4:  70% ▕████████████      ▏  29 GB/ 42 GB  854 MB/s     14s[K[?25h[?2026l[?2026h[?25l[A[1Gpulling manifest [K
pulling de20d2cf2dc4:  70% ▕████████████      ▏  29 GB/ 42 GB  854 MB/s     14s[K[?25h[?2026l[?2026h[?25l[A[1Gpulling manifest [K
pulling de20d2cf2dc4:  70% ▕████████████      ▏  29 GB/ 42 GB  854 MB/s     14s[K[?25h[?2026l[?2026h[?25l[A[1Gpulling manifest [K
pulling de20d2cf2dc4:  71% ▕████████████      ▏  30 GB/ 42 GB  854 MB/s     14s[K[?25h[?2026l[?2026h[?25l[A[1Gpulling manifest [K
pulling de20d2cf2dc4:  71% ▕████████████      ▏  30 GB/ 42 GB  854 MB/s     14s[K[?25h[?2026l[?2026h[?25l[A[1Gpulling manifest [K
pulling de20d2cf2dc4:  71% ▕████████████      ▏  30 GB/ 42 GB  854 MB/s     14s[K[?25h[?2026l[?2026h[?25l[A[1Gpulling manifest [K
pulling de20d2cf2dc4:  71% ▕████████████      ▏  30 GB/ 42 GB  854 MB/s     14s[K[?25h[?2026l[?2026h[?25l[A[1Gpulling manifest [K
pulling de20d2cf2dc4:  71% ▕████████████      ▏  30 GB/ 42 GB  854 MB/s     14s[K[?25h[?2026l[?2026h[?25l[A[1Gpulling manifest [K
pulling de20d2cf2dc4:  72% ▕████████████      ▏  30 GB/ 42 GB  854 MB/s     14s[K[?25h[?2026l[?2026h[?25l[A[1Gpulling manifest [K
pulling de20d2cf2dc4:  72% ▕████████████      ▏  30 GB/ 42 GB  854 MB/s     14s[K[?25h[?2026l[?2026h[?25l[A[1Gpulling manifest [K
pulling de20d2cf2dc4:  72% ▕████████████      ▏  30 GB/ 42 GB  936 MB/s     12s[K[?25h[?2026l[?2026h[?25l[A[1Gpulling manifest [K
pulling de20d2cf2dc4:  72% ▕█████████████     ▏  30 GB/ 42 GB  936 MB/s     12s[K[?25h[?2026l[?2026h[?25l[A[1Gpulling manifest [K
pulling de20d2cf2dc4:  72% ▕█████████████     ▏  30 GB/ 42 GB  936 MB/s     12s[K[?25h[?2026l[?2026h[?25l[A[1Gpulling manifest [K
pulling de20d2cf2dc4:  73% ▕█████████████     ▏  30 GB/ 42 GB  936 MB/s     12s[K[?25h[?2026l[?2026h[?25l[A[1Gpulling manifest [K
pulling de20d2cf2dc4:  73% ▕█████████████     ▏  31 GB/ 42 GB  936 MB/s     12s[K[?25h[?2026l[?2026h[?25l[A[1Gpulling manifest [K
pulling de20d2cf2dc4:  73% ▕█████████████     ▏  31 GB/ 42 GB  936 MB/s     12s[K[?25h[?2026l[?2026h[?25l[A[1Gpulling manifest [K
pulling de20d2cf2dc4:  73% ▕█████████████     ▏  31 GB/ 42 GB  936 MB/s     12s[K[?25h[?2026l[?2026h[?25l[A[1Gpulling manifest [K
pulling de20d2cf2dc4:  74% ▕█████████████     ▏  31 GB/ 42 GB  936 MB/s     11s[K[?25h[?2026l[?2026h[?25l[A[1Gpulling manifest [K
pulling de20d2cf2dc4:  74% ▕█████████████     ▏  31 GB/ 42 GB  936 MB/s     11s[K[?25h[?2026l[?2026h[?25l[A[1Gpulling manifest [K
pulling de20d2cf2dc4:  74% ▕█████████████     ▏  31 GB/ 42 GB  936 MB/s     11s[K[?25h[?2026l[?2026h[?25l[A[1Gpulling manifest [K
pulling de20d2cf2dc4:  74% ▕█████████████     ▏  31 GB/ 42 GB  926 MB/s     11s[K[?25h[?2026l[?2026h[?25l[A[1Gpulling manifest [K
pulling de20d2cf2dc4:  74% ▕█████████████     ▏  31 GB/ 42 GB  926 MB/s     11s[K[?25h[?2026l[?2026h[?25l[A[1Gpulling manifest [K
pulling de20d2cf2dc4:  75% ▕█████████████     ▏  31 GB/ 42 GB  926 MB/s     11s[K[?25h[?2026l[?2026h[?25l[A[1Gpulling manifest [K
pulling de20d2cf2dc4:  75% ▕█████████████     ▏  31 GB/ 42 GB  926 MB/s     11s[K[?25h[?2026l[?2026h[?25l[A[1Gpulling manifest [K
pulling de20d2cf2dc4:  75% ▕█████████████     ▏  31 GB/ 42 GB  926 MB/s     11s[K[?25h[?2026l[?2026h[?25l[A[1Gpulling manifest [K
pulling de20d2cf2dc4:  75% ▕█████████████     ▏  31 GB/ 42 GB  926 MB/s     11s[K[?25h[?2026l[?2026h[?25l[A[1Gpulling manifest [K
pulling de20d2cf2dc4:  75% ▕█████████████     ▏  32 GB/ 42 GB  926 MB/s     11s[K[?25h[?2026l[?2026h[?25l[A[1Gpulling manifest [K
pulling de20d2cf2dc4:  75% ▕█████████████     ▏  32 GB/ 42 GB  926 MB/s     11s[K[?25h[?2026l[?2026h[?25l[A[1Gpulling manifest [K
pulling de20d2cf2dc4:  76% ▕█████████████     ▏  32 GB/ 42 GB  926 MB/s     11s[K[?25h[?2026l[?2026h[?25l[A[1Gpulling manifest [K
pulling de20d2cf2dc4:  76% ▕█████████████     ▏  32 GB/ 42 GB  926 MB/s     11s[K[?25h[?2026l[?2026h[?25l[A[1Gpulling manifest [K
pulling de20d2cf2dc4:  76% ▕█████████████     ▏  32 GB/ 42 GB  926 MB/s     11s[K[?25h[?2026l[?2026h[?25l[A[1Gpulling manifest [K
pulling de20d2cf2dc4:  76% ▕█████████████     ▏  32 GB/ 42 GB  913 MB/s     11s[K[?25h[?2026l[?2026h[?25l[A[1Gpulling manifest [K
pulling de20d2cf2dc4:  76% ▕█████████████     ▏  32 GB/ 42 GB  913 MB/s     10s[K[?25h[?2026l[?2026h[?25l[A[1Gpulling manifest [K
pulling de20d2cf2dc4:  76% ▕█████████████     ▏  32 GB/ 42 GB  913 MB/s     10s[K[?25h[?2026l[?2026h[?25l[A[1Gpulling manifest [K
pulling de20d2cf2dc4:  77% ▕█████████████     ▏  32 GB/ 42 GB  913 MB/s     10s[K[?25h[?2026l[?2026h[?25l[A[1Gpulling manifest [K
pulling de20d2cf2dc4:  77% ▕█████████████     ▏  32 GB/ 42 GB  913 MB/s     10s[K[?25h[?2026l[?2026h[?25l[A[1Gpulling manifest [K
pulling de20d2cf2dc4:  77% ▕█████████████     ▏  32 GB/ 42 GB  913 MB/s     10s[K[?25h[?2026l[?2026h[?25l[A[1Gpulling manifest [K
pulling de20d2cf2dc4:  77% ▕█████████████     ▏  32 GB/ 42 GB  913 MB/s     10s[K[?25h[?2026l[?2026h[?25l[A[1Gpulling manifest [K
pulling de20d2cf2dc4:  78% ▕█████████████     ▏  33 GB/ 42 GB  913 MB/s     10s[K[?25h[?2026l[?2026h[?25l[A[1Gpulling manifest [K
pulling de20d2cf2dc4:  78% ▕█████████████     ▏  33 GB/ 42 GB  913 MB/s     10s[K[?25h[?2026l[?2026h[?25l[A[1Gpulling manifest [K
pulling de20d2cf2dc4:  78% ▕██████████████    ▏  33 GB/ 42 GB  913 MB/s     10s[K[?25h[?2026l[?2026h[?25l[A[1Gpulling manifest [K
pulling de20d2cf2dc4:  78% ▕██████████████    ▏  33 GB/ 42 GB  910 MB/s     10s[K[?25h[?2026l[?2026h[?25l[A[1Gpulling manifest [K
pulling de20d2cf2dc4:  79% ▕██████████████    ▏  33 GB/ 42 GB  910 MB/s     10s[K[?25h[?2026l[?2026h[?25l[A[1Gpulling manifest [K
pulling de20d2cf2dc4:  79% ▕██████████████    ▏  33 GB/ 42 GB  910 MB/s      9s[K[?25h[?2026l[?2026h[?25l[A[1Gpulling manifest [K
pulling de20d2cf2dc4:  79% ▕██████████████    ▏  33 GB/ 42 GB  910 MB/s      9s[K[?25h[?2026l[?2026h[?25l[A[1Gpulling manifest [K
pulling de20d2cf2dc4:  79% ▕██████████████    ▏  33 GB/ 42 GB  910 MB/s      9s[K[?25h[?2026l[?2026h[?25l[A[1Gpulling manifest [K
pulling de20d2cf2dc4:  79% ▕██████████████    ▏  33 GB/ 42 GB  910 MB/s      9s[K[?25h[?2026l[?2026h[?25l[A[1Gpulling manifest [K
pulling de20d2cf2dc4:  80% ▕██████████████    ▏  33 GB/ 42 GB  910 MB/s      9s[K[?25h[?2026l[?2026h[?25l[A[1Gpulling manifest [K
pulling de20d2cf2dc4:  80% ▕██████████████    ▏  33 GB/ 42 GB  910 MB/s      9s[K[?25h[?2026l[?2026h[?25l[A[1Gpulling manifest [K
pulling de20d2cf2dc4:  80% ▕██████████████    ▏  34 GB/ 42 GB  910 MB/s      9s[K[?25h[?2026l[?2026h[?25l[A[1Gpulling manifest [K
pulling de20d2cf2dc4:  80% ▕██████████████    ▏  34 GB/ 42 GB  910 MB/s      9s[K[?25h[?2026l[?2026h[?25l[A[1Gpulling manifest [K
pulling de20d2cf2dc4:  80% ▕██████████████    ▏  34 GB/ 42 GB  909 MB/s      9s[K[?25h[?2026l[?2026h[?25l[A[1Gpulling manifest [K
pulling de20d2cf2dc4:  81% ▕██████████████    ▏  34 GB/ 42 GB  909 MB/s      9s[K[?25h[?2026l[?2026h[?25l[A[1Gpulling manifest [K
pulling de20d2cf2dc4:  81% ▕██████████████    ▏  34 GB/ 42 GB  909 MB/s      8s[K[?25h[?2026l[?2026h[?25l[A[1Gpulling manifest [K
pulling de20d2cf2dc4:  81% ▕██████████████    ▏  34 GB/ 42 GB  909 MB/s      8s[K[?25h[?2026l[?2026h[?25l[A[1Gpulling manifest [K
pulling de20d2cf2dc4:  81% ▕██████████████    ▏  34 GB/ 42 GB  909 MB/s      8s[K[?25h[?2026l[?2026h[?25l[A[1Gpulling manifest [K
pulling de20d2cf2dc4:  82% ▕██████████████    ▏  34 GB/ 42 GB  909 MB/s      8s[K[?25h[?2026l[?2026h[?25l[A[1Gpulling manifest [K
pulling de20d2cf2dc4:  82% ▕██████████████    ▏  34 GB/ 42 GB  909 MB/s      8s[K[?25h[?2026l[?2026h[?25l[A[1Gpulling manifest [K
pulling de20d2cf2dc4:  82% ▕██████████████    ▏  34 GB/ 42 GB  909 MB/s      8s[K[?25h[?2026l[?2026h[?25l[A[1Gpulling manifest [K
pulling de20d2cf2dc4:  82% ▕██████████████    ▏  34 GB/ 42 GB  909 MB/s      8s[K[?25h[?2026l[?2026h[?25l[A[1Gpulling manifest [K
pulling de20d2cf2dc4:  82% ▕██████████████    ▏  35 GB/ 42 GB  909 MB/s      8s[K[?25h[?2026l[?2026h[?25l[A[1Gpulling manifest [K
pulling de20d2cf2dc4:  83% ▕██████████████    ▏  35 GB/ 42 GB  907 MB/s      8s[K[?25h[?2026l[?2026h[?25l[A[1Gpulling manifest [K
pulling de20d2cf2dc4:  83% ▕██████████████    ▏  35 GB/ 42 GB  907 MB/s      8s[K[?25h[?2026l[?2026h[?25l[A[1Gpulling manifest [K
pulling de20d2cf2dc4:  83% ▕██████████████    ▏  35 GB/ 42 GB  907 MB/s      7s[K[?25h[?2026l[?2026h[?25l[A[1Gpulling manifest [K
pulling de20d2cf2dc4:  83% ▕██████████████    ▏  35 GB/ 42 GB  907 MB/s      7s[K[?25h[?2026l[?2026h[?25l[A[1Gpulling manifest [K
pulling de20d2cf2dc4:  84% ▕███████████████   ▏  35 GB/ 42 GB  907 MB/s      7s[K[?25h[?2026l[?2026h[?25l[A[1Gpulling manifest [K
pulling de20d2cf2dc4:  84% ▕███████████████   ▏  35 GB/ 42 GB  907 MB/s      7s[K[?25h[?2026l[?2026h[?25l[A[1Gpulling manifest [K
pulling de20d2cf2dc4:  84% ▕███████████████   ▏  35 GB/ 42 GB  907 MB/s      7s[K[?25h[?2026l[?2026h[?25l[A[1Gpulling manifest [K
pulling de20d2cf2dc4:  84% ▕███████████████   ▏  35 GB/ 42 GB  907 MB/s      7s[K[?25h[?2026l[?2026h[?25l[A[1Gpulling manifest [K
pulling de20d2cf2dc4:  84% ▕███████████████   ▏  35 GB/ 42 GB  907 MB/s      7s[K[?25h[?2026l[?2026h[?25l[A[1Gpulling manifest [K
pulling de20d2cf2dc4:  85% ▕███████████████   ▏  35 GB/ 42 GB  907 MB/s      7s[K[?25h[?2026l[?2026h[?25l[A[1Gpulling manifest [K
pulling de20d2cf2dc4:  85% ▕███████████████   ▏  36 GB/ 42 GB  897 MB/s      7s[K[?25h[?2026l[?2026h[?25l[A[1Gpulling manifest [K
pulling de20d2cf2dc4:  85% ▕███████████████   ▏  36 GB/ 42 GB  897 MB/s      7s[K[?25h[?2026l[?2026h[?25l[A[1Gpulling manifest [K
pulling de20d2cf2dc4:  85% ▕███████████████   ▏  36 GB/ 42 GB  897 MB/s      7s[K[?25h[?2026l[?2026h[?25l[A[1Gpulling manifest [K
pulling de20d2cf2dc4:  85% ▕███████████████   ▏  36 GB/ 42 GB  897 MB/s      6s[K[?25h[?2026l[?2026h[?25l[A[1Gpulling manifest [K
pulling de20d2cf2dc4:  85% ▕███████████████   ▏  36 GB/ 42 GB  897 MB/s      6s[K[?25h[?2026l[?2026h[?25l[A[1Gpulling manifest [K
pulling de20d2cf2dc4:  86% ▕███████████████   ▏  36 GB/ 42 GB  897 MB/s      6s[K[?25h[?2026l[?2026h[?25l[A[1Gpulling manifest [K
pulling de20d2cf2dc4:  86% ▕███████████████   ▏  36 GB/ 42 GB  897 MB/s      6s[K[?25h[?2026l[?2026h[?25l[A[1Gpulling manifest [K
pulling de20d2cf2dc4:  86% ▕███████████████   ▏  36 GB/ 42 GB  897 MB/s      6s[K[?25h[?2026l[?2026h[?25l[A[1Gpulling manifest [K
pulling de20d2cf2dc4:  86% ▕███████████████   ▏  36 GB/ 42 GB  897 MB/s      6s[K[?25h[?2026l[?2026h[?25l[A[1Gpulling manifest [K
pulling de20d2cf2dc4:  86% ▕███████████████   ▏  36 GB/ 42 GB  897 MB/s      6s[K[?25h[?2026l[?2026h[?25l[A[1Gpulling manifest [K
pulling de20d2cf2dc4:  86% ▕███████████████   ▏  36 GB/ 42 GB  897 MB/s      6s[K[?25h[?2026l[?2026h[?25l[A[1Gpulling manifest [K
pulling de20d2cf2dc4:  86% ▕███████████████   ▏  36 GB/ 42 GB  855 MB/s      6s[K[?25h[?2026l[?2026h[?25l[A[1Gpulling manifest [K
pulling de20d2cf2dc4:  86% ▕███████████████   ▏  36 GB/ 42 GB  855 MB/s      6s[K[?25h[?2026l[?2026h[?25l[A[1Gpulling manifest [K
pulling de20d2cf2dc4:  86% ▕███████████████   ▏  36 GB/ 42 GB  855 MB/s      6s[K[?25h[?2026l[?2026h[?25l[A[1Gpulling manifest [K
pulling de20d2cf2dc4:  86% ▕███████████████   ▏  36 GB/ 42 GB  855 MB/s      6s[K[?25h[?2026l[?2026h[?25l[A[1Gpulling manifest [K
pulling de20d2cf2dc4:  86% ▕███████████████   ▏  36 GB/ 42 GB  855 MB/s      6s[K[?25h[?2026l[?2026h[?25l[A[1Gpulling manifest [K
pulling de20d2cf2dc4:  86% ▕███████████████   ▏  36 GB/ 42 GB  855 MB/s      6s[K[?25h[?2026l[?2026h[?25l[A[1Gpulling manifest [K
pulling de20d2cf2dc4:  86% ▕███████████████   ▏  36 GB/ 42 GB  855 MB/s      6s[K[?25h[?2026l[?2026h[?25l[A[1Gpulling manifest [K
pulling de20d2cf2dc4:  86% ▕███████████████   ▏  36 GB/ 42 GB  855 MB/s      6s[K[?25h[?2026l[?2026h[?25l[A[1Gpulling manifest [K
pulling de20d2cf2dc4:  86% ▕███████████████   ▏  36 GB/ 42 GB  855 MB/s      6s[K[?25h[?2026l[?2026h[?25l[A[1Gpulling manifest [K
pulling de20d2cf2dc4:  86% ▕███████████████   ▏  36 GB/ 42 GB  855 MB/s      6s[K[?25h[?2026l[?2026h[?25l[A[1Gpulling manifest [K
pulling de20d2cf2dc4:  86% ▕███████████████   ▏  36 GB/ 42 GB  763 MB/s      7s[K[?25h[?2026l[?2026h[?25l[A[1Gpulling manifest [K
pulling de20d2cf2dc4:  86% ▕███████████████   ▏  36 GB/ 42 GB  763 MB/s      7s[K[?25h[?2026l[?2026h[?25l[A[1Gpulling manifest [K
pulling de20d2cf2dc4:  86% ▕███████████████   ▏  36 GB/ 42 GB  763 MB/s      7s[K[?25h[?2026l[?2026h[?25l[A[1Gpulling manifest [K
pulling de20d2cf2dc4:  86% ▕███████████████   ▏  36 GB/ 42 GB  763 MB/s      7s[K[?25h[?2026l[?2026h[?25l[A[1Gpulling manifest [K
pulling de20d2cf2dc4:  86% ▕███████████████   ▏  36 GB/ 42 GB  763 MB/s      7s[K[?25h[?2026l[?2026h[?25l[A[1Gpulling manifest [K
pulling de20d2cf2dc4:  86% ▕███████████████   ▏  36 GB/ 42 GB  763 MB/s      7s[K[?25h[?2026l[?2026h[?25l[A[1Gpulling manifest [K
pulling de20d2cf2dc4:  86% ▕███████████████   ▏  36 GB/ 42 GB  763 MB/s      7s[K[?25h[?2026l[?2026h[?25l[A[1Gpulling manifest [K
pulling de20d2cf2dc4:  86% ▕███████████████   ▏  36 GB/ 42 GB  763 MB/s      7s[K[?25h[?2026l[?2026h[?25l[A[1Gpulling manifest [K
pulling de20d2cf2dc4:  86% ▕███████████████   ▏  36 GB/ 42 GB  763 MB/s      7s[K[?25h[?2026l[?2026h[?25l[A[1Gpulling manifest [K
pulling de20d2cf2dc4:  86% ▕███████████████   ▏  36 GB/ 42 GB  763 MB/s      7s[K[?25h[?2026l[?2026h[?25l[A[1Gpulling manifest [K
pulling de20d2cf2dc4:  86% ▕███████████████   ▏  36 GB/ 42 GB  666 MB/s      8s[K[?25h[?2026l[?2026h[?25l[A[1Gpulling manifest [K
pulling de20d2cf2dc4:  86% ▕███████████████   ▏  36 GB/ 42 GB  666 MB/s      8s[K[?25h[?2026l[?2026h[?25l[A[1Gpulling manifest [K
pulling de20d2cf2dc4:  86% ▕███████████████   ▏  36 GB/ 42 GB  666 MB/s      8s[K[?25h[?2026l[?2026h[?25l[A[1Gpulling manifest [K
pulling de20d2cf2dc4:  86% ▕███████████████   ▏  36 GB/ 42 GB  666 MB/s      8s[K[?25h[?2026l[?2026h[?25l[A[1Gpulling manifest [K
pulling de20d2cf2dc4:  86% ▕███████████████   ▏  36 GB/ 42 GB  666 MB/s      8s[K[?25h[?2026l[?2026h[?25l[A[1Gpulling manifest [K
pulling de20d2cf2dc4:  86% ▕███████████████   ▏  36 GB/ 42 GB  666 MB/s      8s[K[?25h[?2026l[?2026h[?25l[A[1Gpulling manifest [K
pulling de20d2cf2dc4:  86% ▕███████████████   ▏  36 GB/ 42 GB  666 MB/s      8s[K[?25h[?2026l[?2026h[?25l[A[1Gpulling manifest [K
pulling de20d2cf2dc4:  86% ▕███████████████   ▏  36 GB/ 42 GB  666 MB/s      8s[K[?25h[?2026l[?2026h[?25l[A[1Gpulling manifest [K
pulling de20d2cf2dc4:  86% ▕███████████████   ▏  36 GB/ 42 GB  666 MB/s      8s[K[?25h[?2026l[?2026h[?25l[A[1Gpulling manifest [K
pulling de20d2cf2dc4:  86% ▕███████████████   ▏  36 GB/ 42 GB  666 MB/s      8s[K[?25h[?2026l[?2026h[?25l[A[1Gpulling manifest [K
pulling de20d2cf2dc4:  87% ▕███████████████   ▏  36 GB/ 42 GB  588 MB/s      9s[K[?25h[?2026l[?2026h[?25l[A[1Gpulling manifest [K
pulling de20d2cf2dc4:  87% ▕███████████████   ▏  36 GB/ 42 GB  588 MB/s      9s[K[?25h[?2026l[?2026h[?25l[A[1Gpulling manifest [K
pulling de20d2cf2dc4:  87% ▕███████████████   ▏  37 GB/ 42 GB  588 MB/s      9s[K[?25h[?2026l[?2026h[?25l[A[1Gpulling manifest [K
pulling de20d2cf2dc4:  87% ▕███████████████   ▏  37 GB/ 42 GB  588 MB/s      9s[K[?25h[?2026l[?2026h[?25l[A[1Gpulling manifest [K
pulling de20d2cf2dc4:  88% ▕███████████████   ▏  37 GB/ 42 GB  588 MB/s      8s[K[?25h[?2026l[?2026h[?25l[A[1Gpulling manifest [K
pulling de20d2cf2dc4:  88% ▕███████████████   ▏  37 GB/ 42 GB  588 MB/s      8s[K[?25h[?2026l[?2026h[?25l[A[1Gpulling manifest [K
pulling de20d2cf2dc4:  88% ▕███████████████   ▏  37 GB/ 42 GB  588 MB/s      8s[K[?25h[?2026l[?2026h[?25l[A[1Gpulling manifest [K
pulling de20d2cf2dc4:  88% ▕███████████████   ▏  37 GB/ 42 GB  588 MB/s      8s[K[?25h[?2026l[?2026h[?25l[A[1Gpulling manifest [K
pulling de20d2cf2dc4:  88% ▕███████████████   ▏  37 GB/ 42 GB  588 MB/s      8s[K[?25h[?2026l[?2026h[?25l[A[1Gpulling manifest [K
pulling de20d2cf2dc4:  89% ▕███████████████   ▏  37 GB/ 42 GB  588 MB/s      8s[K[?25h[?2026l[?2026h[?25l[A[1Gpulling manifest [K
pulling de20d2cf2dc4:  89% ▕███████████████   ▏  37 GB/ 42 GB  600 MB/s      7s[K[?25h[?2026l[?2026h[?25l[A[1Gpulling manifest [K
pulling de20d2cf2dc4:  89% ▕████████████████  ▏  37 GB/ 42 GB  600 MB/s      7s[K[?25h[?2026l[?2026h[?25l[A[1Gpulling manifest [K
pulling de20d2cf2dc4:  89% ▕████████████████  ▏  37 GB/ 42 GB  600 MB/s      7s[K[?25h[?2026l[?2026h[?25l[A[1Gpulling manifest [K
pulling de20d2cf2dc4:  89% ▕████████████████  ▏  37 GB/ 42 GB  600 MB/s      7s[K[?25h[?2026l[?2026h[?25l[A[1Gpulling manifest [K
pulling de20d2cf2dc4:  90% ▕████████████████  ▏  38 GB/ 42 GB  600 MB/s      7s[K[?25h[?2026l[?2026h[?25l[A[1Gpulling manifest [K
pulling de20d2cf2dc4:  90% ▕████████████████  ▏  38 GB/ 42 GB  600 MB/s      7s[K[?25h[?2026l[?2026h[?25l[A[1Gpulling manifest [K
pulling de20d2cf2dc4:  90% ▕████████████████  ▏  38 GB/ 42 GB  600 MB/s      7s[K[?25h[?2026l[?2026h[?25l[A[1Gpulling manifest [K
pulling de20d2cf2dc4:  90% ▕████████████████  ▏  38 GB/ 42 GB  600 MB/s      7s[K[?25h[?2026l[?2026h[?25l[A[1Gpulling manifest [K
pulling de20d2cf2dc4:  90% ▕████████████████  ▏  38 GB/ 42 GB  600 MB/s      6s[K[?25h[?2026l[?2026h[?25l[A[1Gpulling manifest [K
pulling de20d2cf2dc4:  90% ▕████████████████  ▏  38 GB/ 42 GB  600 MB/s      6s[K[?25h[?2026l[?2026h[?25l[A[1Gpulling manifest [K
pulling de20d2cf2dc4:  91% ▕████████████████  ▏  38 GB/ 42 GB  600 MB/s      6s[K[?25h[?2026l[?2026h[?25l[A[1Gpulling manifest [K
pulling de20d2cf2dc4:  91% ▕████████████████  ▏  38 GB/ 42 GB  590 MB/s      6s[K[?25h[?2026l[?2026h[?25l[A[1Gpulling manifest [K
pulling de20d2cf2dc4:  91% ▕████████████████  ▏  38 GB/ 42 GB  590 MB/s      6s[K[?25h[?2026l[?2026h[?25l[A[1Gpulling manifest [K
pulling de20d2cf2dc4:  91% ▕████████████████  ▏  38 GB/ 42 GB  590 MB/s      6s[K[?25h[?2026l[?2026h[?25l[A[1Gpulling manifest [K
pulling de20d2cf2dc4:  91% ▕████████████████  ▏  38 GB/ 42 GB  590 MB/s      6s[K[?25h[?2026l[?2026h[?25l[A[1Gpulling manifest [K
pulling de20d2cf2dc4:  92% ▕████████████████  ▏  38 GB/ 42 GB  590 MB/s      5s[K[?25h[?2026l[?2026h[?25l[A[1Gpulling manifest [K
pulling de20d2cf2dc4:  92% ▕████████████████  ▏  39 GB/ 42 GB  590 MB/s      5s[K[?25h[?2026l[?2026h[?25l[A[1Gpulling manifest [K
pulling de20d2cf2dc4:  92% ▕████████████████  ▏  39 GB/ 42 GB  590 MB/s      5s[K[?25h[?2026l[?2026h[?25l[A[1Gpulling manifest [K
pulling de20d2cf2dc4:  92% ▕████████████████  ▏  39 GB/ 42 GB  590 MB/s      5s[K[?25h[?2026l[?2026h[?25l[A[1Gpulling manifest [K
pulling de20d2cf2dc4:  92% ▕████████████████  ▏  39 GB/ 42 GB  590 MB/s      5s[K[?25h[?2026l[?2026h[?25l[A[1Gpulling manifest [K
pulling de20d2cf2dc4:  93% ▕████████████████  ▏  39 GB/ 42 GB  590 MB/s      5s[K[?25h[?2026l[?2026h[?25l[A[1Gpulling manifest [K
pulling de20d2cf2dc4:  93% ▕████████████████  ▏  39 GB/ 42 GB  576 MB/s      5s[K[?25h[?2026l[?2026h[?25l[A[1Gpulling manifest [K
pulling de20d2cf2dc4:  93% ▕████████████████  ▏  39 GB/ 42 GB  576 MB/s      5s[K[?25h[?2026l[?2026h[?25l[A[1Gpulling manifest [K
pulling de20d2cf2dc4:  93% ▕████████████████  ▏  39 GB/ 42 GB  576 MB/s      5s[K[?25h[?2026l[?2026h[?25l[A[1Gpulling manifest [K
pulling de20d2cf2dc4:  93% ▕████████████████  ▏  39 GB/ 42 GB  576 MB/s      4s[K[?25h[?2026l[?2026h[?25l[A[1Gpulling manifest [K
pulling de20d2cf2dc4:  93% ▕████████████████  ▏  39 GB/ 42 GB  576 MB/s      4s[K[?25h[?2026l[?2026h[?25l[A[1Gpulling manifest [K
pulling de20d2cf2dc4:  94% ▕████████████████  ▏  39 GB/ 42 GB  576 MB/s      4s[K[?25h[?2026l[?2026h[?25l[A[1Gpulling manifest [K
pulling de20d2cf2dc4:  94% ▕████████████████  ▏  39 GB/ 42 GB  576 MB/s      4s[K[?25h[?2026l[?2026h[?25l[A[1Gpulling manifest [K
pulling de20d2cf2dc4:  94% ▕████████████████  ▏  39 GB/ 42 GB  576 MB/s      4s[K[?25h[?2026l[?2026h[?25l[A[1Gpulling manifest [K
pulling de20d2cf2dc4:  94% ▕████████████████  ▏  40 GB/ 42 GB  576 MB/s      4s[K[?25h[?2026l[?2026h[?25l[A[1Gpulling manifest [K
pulling de20d2cf2dc4:  94% ▕████████████████  ▏  40 GB/ 42 GB  576 MB/s      4s[K[?25h[?2026l[?2026h[?25l[A[1Gpulling manifest [K
pulling de20d2cf2dc4:  94% ▕████████████████  ▏  40 GB/ 42 GB  558 MB/s      4s[K[?25h[?2026l[?2026h[?25l[A[1Gpulling manifest [K
pulling de20d2cf2dc4:  95% ▕█████████████████ ▏  40 GB/ 42 GB  558 MB/s      4s[K[?25h[?2026l[?2026h[?25l[A[1Gpulling manifest [K
pulling de20d2cf2dc4:  95% ▕█████████████████ ▏  40 GB/ 42 GB  558 MB/s      3s[K[?25h[?2026l[?2026h[?25l[A[1Gpulling manifest [K
pulling de20d2cf2dc4:  95% ▕█████████████████ ▏  40 GB/ 42 GB  558 MB/s      3s[K[?25h[?2026l[?2026h[?25l[A[1Gpulling manifest [K
pulling de20d2cf2dc4:  95% ▕█████████████████ ▏  40 GB/ 42 GB  558 MB/s      3s[K[?25h[?2026l[?2026h[?25l[A[1Gpulling manifest [K
pulling de20d2cf2dc4:  96% ▕█████████████████ ▏  40 GB/ 42 GB  558 MB/s      3s[K[?25h[?2026l[?2026h[?25l[A[1Gpulling manifest [K
pulling de20d2cf2dc4:  96% ▕█████████████████ ▏  40 GB/ 42 GB  558 MB/s      3s[K[?25h[?2026l[?2026h[?25l[A[1Gpulling manifest [K
pulling de20d2cf2dc4:  96% ▕█████████████████ ▏  40 GB/ 42 GB  558 MB/s      3s[K[?25h[?2026l[?2026h[?25l[A[1Gpulling manifest [K
pulling de20d2cf2dc4:  96% ▕█████████████████ ▏  40 GB/ 42 GB  558 MB/s      2s[K[?25h[?2026l[?2026h[?25l[A[1Gpulling manifest [K
pulling de20d2cf2dc4:  96% ▕█████████████████ ▏  40 GB/ 42 GB  558 MB/s      2s[K[?25h[?2026l[?2026h[?25l[A[1Gpulling manifest [K
pulling de20d2cf2dc4:  96% ▕█████████████████ ▏  40 GB/ 42 GB  551 MB/s      2s[K[?25h[?2026l[?2026h[?25l[A[1Gpulling manifest [K
pulling de20d2cf2dc4:  97% ▕█████████████████ ▏  41 GB/ 42 GB  551 MB/s      2s[K[?25h[?2026l[?2026h[?25l[A[1Gpulling manifest [K
pulling de20d2cf2dc4:  97% ▕█████████████████ ▏  41 GB/ 42 GB  551 MB/s      2s[K[?25h[?2026l[?2026h[?25l[A[1Gpulling manifest [K
pulling de20d2cf2dc4:  97% ▕█████████████████ ▏  41 GB/ 42 GB  551 MB/s      2s[K[?25h[?2026l[?2026h[?25l[A[1Gpulling manifest [K
pulling de20d2cf2dc4:  97% ▕█████████████████ ▏  41 GB/ 42 GB  551 MB/s      2s[K[?25h[?2026l[?2026h[?25l[A[1Gpulling manifest [K
pulling de20d2cf2dc4:  97% ▕█████████████████ ▏  41 GB/ 42 GB  551 MB/s      2s[K[?25h[?2026l[?2026h[?25l[A[1Gpulling manifest [K
pulling de20d2cf2dc4:  98% ▕█████████████████ ▏  41 GB/ 42 GB  551 MB/s      1s[K[?25h[?2026l[?2026h[?25l[A[1Gpulling manifest [K
pulling de20d2cf2dc4:  98% ▕█████████████████ ▏  41 GB/ 42 GB  551 MB/s      1s[K[?25h[?2026l[?2026h[?25l[A[1Gpulling manifest [K
pulling de20d2cf2dc4:  98% ▕█████████████████ ▏  41 GB/ 42 GB  551 MB/s      1s[K[?25h[?2026l[?2026h[?25l[A[1Gpulling manifest [K
pulling de20d2cf2dc4:  98% ▕█████████████████ ▏  41 GB/ 42 GB  551 MB/s      1s[K[?25h[?2026l[?2026h[?25l[A[1Gpulling manifest [K
pulling de20d2cf2dc4:  98% ▕█████████████████ ▏  41 GB/ 42 GB  566 MB/s      1s[K[?25h[?2026l[?2026h[?25l[A[1Gpulling manifest [K
pulling de20d2cf2dc4:  98% ▕█████████████████ ▏  41 GB/ 42 GB  566 MB/s      1s[K[?25h[?2026l[?2026h[?25l[A[1Gpulling manifest [K
pulling de20d2cf2dc4:  98% ▕█████████████████ ▏  41 GB/ 42 GB  566 MB/s      1s[K[?25h[?2026l[?2026h[?25l[A[1Gpulling manifest [K
pulling de20d2cf2dc4:  98% ▕█████████████████ ▏  41 GB/ 42 GB  566 MB/s      1s[K[?25h[?2026l[?2026h[?25l[A[1Gpulling manifest [K
pulling de20d2cf2dc4:  98% ▕█████████████████ ▏  41 GB/ 42 GB  566 MB/s      1s[K[?25h[?2026l[?2026h[?25l[A[1Gpulling manifest [K
pulling de20d2cf2dc4:  98% ▕█████████████████ ▏  41 GB/ 42 GB  566 MB/s      1s[K[?25h[?2026l[?2026h[?25l[A[1Gpulling manifest [K
pulling de20d2cf2dc4:  99% ▕█████████████████ ▏  41 GB/ 42 GB  566 MB/s      1s[K[?25h[?2026l[?2026h[?25l[A[1Gpulling manifest [K
pulling de20d2cf2dc4:  99% ▕█████████████████ ▏  41 GB/ 42 GB  566 MB/s      1s[K[?25h[?2026l[?2026h[?25l[A[1Gpulling manifest [K
pulling de20d2cf2dc4:  99% ▕█████████████████ ▏  41 GB/ 42 GB  566 MB/s      0s[K[?25h[?2026l[?2026h[?25l[A[1Gpulling manifest [K
pulling de20d2cf2dc4:  99% ▕█████████████████ ▏  42 GB/ 42 GB  566 MB/s      0s[K[?25h[?2026l[?2026h[?25l[A[1Gpulling manifest [K
pulling de20d2cf2dc4:  99% ▕█████████████████ ▏  42 GB/ 42 GB  566 MB/s      0s[K[?25h[?2026l[?2026h[?25l[A[1Gpulling manifest [K
pulling de20d2cf2dc4:  99% ▕█████████████████ ▏  42 GB/ 42 GB  607 MB/s      0s[K[?25h[?2026l[?2026h[?25l[A[1Gpulling manifest [K
pulling de20d2cf2dc4:  99% ▕█████████████████ ▏  42 GB/ 42 GB  607 MB/s      0s[K[?25h[?2026l[?2026h[?25l[A[1Gpulling manifest [K
pulling de20d2cf2dc4:  99% ▕█████████████████ ▏  42 GB/ 42 GB  607 MB/s      0s[K[?25h[?2026l[?2026h[?25l[A[1Gpulling manifest [K
pulling de20d2cf2dc4:  99% ▕█████████████████ ▏  42 GB/ 42 GB  607 MB/s      0s[K[?25h[?2026l[?2026h[?25l[A[1Gpulling manifest [K
pulling de20d2cf2dc4:  99% ▕█████████████████ ▏  42 GB/ 42 GB  607 MB/s      0s[K[?25h[?2026l[?2026h[?25l[A[1Gpulling manifest [K
pulling de20d2cf2dc4:  99% ▕█████████████████ ▏  42 GB/ 42 GB  607 MB/s      0s[K[?25h[?2026l[?2026h[?25l[A[1Gpulling manifest [K
pulling de20d2cf2dc4: 100% ▕█████████████████ ▏  42 GB/ 42 GB  607 MB/s      0s[K[?25h[?2026l[?2026h[?25l[A[1Gpulling manifest [K
pulling de20d2cf2dc4: 100% ▕█████████████████ ▏  42 GB/ 42 GB  607 MB/s      0s[K[?25h[?2026l[?2026h[?25l[A[1Gpulling manifest [K
pulling de20d2cf2dc4: 100% ▕█████████████████ ▏  42 GB/ 42 GB  607 MB/s      0s[K[?25h[?2026l[?2026h[?25l[A[1Gpulling manifest [K
pulling de20d2cf2dc4: 100% ▕█████████████████ ▏  42 GB/ 42 GB  607 MB/s      0s[K[?25h[?2026l[?2026h[?25l[A[1Gpulling manifest [K
pulling de20d2cf2dc4: 100% ▕█████████████████ ▏  42 GB/ 42 GB  641 MB/s      0s[K[?25h[?2026l[?2026h[?25l[A[1Gpulling manifest [K
pulling de20d2cf2dc4: 100% ▕█████████████████ ▏  42 GB/ 42 GB  641 MB/s      0s[K[?25h[?2026l[?2026h[?25l[A[1Gpulling manifest [K
pulling de20d2cf2dc4: 100% ▕█████████████████ ▏  42 GB/ 42 GB  641 MB/s      0s[K[?25h[?2026l[?2026h[?25l[A[1Gpulling manifest [K
pulling de20d2cf2dc4: 100% ▕█████████████████ ▏  42 GB/ 42 GB  641 MB/s      0s[K[?25h[?2026l[?2026h[?25l[A[1Gpulling manifest [K
pulling de20d2cf2dc4: 100% ▕█████████████████ ▏  42 GB/ 42 GB  641 MB/s      0s[K[?25h[?2026l[?2026h[?25l[A[1Gpulling manifest [K
pulling de20d2cf2dc4: 100% ▕█████████████████ ▏  42 GB/ 42 GB  641 MB/s      0s[K[?25h[?2026l[?2026h[?25l[A[1Gpulling manifest [K
pulling de20d2cf2dc4: 100% ▕█████████████████ ▏  42 GB/ 42 GB  641 MB/s      0s[K[?25h[?2026l[?2026h[?25l[A[1Gpulling manifest [K
pulling de20d2cf2dc4: 100% ▕█████████████████ ▏  42 GB/ 42 GB  641 MB/s      0s[K
pulling 948af2743fc7: 100% ▕██████████████████▏ 1.5 KB                         [K
pulling 0ba8f0e314b4: 100% ▕██████████████████▏  12 KB                         [K
pulling 56bb8bd477a5: 100% ▕██████████████████▏   96 B                         [K[?25h[?2026l[?2026h[?25l[A[A[A[A[1Gpulling manifest [K
pulling de20d2cf2dc4: 100% ▕█████████████████ ▏  42 GB/ 42 GB  641 MB/s      0s[K
pulling 948af2743fc7: 100% ▕██████████████████▏ 1.5 KB                         [K
pulling 0ba8f0e314b4: 100% ▕██████████████████▏  12 KB                         [K
pulling 56bb8bd477a5: 100% ▕██████████████████▏   96 B                         [K[?25h[?2026l[?2026h[?25l[A[A[A[A[1Gpulling manifest [K
pulling de20d2cf2dc4: 100% ▕█████████████████ ▏  42 GB/ 42 GB  641 MB/s      0s[K
pulling 948af2743fc7: 100% ▕██████████████████▏ 1.5 KB                         [K
pulling 0ba8f0e314b4: 100% ▕██████████████████▏  12 KB                         [K
pulling 56bb8bd477a5: 100% ▕██████████████████▏   96 B                         [K[?25h[?2026l[?2026h[?25l[A[A[A[A[1Gpulling manifest [K
pulling de20d2cf2dc4: 100% ▕█████████████████ ▏  42 GB/ 42 GB  641 MB/s      0s[K
pulling 948af2743fc7: 100% ▕██████████████████▏ 1.5 KB                         [K
pulling 0ba8f0e314b4: 100% ▕██████████████████▏  12 KB                         [K
pulling 56bb8bd477a5: 100% ▕██████████████████▏   96 B                         [K
verifying sha256 digest ⠋ [K[?25h[?2026l[?2026h[?25l[A[A[A[A[A[1Gpulling manifest [K
pulling de20d2cf2dc4: 100% ▕█████████████████ ▏  42 GB/ 42 GB  641 MB/s      0s[K
pulling 948af2743fc7: 100% ▕██████████████████▏ 1.5 KB                         [K
pulling 0ba8f0e314b4: 100% ▕██████████████████▏  12 KB                         [K
pulling 56bb8bd477a5: 100% ▕██████████████████▏   96 B                         [K
verifying sha256 digest ⠙ [K[?25h[?2026l[?2026h[?25l[A[A[A[A[A[1Gpulling manifest [K
pulling de20d2cf2dc4: 100% ▕█████████████████ ▏  42 GB/ 42 GB  641 MB/s      0s[K
pulling 948af2743fc7: 100% ▕██████████████████▏ 1.5 KB                         [K
pulling 0ba8f0e314b4: 100% ▕██████████████████▏  12 KB                         [K
pulling 56bb8bd477a5: 100% ▕██████████████████▏   96 B                         [K
verifying sha256 digest ⠹ [K[?25h[?2026l[?2026h[?25l[A[A[A[A[A[1Gpulling manifest [K
pulling de20d2cf2dc4: 100% ▕█████████████████ ▏  42 GB/ 42 GB  641 MB/s      0s[K
pulling 948af2743fc7: 100% ▕██████████████████▏ 1.5 KB                         [K
pulling 0ba8f0e314b4: 100% ▕██████████████████▏  12 KB                         [K
pulling 56bb8bd477a5: 100% ▕██████████████████▏   96 B                         [K
verifying sha256 digest ⠸ [K[?25h[?2026l[?2026h[?25l[A[A[A[A[A[1Gpulling manifest [K
pulling de20d2cf2dc4: 100% ▕█████████████████ ▏  42 GB/ 42 GB  641 MB/s      0s[K
pulling 948af2743fc7: 100% ▕██████████████████▏ 1.5 KB                         [K
pulling 0ba8f0e314b4: 100% ▕██████████████████▏  12 KB                         [K
pulling 56bb8bd477a5: 100% ▕██████████████████▏   96 B                         [K
verifying sha256 digest ⠼ [K[?25h[?2026l[?2026h[?25l[A[A[A[A[A[1Gpulling manifest [K
pulling de20d2cf2dc4: 100% ▕█████████████████ ▏  42 GB/ 42 GB  641 MB/s      0s[K
pulling 948af2743fc7: 100% ▕██████████████████▏ 1.5 KB                         [K
pulling 0ba8f0e314b4: 100% ▕██████████████████▏  12 KB                         [K
pulling 56bb8bd477a5: 100% ▕██████████████████▏   96 B                         [K
verifying sha256 digest ⠴ [K[?25h[?2026l[?2026h[?25l[A[A[A[A[A[1Gpulling manifest [K
pulling de20d2cf2dc4: 100% ▕█████████████████ ▏  42 GB/ 42 GB  641 MB/s      0s[K
pulling 948af2743fc7: 100% ▕██████████████████▏ 1.5 KB                         [K
pulling 0ba8f0e314b4: 100% ▕██████████████████▏  12 KB                         [K
pulling 56bb8bd477a5: 100% ▕██████████████████▏   96 B                         [K
verifying sha256 digest ⠦ [K[?25h[?2026l[?2026h[?25l[A[A[A[A[A[1Gpulling manifest [K
pulling de20d2cf2dc4: 100% ▕█████████████████ ▏  42 GB/ 42 GB  641 MB/s      0s[K
pulling 948af2743fc7: 100% ▕██████████████████▏ 1.5 KB                         [K
pulling 0ba8f0e314b4: 100% ▕██████████████████▏  12 KB                         [K
pulling 56bb8bd477a5: 100% ▕██████████████████▏   96 B                         [K
verifying sha256 digest ⠧ [K[?25h[?2026l[?2026h[?25l[A[A[A[A[A[1Gpulling manifest [K
pulling de20d2cf2dc4: 100% ▕█████████████████ ▏  42 GB/ 42 GB  641 MB/s      0s[K
pulling 948af2743fc7: 100% ▕██████████████████▏ 1.5 KB                         [K
pulling 0ba8f0e314b4: 100% ▕██████████████████▏  12 KB                         [K
pulling 56bb8bd477a5: 100% ▕██████████████████▏   96 B                         [K
verifying sha256 digest ⠇ [K[?25h[?2026l[?2026h[?25l[A[A[A[A[A[1Gpulling manifest [K
pulling de20d2cf2dc4: 100% ▕█████████████████ ▏  42 GB/ 42 GB  641 MB/s      0s[K
pulling 948af2743fc7: 100% ▕██████████████████▏ 1.5 KB                         [K
pulling 0ba8f0e314b4: 100% ▕██████████████████▏  12 KB                         [K
pulling 56bb8bd477a5: 100% ▕██████████████████▏   96 B                         [K
verifying sha256 digest ⠏ [K[?25h[?2026l[?2026h[?25l[A[A[A[A[A[1Gpulling manifest [K
pulling de20d2cf2dc4: 100% ▕█████████████████ ▏  42 GB/ 42 GB  641 MB/s      0s[K
pulling 948af2743fc7: 100% ▕██████████████████▏ 1.5 KB                         [K
pulling 0ba8f0e314b4: 100% ▕██████████████████▏  12 KB                         [K
pulling 56bb8bd477a5: 100% ▕██████████████████▏   96 B                         [K
verifying sha256 digest ⠋ [K[?25h[?2026l[?2026h[?25l[A[A[A[A[A[1Gpulling manifest [K
pulling de20d2cf2dc4: 100% ▕█████████████████ ▏  42 GB/ 42 GB  641 MB/s      0s[K
pulling 948af2743fc7: 100% ▕██████████████████▏ 1.5 KB                         [K
pulling 0ba8f0e314b4: 100% ▕██████████████████▏  12 KB                         [K
pulling 56bb8bd477a5: 100% ▕██████████████████▏   96 B                         [K
verifying sha256 digest ⠙ [K[?25h[?2026l[?2026h[?25l[A[A[A[A[A[1Gpulling manifest [K
pulling de20d2cf2dc4: 100% ▕█████████████████ ▏  42 GB/ 42 GB  641 MB/s      0s[K
pulling 948af2743fc7: 100% ▕██████████████████▏ 1.5 KB                         [K
pulling 0ba8f0e314b4: 100% ▕██████████████████▏  12 KB                         [K
pulling 56bb8bd477a5: 100% ▕██████████████████▏   96 B                         [K
verifying sha256 digest ⠹ [K[?25h[?2026l[?2026h[?25l[A[A[A[A[A[1Gpulling manifest [K
pulling de20d2cf2dc4: 100% ▕█████████████████ ▏  42 GB/ 42 GB  641 MB/s      0s[K
pulling 948af2743fc7: 100% ▕██████████████████▏ 1.5 KB                         [K
pulling 0ba8f0e314b4: 100% ▕██████████████████▏  12 KB                         [K
pulling 56bb8bd477a5: 100% ▕██████████████████▏   96 B                         [K
verifying sha256 digest ⠸ [K[?25h[?2026l[?2026h[?25l[A[A[A[A[A[1Gpulling manifest [K
pulling de20d2cf2dc4: 100% ▕█████████████████ ▏  42 GB/ 42 GB  641 MB/s      0s[K
pulling 948af2743fc7: 100% ▕██████████████████▏ 1.5 KB                         [K
pulling 0ba8f0e314b4: 100% ▕██████████████████▏  12 KB                         [K
pulling 56bb8bd477a5: 100% ▕██████████████████▏   96 B                         [K
verifying sha256 digest ⠼ [K[?25h[?2026l[?2026h[?25l[A[A[A[A[A[1Gpulling manifest [K
pulling de20d2cf2dc4: 100% ▕█████████████████ ▏  42 GB/ 42 GB  641 MB/s      0s[K
pulling 948af2743fc7: 100% ▕██████████████████▏ 1.5 KB                         [K
pulling 0ba8f0e314b4: 100% ▕██████████████████▏  12 KB                         [K
pulling 56bb8bd477a5: 100% ▕██████████████████▏   96 B                         [K
verifying sha256 digest ⠴ [K[?25h[?2026l[?2026h[?25l[A[A[A[A[A[1Gpulling manifest [K
pulling de20d2cf2dc4: 100% ▕█████████████████ ▏  42 GB/ 42 GB  641 MB/s      0s[K
pulling 948af2743fc7: 100% ▕██████████████████▏ 1.5 KB                         [K
pulling 0ba8f0e314b4: 100% ▕██████████████████▏  12 KB                         [K
pulling 56bb8bd477a5: 100% ▕██████████████████▏   96 B                         [K
verifying sha256 digest ⠦ [K[?25h[?2026l[?2026h[?25l[A[A[A[A[A[1Gpulling manifest [K
pulling de20d2cf2dc4: 100% ▕█████████████████ ▏  42 GB/ 42 GB  641 MB/s      0s[K
pulling 948af2743fc7: 100% ▕██████████████████▏ 1.5 KB                         [K
pulling 0ba8f0e314b4: 100% ▕██████████████████▏  12 KB                         [K
pulling 56bb8bd477a5: 100% ▕██████████████████▏   96 B                         [K
verifying sha256 digest ⠧ [K[?25h[?2026l[?2026h[?25l[A[A[A[A[A[1Gpulling manifest [K
pulling de20d2cf2dc4: 100% ▕█████████████████ ▏  42 GB/ 42 GB  641 MB/s      0s[K
pulling 948af2743fc7: 100% ▕██████████████████▏ 1.5 KB                         [K
pulling 0ba8f0e314b4: 100% ▕██████████████████▏  12 KB                         [K
pulling 56bb8bd477a5: 100% ▕██████████████████▏   96 B                         [K
verifying sha256 digest ⠇ [K[?25h[?2026l[?2026h[?25l[A[A[A[A[A[1Gpulling manifest [K
pulling de20d2cf2dc4: 100% ▕█████████████████ ▏  42 GB/ 42 GB  641 MB/s      0s[K
pulling 948af2743fc7: 100% ▕██████████████████▏ 1.5 KB                         [K
pulling 0ba8f0e314b4: 100% ▕██████████████████▏  12 KB                         [K
pulling 56bb8bd477a5: 100% ▕██████████████████▏   96 B                         [K
verifying sha256 digest ⠏ [K[?25h[?2026l[?2026h[?25l[A[A[A[A[A[1Gpulling manifest [K
pulling de20d2cf2dc4: 100% ▕█████████████████ ▏  42 GB/ 42 GB  641 MB/s      0s[K
pulling 948af2743fc7: 100% ▕██████████████████▏ 1.5 KB                         [K
pulling 0ba8f0e314b4: 100% ▕██████████████████▏  12 KB                         [K
pulling 56bb8bd477a5: 100% ▕██████████████████▏   96 B                         [K
verifying sha256 digest ⠋ [K[?25h[?2026l[?2026h[?25l[A[A[A[A[A[1Gpulling manifest [K
pulling de20d2cf2dc4: 100% ▕█████████████████ ▏  42 GB/ 42 GB  641 MB/s      0s[K
pulling 948af2743fc7: 100% ▕██████████████████▏ 1.5 KB                         [K
pulling 0ba8f0e314b4: 100% ▕██████████████████▏  12 KB                         [K
pulling 56bb8bd477a5: 100% ▕██████████████████▏   96 B                         [K
verifying sha256 digest ⠙ [K[?25h[?2026l[?2026h[?25l[A[A[A[A[A[1Gpulling manifest [K
pulling de20d2cf2dc4: 100% ▕█████████████████ ▏  42 GB/ 42 GB  641 MB/s      0s[K
pulling 948af2743fc7: 100% ▕██████████████████▏ 1.5 KB                         [K
pulling 0ba8f0e314b4: 100% ▕██████████████████▏  12 KB                         [K
pulling 56bb8bd477a5: 100% ▕██████████████████▏   96 B                         [K
verifying sha256 digest ⠹ [K[?25h[?2026l[?2026h[?25l[A[A[A[A[A[1Gpulling manifest [K
pulling de20d2cf2dc4: 100% ▕█████████████████ ▏  42 GB/ 42 GB  641 MB/s      0s[K
pulling 948af2743fc7: 100% ▕██████████████████▏ 1.5 KB                         [K
pulling 0ba8f0e314b4: 100% ▕██████████████████▏  12 KB                         [K
pulling 56bb8bd477a5: 100% ▕██████████████████▏   96 B                         [K
verifying sha256 digest ⠸ [K[?25h[?2026l[?2026h[?25l[A[A[A[A[A[1Gpulling manifest [K
pulling de20d2cf2dc4: 100% ▕█████████████████ ▏  42 GB/ 42 GB  641 MB/s      0s[K
pulling 948af2743fc7: 100% ▕██████████████████▏ 1.5 KB                         [K
pulling 0ba8f0e314b4: 100% ▕██████████████████▏  12 KB                         [K
pulling 56bb8bd477a5: 100% ▕██████████████████▏   96 B                         [K
verifying sha256 digest ⠼ [K[?25h[?2026l[?2026h[?25l[A[A[A[A[A[1Gpulling manifest [K
pulling de20d2cf2dc4: 100% ▕█████████████████ ▏  42 GB/ 42 GB  641 MB/s      0s[K
pulling 948af2743fc7: 100% ▕██████████████████▏ 1.5 KB                         [K
pulling 0ba8f0e314b4: 100% ▕██████████████████▏  12 KB                         [K
pulling 56bb8bd477a5: 100% ▕██████████████████▏   96 B                         [K
verifying sha256 digest ⠴ [K[?25h[?2026l[?2026h[?25l[A[A[A[A[A[1Gpulling manifest [K
pulling de20d2cf2dc4: 100% ▕█████████████████ ▏  42 GB/ 42 GB  641 MB/s      0s[K
pulling 948af2743fc7: 100% ▕██████████████████▏ 1.5 KB                         [K
pulling 0ba8f0e314b4: 100% ▕██████████████████▏  12 KB                         [K
pulling 56bb8bd477a5: 100% ▕██████████████████▏   96 B                         [K
verifying sha256 digest ⠦ [K[?25h[?2026l[?2026h[?25l[A[A[A[A[A[1Gpulling manifest [K
pulling de20d2cf2dc4: 100% ▕█████████████████ ▏  42 GB/ 42 GB  641 MB/s      0s[K
pulling 948af2743fc7: 100% ▕██████████████████▏ 1.5 KB                         [K
pulling 0ba8f0e314b4: 100% ▕██████████████████▏  12 KB                         [K
pulling 56bb8bd477a5: 100% ▕██████████████████▏   96 B                         [K
verifying sha256 digest ⠧ [K[?25h[?2026l[?2026h[?25l[A[A[A[A[A[1Gpulling manifest [K
pulling de20d2cf2dc4: 100% ▕█████████████████ ▏  42 GB/ 42 GB  641 MB/s      0s[K
pulling 948af2743fc7: 100% ▕██████████████████▏ 1.5 KB                         [K
pulling 0ba8f0e314b4: 100% ▕██████████████████▏  12 KB                         [K
pulling 56bb8bd477a5: 100% ▕██████████████████▏   96 B                         [K
verifying sha256 digest ⠇ [K[?25h[?2026l[?2026h[?25l[A[A[A[A[A[1Gpulling manifest [K
pulling de20d2cf2dc4: 100% ▕█████████████████ ▏  42 GB/ 42 GB  641 MB/s      0s[K
pulling 948af2743fc7: 100% ▕██████████████████▏ 1.5 KB                         [K
pulling 0ba8f0e314b4: 100% ▕██████████████████▏  12 KB                         [K
pulling 56bb8bd477a5: 100% ▕██████████████████▏   96 B                         [K
verifying sha256 digest ⠏ [K[?25h[?2026l[?2026h[?25l[A[A[A[A[A[1Gpulling manifest [K
pulling de20d2cf2dc4: 100% ▕█████████████████ ▏  42 GB/ 42 GB  641 MB/s      0s[K
pulling 948af2743fc7: 100% ▕██████████████████▏ 1.5 KB                         [K
pulling 0ba8f0e314b4: 100% ▕██████████████████▏  12 KB                         [K
pulling 56bb8bd477a5: 100% ▕██████████████████▏   96 B                         [K
verifying sha256 digest ⠋ [K[?25h[?2026l[?2026h[?25l[A[A[A[A[A[1Gpulling manifest [K
pulling de20d2cf2dc4: 100% ▕█████████████████ ▏  42 GB/ 42 GB  641 MB/s      0s[K
pulling 948af2743fc7: 100% ▕██████████████████▏ 1.5 KB                         [K
pulling 0ba8f0e314b4: 100% ▕██████████████████▏  12 KB                         [K
pulling 56bb8bd477a5: 100% ▕██████████████████▏   96 B                         [K
verifying sha256 digest ⠙ [K[?25h[?2026l[?2026h[?25l[A[A[A[A[A[1Gpulling manifest [K
pulling de20d2cf2dc4: 100% ▕█████████████████ ▏  42 GB/ 42 GB  641 MB/s      0s[K
pulling 948af2743fc7: 100% ▕██████████████████▏ 1.5 KB                         [K
pulling 0ba8f0e314b4: 100% ▕██████████████████▏  12 KB                         [K
pulling 56bb8bd477a5: 100% ▕██████████████████▏   96 B                         [K
verifying sha256 digest ⠹ [K[?25h[?2026l[?2026h[?25l[A[A[A[A[A[1Gpulling manifest [K
pulling de20d2cf2dc4: 100% ▕█████████████████ ▏  42 GB/ 42 GB  641 MB/s      0s[K
pulling 948af2743fc7: 100% ▕██████████████████▏ 1.5 KB                         [K
pulling 0ba8f0e314b4: 100% ▕██████████████████▏  12 KB                         [K
pulling 56bb8bd477a5: 100% ▕██████████████████▏   96 B                         [K
verifying sha256 digest ⠸ [K[?25h[?2026l[?2026h[?25l[A[A[A[A[A[1Gpulling manifest [K
pulling de20d2cf2dc4: 100% ▕█████████████████ ▏  42 GB/ 42 GB  641 MB/s      0s[K
pulling 948af2743fc7: 100% ▕██████████████████▏ 1.5 KB                         [K
pulling 0ba8f0e314b4: 100% ▕██████████████████▏  12 KB                         [K
pulling 56bb8bd477a5: 100% ▕██████████████████▏   96 B                         [K
verifying sha256 digest ⠼ [K[?25h[?2026l[?2026h[?25l[A[A[A[A[A[1Gpulling manifest [K
pulling de20d2cf2dc4: 100% ▕█████████████████ ▏  42 GB/ 42 GB  641 MB/s      0s[K
pulling 948af2743fc7: 100% ▕██████████████████▏ 1.5 KB                         [K
pulling 0ba8f0e314b4: 100% ▕██████████████████▏  12 KB                         [K
pulling 56bb8bd477a5: 100% ▕██████████████████▏   96 B                         [K
verifying sha256 digest ⠴ [K[?25h[?2026l[?2026h[?25l[A[A[A[A[A[1Gpulling manifest [K
pulling de20d2cf2dc4: 100% ▕█████████████████ ▏  42 GB/ 42 GB  641 MB/s      0s[K
pulling 948af2743fc7: 100% ▕██████████████████▏ 1.5 KB                         [K
pulling 0ba8f0e314b4: 100% ▕██████████████████▏  12 KB                         [K
pulling 56bb8bd477a5: 100% ▕██████████████████▏   96 B                         [K
verifying sha256 digest ⠦ [K[?25h[?2026l[?2026h[?25l[A[A[A[A[A[1Gpulling manifest [K
pulling de20d2cf2dc4: 100% ▕█████████████████ ▏  42 GB/ 42 GB  641 MB/s      0s[K
pulling 948af2743fc7: 100% ▕██████████████████▏ 1.5 KB                         [K
pulling 0ba8f0e314b4: 100% ▕██████████████████▏  12 KB                         [K
pulling 56bb8bd477a5: 100% ▕██████████████████▏   96 B                         [K
verifying sha256 digest ⠧ [K[?25h[?2026l[?2026h[?25l[A[A[A[A[A[1Gpulling manifest [K
pulling de20d2cf2dc4: 100% ▕█████████████████ ▏  42 GB/ 42 GB  641 MB/s      0s[K
pulling 948af2743fc7: 100% ▕██████████████████▏ 1.5 KB                         [K
pulling 0ba8f0e314b4: 100% ▕██████████████████▏  12 KB                         [K
pulling 56bb8bd477a5: 100% ▕██████████████████▏   96 B                         [K
verifying sha256 digest ⠇ [K[?25h[?2026l[?2026h[?25l[A[A[A[A[A[1Gpulling manifest [K
pulling de20d2cf2dc4: 100% ▕█████████████████ ▏  42 GB/ 42 GB  641 MB/s      0s[K
pulling 948af2743fc7: 100% ▕██████████████████▏ 1.5 KB                         [K
pulling 0ba8f0e314b4: 100% ▕██████████████████▏  12 KB                         [K
pulling 56bb8bd477a5: 100% ▕██████████████████▏   96 B                         [K
verifying sha256 digest ⠏ [K[?25h[?2026l[?2026h[?25l[A[A[A[A[A[1Gpulling manifest [K
pulling de20d2cf2dc4: 100% ▕█████████████████ ▏  42 GB/ 42 GB  641 MB/s      0s[K
pulling 948af2743fc7: 100% ▕██████████████████▏ 1.5 KB                         [K
pulling 0ba8f0e314b4: 100% ▕██████████████████▏  12 KB                         [K
pulling 56bb8bd477a5: 100% ▕██████████████████▏   96 B                         [K
verifying sha256 digest ⠋ [K[?25h[?2026l[?2026h[?25l[A[A[A[A[A[1Gpulling manifest [K
pulling de20d2cf2dc4: 100% ▕█████████████████ ▏  42 GB/ 42 GB  641 MB/s      0s[K
pulling 948af2743fc7: 100% ▕██████████████████▏ 1.5 KB                         [K
pulling 0ba8f0e314b4: 100% ▕██████████████████▏  12 KB                         [K
pulling 56bb8bd477a5: 100% ▕██████████████████▏   96 B                         [K
verifying sha256 digest ⠙ [K[?25h[?2026l[?2026h[?25l[A[A[A[A[A[1Gpulling manifest [K
pulling de20d2cf2dc4: 100% ▕█████████████████ ▏  42 GB/ 42 GB  641 MB/s      0s[K
pulling 948af2743fc7: 100% ▕██████████████████▏ 1.5 KB                         [K
pulling 0ba8f0e314b4: 100% ▕██████████████████▏  12 KB                         [K
pulling 56bb8bd477a5: 100% ▕██████████████████▏   96 B                         [K
verifying sha256 digest ⠹ [K[?25h[?2026l[?2026h[?25l[A[A[A[A[A[1Gpulling manifest [K
pulling de20d2cf2dc4: 100% ▕█████████████████ ▏  42 GB/ 42 GB  641 MB/s      0s[K
pulling 948af2743fc7: 100% ▕██████████████████▏ 1.5 KB                         [K
pulling 0ba8f0e314b4: 100% ▕██████████████████▏  12 KB                         [K
pulling 56bb8bd477a5: 100% ▕██████████████████▏   96 B                         [K
verifying sha256 digest ⠸ [K[?25h[?2026l[?2026h[?25l[A[A[A[A[A[1Gpulling manifest [K
pulling de20d2cf2dc4: 100% ▕█████████████████ ▏  42 GB/ 42 GB  641 MB/s      0s[K
pulling 948af2743fc7: 100% ▕██████████████████▏ 1.5 KB                         [K
pulling 0ba8f0e314b4: 100% ▕██████████████████▏  12 KB                         [K
pulling 56bb8bd477a5: 100% ▕██████████████████▏   96 B                         [K
verifying sha256 digest ⠼ [K[?25h[?2026l[?2026h[?25l[A[A[A[A[A[1Gpulling manifest [K
pulling de20d2cf2dc4: 100% ▕█████████████████ ▏  42 GB/ 42 GB  641 MB/s      0s[K
pulling 948af2743fc7: 100% ▕██████████████████▏ 1.5 KB                         [K
pulling 0ba8f0e314b4: 100% ▕██████████████████▏  12 KB                         [K
pulling 56bb8bd477a5: 100% ▕██████████████████▏   96 B                         [K
verifying sha256 digest ⠴ [K[?25h[?2026l[?2026h[?25l[A[A[A[A[A[1Gpulling manifest [K
pulling de20d2cf2dc4: 100% ▕█████████████████ ▏  42 GB/ 42 GB  641 MB/s      0s[K
pulling 948af2743fc7: 100% ▕██████████████████▏ 1.5 KB                         [K
pulling 0ba8f0e314b4: 100% ▕██████████████████▏  12 KB                         [K
pulling 56bb8bd477a5: 100% ▕██████████████████▏   96 B                         [K
verifying sha256 digest ⠦ [K[?25h[?2026l[?2026h[?25l[A[A[A[A[A[1Gpulling manifest [K
pulling de20d2cf2dc4: 100% ▕█████████████████ ▏  42 GB/ 42 GB  641 MB/s      0s[K
pulling 948af2743fc7: 100% ▕██████████████████▏ 1.5 KB                         [K
pulling 0ba8f0e314b4: 100% ▕██████████████████▏  12 KB                         [K
pulling 56bb8bd477a5: 100% ▕██████████████████▏   96 B                         [K
verifying sha256 digest ⠧ [K[?25h[?2026l[?2026h[?25l[A[A[A[A[A[1Gpulling manifest [K
pulling de20d2cf2dc4: 100% ▕█████████████████ ▏  42 GB/ 42 GB  641 MB/s      0s[K
pulling 948af2743fc7: 100% ▕██████████████████▏ 1.5 KB                         [K
pulling 0ba8f0e314b4: 100% ▕██████████████████▏  12 KB                         [K
pulling 56bb8bd477a5: 100% ▕██████████████████▏   96 B                         [K
verifying sha256 digest ⠇ [K[?25h[?2026l[?2026h[?25l[A[A[A[A[A[1Gpulling manifest [K
pulling de20d2cf2dc4: 100% ▕█████████████████ ▏  42 GB/ 42 GB  641 MB/s      0s[K
pulling 948af2743fc7: 100% ▕██████████████████▏ 1.5 KB                         [K
pulling 0ba8f0e314b4: 100% ▕██████████████████▏  12 KB                         [K
pulling 56bb8bd477a5: 100% ▕██████████████████▏   96 B                         [K
verifying sha256 digest ⠏ [K[?25h[?2026l[?2026h[?25l[A[A[A[A[A[1Gpulling manifest [K
pulling de20d2cf2dc4: 100% ▕█████████████████ ▏  42 GB/ 42 GB  641 MB/s      0s[K
pulling 948af2743fc7: 100% ▕██████████████████▏ 1.5 KB                         [K
pulling 0ba8f0e314b4: 100% ▕██████████████████▏  12 KB                         [K
pulling 56bb8bd477a5: 100% ▕██████████████████▏   96 B                         [K
verifying sha256 digest ⠋ [K[?25h[?2026l[?2026h[?25l[A[A[A[A[A[1Gpulling manifest [K
pulling de20d2cf2dc4: 100% ▕█████████████████ ▏  42 GB/ 42 GB  641 MB/s      0s[K
pulling 948af2743fc7: 100% ▕██████████████████▏ 1.5 KB                         [K
pulling 0ba8f0e314b4: 100% ▕██████████████████▏  12 KB                         [K
pulling 56bb8bd477a5: 100% ▕██████████████████▏   96 B                         [K
verifying sha256 digest ⠙ [K[?25h[?2026l[?2026h[?25l[A[A[A[A[A[1Gpulling manifest [K
pulling de20d2cf2dc4: 100% ▕█████████████████ ▏  42 GB/ 42 GB  641 MB/s      0s[K
pulling 948af2743fc7: 100% ▕██████████████████▏ 1.5 KB                         [K
pulling 0ba8f0e314b4: 100% ▕██████████████████▏  12 KB                         [K
pulling 56bb8bd477a5: 100% ▕██████████████████▏   96 B                         [K
verifying sha256 digest ⠹ [K[?25h[?2026l[?2026h[?25l[A[A[A[A[A[1Gpulling manifest [K
pulling de20d2cf2dc4: 100% ▕█████████████████ ▏  42 GB/ 42 GB  641 MB/s      0s[K
pulling 948af2743fc7: 100% ▕██████████████████▏ 1.5 KB                         [K
pulling 0ba8f0e314b4: 100% ▕██████████████████▏  12 KB                         [K
pulling 56bb8bd477a5: 100% ▕██████████████████▏   96 B                         [K
verifying sha256 digest ⠸ [K[?25h[?2026l[?2026h[?25l[A[A[A[A[A[1Gpulling manifest [K
pulling de20d2cf2dc4: 100% ▕█████████████████ ▏  42 GB/ 42 GB  641 MB/s      0s[K
pulling 948af2743fc7: 100% ▕██████████████████▏ 1.5 KB                         [K
pulling 0ba8f0e314b4: 100% ▕██████████████████▏  12 KB                         [K
pulling 56bb8bd477a5: 100% ▕██████████████████▏   96 B                         [K
verifying sha256 digest ⠼ [K[?25h[?2026l[?2026h[?25l[A[A[A[A[A[1Gpulling manifest [K
pulling de20d2cf2dc4: 100% ▕█████████████████ ▏  42 GB/ 42 GB  641 MB/s      0s[K
pulling 948af2743fc7: 100% ▕██████████████████▏ 1.5 KB                         [K
pulling 0ba8f0e314b4: 100% ▕██████████████████▏  12 KB                         [K
pulling 56bb8bd477a5: 100% ▕██████████████████▏   96 B                         [K
verifying sha256 digest ⠴ [K[?25h[?2026l[?2026h[?25l[A[A[A[A[A[1Gpulling manifest [K
pulling de20d2cf2dc4: 100% ▕█████████████████ ▏  42 GB/ 42 GB  641 MB/s      0s[K
pulling 948af2743fc7: 100% ▕██████████████████▏ 1.5 KB                         [K
pulling 0ba8f0e314b4: 100% ▕██████████████████▏  12 KB                         [K
pulling 56bb8bd477a5: 100% ▕██████████████████▏   96 B                         [K
verifying sha256 digest ⠦ [K[?25h[?2026l[?2026h[?25l[A[A[A[A[A[1Gpulling manifest [K
pulling de20d2cf2dc4: 100% ▕█████████████████ ▏  42 GB/ 42 GB  641 MB/s      0s[K
pulling 948af2743fc7: 100% ▕██████████████████▏ 1.5 KB                         [K
pulling 0ba8f0e314b4: 100% ▕██████████████████▏  12 KB                         [K
pulling 56bb8bd477a5: 100% ▕██████████████████▏   96 B                         [K
verifying sha256 digest ⠧ [K[?25h[?2026l[?2026h[?25l[A[A[A[A[A[1Gpulling manifest [K
pulling de20d2cf2dc4: 100% ▕█████████████████ ▏  42 GB/ 42 GB  641 MB/s      0s[K
pulling 948af2743fc7: 100% ▕██████████████████▏ 1.5 KB                         [K
pulling 0ba8f0e314b4: 100% ▕██████████████████▏  12 KB                         [K
pulling 56bb8bd477a5: 100% ▕██████████████████▏   96 B                         [K
verifying sha256 digest ⠇ [K[?25h[?2026l[?2026h[?25l[A[A[A[A[A[1Gpulling manifest [K
pulling de20d2cf2dc4: 100% ▕█████████████████ ▏  42 GB/ 42 GB  641 MB/s      0s[K
pulling 948af2743fc7: 100% ▕██████████████████▏ 1.5 KB                         [K
pulling 0ba8f0e314b4: 100% ▕██████████████████▏  12 KB                         [K
pulling 56bb8bd477a5: 100% ▕██████████████████▏   96 B                         [K
verifying sha256 digest ⠏ [K[?25h[?2026l[?2026h[?25l[A[A[A[A[A[1Gpulling manifest [K
pulling de20d2cf2dc4: 100% ▕█████████████████ ▏  42 GB/ 42 GB  641 MB/s      0s[K
pulling 948af2743fc7: 100% ▕██████████████████▏ 1.5 KB                         [K
pulling 0ba8f0e314b4: 100% ▕██████████████████▏  12 KB                         [K
pulling 56bb8bd477a5: 100% ▕██████████████████▏   96 B                         [K
verifying sha256 digest ⠋ [K[?25h[?2026l[?2026h[?25l[A[A[A[A[A[1Gpulling manifest [K
pulling de20d2cf2dc4: 100% ▕█████████████████ ▏  42 GB/ 42 GB  641 MB/s      0s[K
pulling 948af2743fc7: 100% ▕██████████████████▏ 1.5 KB                         [K
pulling 0ba8f0e314b4: 100% ▕██████████████████▏  12 KB                         [K
pulling 56bb8bd477a5: 100% ▕██████████████████▏   96 B                         [K
verifying sha256 digest ⠙ [K[?25h[?2026l[?2026h[?25l[A[A[A[A[A[1Gpulling manifest [K
pulling de20d2cf2dc4: 100% ▕█████████████████ ▏  42 GB/ 42 GB  641 MB/s      0s[K
pulling 948af2743fc7: 100% ▕██████████████████▏ 1.5 KB                         [K
pulling 0ba8f0e314b4: 100% ▕██████████████████▏  12 KB                         [K
pulling 56bb8bd477a5: 100% ▕██████████████████▏   96 B                         [K
verifying sha256 digest ⠹ [K[?25h[?2026l[?2026h[?25l[A[A[A[A[A[1Gpulling manifest [K
pulling de20d2cf2dc4: 100% ▕█████████████████ ▏  42 GB/ 42 GB  641 MB/s      0s[K
pulling 948af2743fc7: 100% ▕██████████████████▏ 1.5 KB                         [K
pulling 0ba8f0e314b4: 100% ▕██████████████████▏  12 KB                         [K
pulling 56bb8bd477a5: 100% ▕██████████████████▏   96 B                         [K
verifying sha256 digest ⠸ [K[?25h[?2026l[?2026h[?25l[A[A[A[A[A[1Gpulling manifest [K
pulling de20d2cf2dc4: 100% ▕█████████████████ ▏  42 GB/ 42 GB  641 MB/s      0s[K
pulling 948af2743fc7: 100% ▕██████████████████▏ 1.5 KB                         [K
pulling 0ba8f0e314b4: 100% ▕██████████████████▏  12 KB                         [K
pulling 56bb8bd477a5: 100% ▕██████████████████▏   96 B                         [K
verifying sha256 digest ⠼ [K[?25h[?2026l[?2026h[?25l[A[A[A[A[A[1Gpulling manifest [K
pulling de20d2cf2dc4: 100% ▕█████████████████ ▏  42 GB/ 42 GB  641 MB/s      0s[K
pulling 948af2743fc7: 100% ▕██████████████████▏ 1.5 KB                         [K
pulling 0ba8f0e314b4: 100% ▕██████████████████▏  12 KB                         [K
pulling 56bb8bd477a5: 100% ▕██████████████████▏   96 B                         [K
verifying sha256 digest ⠴ [K[?25h[?2026l[?2026h[?25l[A[A[A[A[A[1Gpulling manifest [K
pulling de20d2cf2dc4: 100% ▕█████████████████ ▏  42 GB/ 42 GB  641 MB/s      0s[K
pulling 948af2743fc7: 100% ▕██████████████████▏ 1.5 KB                         [K
pulling 0ba8f0e314b4: 100% ▕██████████████████▏  12 KB                         [K
pulling 56bb8bd477a5: 100% ▕██████████████████▏   96 B                         [K
verifying sha256 digest ⠦ [K[?25h[?2026l[?2026h[?25l[A[A[A[A[A[1Gpulling manifest [K
pulling de20d2cf2dc4: 100% ▕█████████████████ ▏  42 GB/ 42 GB  641 MB/s      0s[K
pulling 948af2743fc7: 100% ▕██████████████████▏ 1.5 KB                         [K
pulling 0ba8f0e314b4: 100% ▕██████████████████▏  12 KB                         [K
pulling 56bb8bd477a5: 100% ▕██████████████████▏   96 B                         [K
verifying sha256 digest ⠧ [K[?25h[?2026l[?2026h[?25l[A[A[A[A[A[1Gpulling manifest [K
pulling de20d2cf2dc4: 100% ▕█████████████████ ▏  42 GB/ 42 GB  641 MB/s      0s[K
pulling 948af2743fc7: 100% ▕██████████████████▏ 1.5 KB                         [K
pulling 0ba8f0e314b4: 100% ▕██████████████████▏  12 KB                         [K
pulling 56bb8bd477a5: 100% ▕██████████████████▏   96 B                         [K
verifying sha256 digest ⠇ [K[?25h[?2026l[?2026h[?25l[A[A[A[A[A[1Gpulling manifest [K
pulling de20d2cf2dc4: 100% ▕█████████████████ ▏  42 GB/ 42 GB  641 MB/s      0s[K
pulling 948af2743fc7: 100% ▕██████████████████▏ 1.5 KB                         [K
pulling 0ba8f0e314b4: 100% ▕██████████████████▏  12 KB                         [K
pulling 56bb8bd477a5: 100% ▕██████████████████▏   96 B                         [K
verifying sha256 digest ⠏ [K[?25h[?2026l[?2026h[?25l[A[A[A[A[A[1Gpulling manifest [K
pulling de20d2cf2dc4: 100% ▕█████████████████ ▏  42 GB/ 42 GB  641 MB/s      0s[K
pulling 948af2743fc7: 100% ▕██████████████████▏ 1.5 KB                         [K
pulling 0ba8f0e314b4: 100% ▕██████████████████▏  12 KB                         [K
pulling 56bb8bd477a5: 100% ▕██████████████████▏   96 B                         [K
verifying sha256 digest ⠋ [K[?25h[?2026l[?2026h[?25l[A[A[A[A[A[1Gpulling manifest [K
pulling de20d2cf2dc4: 100% ▕█████████████████ ▏  42 GB/ 42 GB  641 MB/s      0s[K
pulling 948af2743fc7: 100% ▕██████████████████▏ 1.5 KB                         [K
pulling 0ba8f0e314b4: 100% ▕██████████████████▏  12 KB                         [K
pulling 56bb8bd477a5: 100% ▕██████████████████▏   96 B                         [K
verifying sha256 digest ⠙ [K[?25h[?2026l[?2026h[?25l[A[A[A[A[A[1Gpulling manifest [K
pulling de20d2cf2dc4: 100% ▕█████████████████ ▏  42 GB/ 42 GB  641 MB/s      0s[K
pulling 948af2743fc7: 100% ▕██████████████████▏ 1.5 KB                         [K
pulling 0ba8f0e314b4: 100% ▕██████████████████▏  12 KB                         [K
pulling 56bb8bd477a5: 100% ▕██████████████████▏   96 B                         [K
verifying sha256 digest ⠹ [K[?25h[?2026l[?2026h[?25l[A[A[A[A[A[1Gpulling manifest [K
pulling de20d2cf2dc4: 100% ▕█████████████████ ▏  42 GB/ 42 GB  641 MB/s      0s[K
pulling 948af2743fc7: 100% ▕██████████████████▏ 1.5 KB                         [K
pulling 0ba8f0e314b4: 100% ▕██████████████████▏  12 KB                         [K
pulling 56bb8bd477a5: 100% ▕██████████████████▏   96 B                         [K
verifying sha256 digest ⠸ [K[?25h[?2026l[?2026h[?25l[A[A[A[A[A[1Gpulling manifest [K
pulling de20d2cf2dc4: 100% ▕█████████████████ ▏  42 GB/ 42 GB  641 MB/s      0s[K
pulling 948af2743fc7: 100% ▕██████████████████▏ 1.5 KB                         [K
pulling 0ba8f0e314b4: 100% ▕██████████████████▏  12 KB                         [K
pulling 56bb8bd477a5: 100% ▕██████████████████▏   96 B                         [K
verifying sha256 digest ⠼ [K[?25h[?2026l[?2026h[?25l[A[A[A[A[A[1Gpulling manifest [K
pulling de20d2cf2dc4: 100% ▕█████████████████ ▏  42 GB/ 42 GB  641 MB/s      0s[K
pulling 948af2743fc7: 100% ▕██████████████████▏ 1.5 KB                         [K
pulling 0ba8f0e314b4: 100% ▕██████████████████▏  12 KB                         [K
pulling 56bb8bd477a5: 100% ▕██████████████████▏   96 B                         [K
verifying sha256 digest ⠴ [K[?25h[?2026l[?2026h[?25l[A[A[A[A[A[1Gpulling manifest [K
pulling de20d2cf2dc4: 100% ▕█████████████████ ▏  42 GB/ 42 GB  641 MB/s      0s[K
pulling 948af2743fc7: 100% ▕██████████████████▏ 1.5 KB                         [K
pulling 0ba8f0e314b4: 100% ▕██████████████████▏  12 KB                         [K
pulling 56bb8bd477a5: 100% ▕██████████████████▏   96 B                         [K
verifying sha256 digest ⠦ [K[?25h[?2026l[?2026h[?25l[A[A[A[A[A[1Gpulling manifest [K
pulling de20d2cf2dc4: 100% ▕█████████████████ ▏  42 GB/ 42 GB  641 MB/s      0s[K
pulling 948af2743fc7: 100% ▕██████████████████▏ 1.5 KB                         [K
pulling 0ba8f0e314b4: 100% ▕██████████████████▏  12 KB                         [K
pulling 56bb8bd477a5: 100% ▕██████████████████▏   96 B                         [K
verifying sha256 digest ⠧ [K[?25h[?2026l[?2026h[?25l[A[A[A[A[A[1Gpulling manifest [K
pulling de20d2cf2dc4: 100% ▕█████████████████ ▏  42 GB/ 42 GB  641 MB/s      0s[K
pulling 948af2743fc7: 100% ▕██████████████████▏ 1.5 KB                         [K
pulling 0ba8f0e314b4: 100% ▕██████████████████▏  12 KB                         [K
pulling 56bb8bd477a5: 100% ▕██████████████████▏   96 B                         [K
verifying sha256 digest ⠇ [K[?25h[?2026l[?2026h[?25l[A[A[A[A[A[1Gpulling manifest [K
pulling de20d2cf2dc4: 100% ▕█████████████████ ▏  42 GB/ 42 GB  641 MB/s      0s[K
pulling 948af2743fc7: 100% ▕██████████████████▏ 1.5 KB                         [K
pulling 0ba8f0e314b4: 100% ▕██████████████████▏  12 KB                         [K
pulling 56bb8bd477a5: 100% ▕██████████████████▏   96 B                         [K
verifying sha256 digest ⠏ [K[?25h[?2026l[?2026h[?25l[A[A[A[A[A[1Gpulling manifest [K
pulling de20d2cf2dc4: 100% ▕█████████████████ ▏  42 GB/ 42 GB  641 MB/s      0s[K
pulling 948af2743fc7: 100% ▕██████████████████▏ 1.5 KB                         [K
pulling 0ba8f0e314b4: 100% ▕██████████████████▏  12 KB                         [K
pulling 56bb8bd477a5: 100% ▕██████████████████▏   96 B                         [K
verifying sha256 digest ⠋ [K[?25h[?2026l[?2026h[?25l[A[A[A[A[A[1Gpulling manifest [K
pulling de20d2cf2dc4: 100% ▕█████████████████ ▏  42 GB/ 42 GB  641 MB/s      0s[K
pulling 948af2743fc7: 100% ▕██████████████████▏ 1.5 KB                         [K
pulling 0ba8f0e314b4: 100% ▕██████████████████▏  12 KB                         [K
pulling 56bb8bd477a5: 100% ▕██████████████████▏   96 B                         [K
verifying sha256 digest ⠙ [K[?25h[?2026l[?2026h[?25l[A[A[A[A[A[1Gpulling manifest [K
pulling de20d2cf2dc4: 100% ▕█████████████████ ▏  42 GB/ 42 GB  641 MB/s      0s[K
pulling 948af2743fc7: 100% ▕██████████████████▏ 1.5 KB                         [K
pulling 0ba8f0e314b4: 100% ▕██████████████████▏  12 KB                         [K
pulling 56bb8bd477a5: 100% ▕██████████████████▏   96 B                         [K
verifying sha256 digest ⠹ [K[?25h[?2026l[?2026h[?25l[A[A[A[A[A[1Gpulling manifest [K
pulling de20d2cf2dc4: 100% ▕█████████████████ ▏  42 GB/ 42 GB  641 MB/s      0s[K
pulling 948af2743fc7: 100% ▕██████████████████▏ 1.5 KB                         [K
pulling 0ba8f0e314b4: 100% ▕██████████████████▏  12 KB                         [K
pulling 56bb8bd477a5: 100% ▕██████████████████▏   96 B                         [K
verifying sha256 digest ⠸ [K[?25h[?2026l[?2026h[?25l[A[A[A[A[A[1Gpulling manifest [K
pulling de20d2cf2dc4: 100% ▕█████████████████ ▏  42 GB/ 42 GB  641 MB/s      0s[K
pulling 948af2743fc7: 100% ▕██████████████████▏ 1.5 KB                         [K
pulling 0ba8f0e314b4: 100% ▕██████████████████▏  12 KB                         [K
pulling 56bb8bd477a5: 100% ▕██████████████████▏   96 B                         [K
verifying sha256 digest ⠼ [K[?25h[?2026l[?2026h[?25l[A[A[A[A[A[1Gpulling manifest [K
pulling de20d2cf2dc4: 100% ▕█████████████████ ▏  42 GB/ 42 GB  641 MB/s      0s[K
pulling 948af2743fc7: 100% ▕██████████████████▏ 1.5 KB                         [K
pulling 0ba8f0e314b4: 100% ▕██████████████████▏  12 KB                         [K
pulling 56bb8bd477a5: 100% ▕██████████████████▏   96 B                         [K
verifying sha256 digest ⠴ [K[?25h[?2026l[?2026h[?25l[A[A[A[A[A[1Gpulling manifest [K
pulling de20d2cf2dc4: 100% ▕█████████████████ ▏  42 GB/ 42 GB  641 MB/s      0s[K
pulling 948af2743fc7: 100% ▕██████████████████▏ 1.5 KB                         [K
pulling 0ba8f0e314b4: 100% ▕██████████████████▏  12 KB                         [K
pulling 56bb8bd477a5: 100% ▕██████████████████▏   96 B                         [K
verifying sha256 digest ⠦ [K[?25h[?2026l[?2026h[?25l[A[A[A[A[A[1Gpulling manifest [K
pulling de20d2cf2dc4: 100% ▕█████████████████ ▏  42 GB/ 42 GB  641 MB/s      0s[K
pulling 948af2743fc7: 100% ▕██████████████████▏ 1.5 KB                         [K
pulling 0ba8f0e314b4: 100% ▕██████████████████▏  12 KB                         [K
pulling 56bb8bd477a5: 100% ▕██████████████████▏   96 B                         [K
verifying sha256 digest ⠧ [K[?25h[?2026l[?2026h[?25l[A[A[A[A[A[1Gpulling manifest [K
pulling de20d2cf2dc4: 100% ▕█████████████████ ▏  42 GB/ 42 GB  641 MB/s      0s[K
pulling 948af2743fc7: 100% ▕██████████████████▏ 1.5 KB                         [K
pulling 0ba8f0e314b4: 100% ▕██████████████████▏  12 KB                         [K
pulling 56bb8bd477a5: 100% ▕██████████████████▏   96 B                         [K
verifying sha256 digest ⠇ [K[?25h[?2026l[?2026h[?25l[A[A[A[A[A[1Gpulling manifest [K
pulling de20d2cf2dc4: 100% ▕█████████████████ ▏  42 GB/ 42 GB  641 MB/s      0s[K
pulling 948af2743fc7: 100% ▕██████████████████▏ 1.5 KB                         [K
pulling 0ba8f0e314b4: 100% ▕██████████████████▏  12 KB                         [K
pulling 56bb8bd477a5: 100% ▕██████████████████▏   96 B                         [K
verifying sha256 digest ⠏ [K[?25h[?2026l[?2026h[?25l[A[A[A[A[A[1Gpulling manifest [K
pulling de20d2cf2dc4: 100% ▕█████████████████ ▏  42 GB/ 42 GB  641 MB/s      0s[K
pulling 948af2743fc7: 100% ▕██████████████████▏ 1.5 KB                         [K
pulling 0ba8f0e314b4: 100% ▕██████████████████▏  12 KB                         [K
pulling 56bb8bd477a5: 100% ▕██████████████████▏   96 B                         [K
verifying sha256 digest ⠋ [K[?25h[?2026l[?2026h[?25l[A[A[A[A[A[1Gpulling manifest [K
pulling de20d2cf2dc4: 100% ▕█████████████████ ▏  42 GB/ 42 GB  641 MB/s      0s[K
pulling 948af2743fc7: 100% ▕██████████████████▏ 1.5 KB                         [K
pulling 0ba8f0e314b4: 100% ▕██████████████████▏  12 KB                         [K
pulling 56bb8bd477a5: 100% ▕██████████████████▏   96 B                         [K
verifying sha256 digest ⠙ [K[?25h[?2026l[?2026h[?25l[A[A[A[A[A[1Gpulling manifest [K
pulling de20d2cf2dc4: 100% ▕█████████████████ ▏  42 GB/ 42 GB  641 MB/s      0s[K
pulling 948af2743fc7: 100% ▕██████████████████▏ 1.5 KB                         [K
pulling 0ba8f0e314b4: 100% ▕██████████████████▏  12 KB                         [K
pulling 56bb8bd477a5: 100% ▕██████████████████▏   96 B                         [K
verifying sha256 digest ⠹ [K[?25h[?2026l[?2026h[?25l[A[A[A[A[A[1Gpulling manifest [K
pulling de20d2cf2dc4: 100% ▕█████████████████ ▏  42 GB/ 42 GB  641 MB/s      0s[K
pulling 948af2743fc7: 100% ▕██████████████████▏ 1.5 KB                         [K
pulling 0ba8f0e314b4: 100% ▕██████████████████▏  12 KB                         [K
pulling 56bb8bd477a5: 100% ▕██████████████████▏   96 B                         [K
verifying sha256 digest ⠸ [K[?25h[?2026l[?2026h[?25l[A[A[A[A[A[1Gpulling manifest [K
pulling de20d2cf2dc4: 100% ▕█████████████████ ▏  42 GB/ 42 GB  641 MB/s      0s[K
pulling 948af2743fc7: 100% ▕██████████████████▏ 1.5 KB                         [K
pulling 0ba8f0e314b4: 100% ▕██████████████████▏  12 KB                         [K
pulling 56bb8bd477a5: 100% ▕██████████████████▏   96 B                         [K
verifying sha256 digest ⠼ [K[?25h[?2026l[?2026h[?25l[A[A[A[A[A[1Gpulling manifest [K
pulling de20d2cf2dc4: 100% ▕█████████████████ ▏  42 GB/ 42 GB  641 MB/s      0s[K
pulling 948af2743fc7: 100% ▕██████████████████▏ 1.5 KB                         [K
pulling 0ba8f0e314b4: 100% ▕██████████████████▏  12 KB                         [K
pulling 56bb8bd477a5: 100% ▕██████████████████▏   96 B                         [K
verifying sha256 digest ⠴ [K[?25h[?2026l[?2026h[?25l[A[A[A[A[A[1Gpulling manifest [K
pulling de20d2cf2dc4: 100% ▕█████████████████ ▏  42 GB/ 42 GB  641 MB/s      0s[K
pulling 948af2743fc7: 100% ▕██████████████████▏ 1.5 KB                         [K
pulling 0ba8f0e314b4: 100% ▕██████████████████▏  12 KB                         [K
pulling 56bb8bd477a5: 100% ▕██████████████████▏   96 B                         [K
verifying sha256 digest ⠦ [K[?25h[?2026l[?2026h[?25l[A[A[A[A[A[1Gpulling manifest [K
pulling de20d2cf2dc4: 100% ▕█████████████████ ▏  42 GB/ 42 GB  641 MB/s      0s[K
pulling 948af2743fc7: 100% ▕██████████████████▏ 1.5 KB                         [K
pulling 0ba8f0e314b4: 100% ▕██████████████████▏  12 KB                         [K
pulling 56bb8bd477a5: 100% ▕██████████████████▏   96 B                         [K
verifying sha256 digest ⠧ [K[?25h[?2026l[?2026h[?25l[A[A[A[A[A[1Gpulling manifest [K
pulling de20d2cf2dc4: 100% ▕█████████████████ ▏  42 GB/ 42 GB  641 MB/s      0s[K
pulling 948af2743fc7: 100% ▕██████████████████▏ 1.5 KB                         [K
pulling 0ba8f0e314b4: 100% ▕██████████████████▏  12 KB                         [K
pulling 56bb8bd477a5: 100% ▕██████████████████▏   96 B                         [K
verifying sha256 digest ⠇ [K[?25h[?2026l[?2026h[?25l[A[A[A[A[A[1Gpulling manifest [K
pulling de20d2cf2dc4: 100% ▕█████████████████ ▏  42 GB/ 42 GB  641 MB/s      0s[K
pulling 948af2743fc7: 100% ▕██████████████████▏ 1.5 KB                         [K
pulling 0ba8f0e314b4: 100% ▕██████████████████▏  12 KB                         [K
pulling 56bb8bd477a5: 100% ▕██████████████████▏   96 B                         [K
verifying sha256 digest ⠏ [K[?25h[?2026l[?2026h[?25l[A[A[A[A[A[1Gpulling manifest [K
pulling de20d2cf2dc4: 100% ▕█████████████████ ▏  42 GB/ 42 GB  641 MB/s      0s[K
pulling 948af2743fc7: 100% ▕██████████████████▏ 1.5 KB                         [K
pulling 0ba8f0e314b4: 100% ▕██████████████████▏  12 KB                         [K
pulling 56bb8bd477a5: 100% ▕██████████████████▏   96 B                         [K
verifying sha256 digest ⠋ [K[?25h[?2026l[?2026h[?25l[A[A[A[A[A[1Gpulling manifest [K
pulling de20d2cf2dc4: 100% ▕█████████████████ ▏  42 GB/ 42 GB  641 MB/s      0s[K
pulling 948af2743fc7: 100% ▕██████████████████▏ 1.5 KB                         [K
pulling 0ba8f0e314b4: 100% ▕██████████████████▏  12 KB                         [K
pulling 56bb8bd477a5: 100% ▕██████████████████▏   96 B                         [K
verifying sha256 digest ⠙ [K[?25h[?2026l[?2026h[?25l[A[A[A[A[A[1Gpulling manifest [K
pulling de20d2cf2dc4: 100% ▕█████████████████ ▏  42 GB/ 42 GB  641 MB/s      0s[K
pulling 948af2743fc7: 100% ▕██████████████████▏ 1.5 KB                         [K
pulling 0ba8f0e314b4: 100% ▕██████████████████▏  12 KB                         [K
pulling 56bb8bd477a5: 100% ▕██████████████████▏   96 B                         [K
verifying sha256 digest ⠹ [K[?25h[?2026l[?2026h[?25l[A[A[A[A[A[1Gpulling manifest [K
pulling de20d2cf2dc4: 100% ▕█████████████████ ▏  42 GB/ 42 GB  641 MB/s      0s[K
pulling 948af2743fc7: 100% ▕██████████████████▏ 1.5 KB                         [K
pulling 0ba8f0e314b4: 100% ▕██████████████████▏  12 KB                         [K
pulling 56bb8bd477a5: 100% ▕██████████████████▏   96 B                         [K
verifying sha256 digest ⠸ [K[?25h[?2026l[?2026h[?25l[A[A[A[A[A[1Gpulling manifest [K
pulling de20d2cf2dc4: 100% ▕█████████████████ ▏  42 GB/ 42 GB  641 MB/s      0s[K
pulling 948af2743fc7: 100% ▕██████████████████▏ 1.5 KB                         [K
pulling 0ba8f0e314b4: 100% ▕██████████████████▏  12 KB                         [K
pulling 56bb8bd477a5: 100% ▕██████████████████▏   96 B                         [K
verifying sha256 digest ⠼ [K[?25h[?2026l[?2026h[?25l[A[A[A[A[A[1Gpulling manifest [K
pulling de20d2cf2dc4: 100% ▕█████████████████ ▏  42 GB/ 42 GB  641 MB/s      0s[K
pulling 948af2743fc7: 100% ▕██████████████████▏ 1.5 KB                         [K
pulling 0ba8f0e314b4: 100% ▕██████████████████▏  12 KB                         [K
pulling 56bb8bd477a5: 100% ▕██████████████████▏   96 B                         [K
verifying sha256 digest ⠴ [K[?25h[?2026l[?2026h[?25l[A[A[A[A[A[1Gpulling manifest [K
pulling de20d2cf2dc4: 100% ▕█████████████████ ▏  42 GB/ 42 GB  641 MB/s      0s[K
pulling 948af2743fc7: 100% ▕██████████████████▏ 1.5 KB                         [K
pulling 0ba8f0e314b4: 100% ▕██████████████████▏  12 KB                         [K
pulling 56bb8bd477a5: 100% ▕██████████████████▏   96 B                         [K
verifying sha256 digest ⠦ [K[?25h[?2026l[?2026h[?25l[A[A[A[A[A[1Gpulling manifest [K
pulling de20d2cf2dc4: 100% ▕█████████████████ ▏  42 GB/ 42 GB  641 MB/s      0s[K
pulling 948af2743fc7: 100% ▕██████████████████▏ 1.5 KB                         [K
pulling 0ba8f0e314b4: 100% ▕██████████████████▏  12 KB                         [K
pulling 56bb8bd477a5: 100% ▕██████████████████▏   96 B                         [K
verifying sha256 digest ⠧ [K[?25h[?2026l[?2026h[?25l[A[A[A[A[A[1Gpulling manifest [K
pulling de20d2cf2dc4: 100% ▕█████████████████ ▏  42 GB/ 42 GB  641 MB/s      0s[K
pulling 948af2743fc7: 100% ▕██████████████████▏ 1.5 KB                         [K
pulling 0ba8f0e314b4: 100% ▕██████████████████▏  12 KB                         [K
pulling 56bb8bd477a5: 100% ▕██████████████████▏   96 B                         [K
verifying sha256 digest ⠇ [K[?25h[?2026l[?2026h[?25l[A[A[A[A[A[1Gpulling manifest [K
pulling de20d2cf2dc4: 100% ▕█████████████████ ▏  42 GB/ 42 GB  641 MB/s      0s[K
pulling 948af2743fc7: 100% ▕██████████████████▏ 1.5 KB                         [K
pulling 0ba8f0e314b4: 100% ▕██████████████████▏  12 KB                         [K
pulling 56bb8bd477a5: 100% ▕██████████████████▏   96 B                         [K
verifying sha256 digest ⠏ [K[?25h[?2026l[?2026h[?25l[A[A[A[A[A[1Gpulling manifest [K
pulling de20d2cf2dc4: 100% ▕█████████████████ ▏  42 GB/ 42 GB  641 MB/s      0s[K
pulling 948af2743fc7: 100% ▕██████████████████▏ 1.5 KB                         [K
pulling 0ba8f0e314b4: 100% ▕██████████████████▏  12 KB                         [K
pulling 56bb8bd477a5: 100% ▕██████████████████▏   96 B                         [K
verifying sha256 digest ⠋ [K[?25h[?2026l[?2026h[?25l[A[A[A[A[A[1Gpulling manifest [K
pulling de20d2cf2dc4: 100% ▕█████████████████ ▏  42 GB/ 42 GB  641 MB/s      0s[K
pulling 948af2743fc7: 100% ▕██████████████████▏ 1.5 KB                         [K
pulling 0ba8f0e314b4: 100% ▕██████████████████▏  12 KB                         [K
pulling 56bb8bd477a5: 100% ▕██████████████████▏   96 B                         [K
verifying sha256 digest ⠙ [K[?25h[?2026l[?2026h[?25l[A[A[A[A[A[1Gpulling manifest [K
pulling de20d2cf2dc4: 100% ▕█████████████████ ▏  42 GB/ 42 GB  641 MB/s      0s[K
pulling 948af2743fc7: 100% ▕██████████████████▏ 1.5 KB                         [K
pulling 0ba8f0e314b4: 100% ▕██████████████████▏  12 KB                         [K
pulling 56bb8bd477a5: 100% ▕██████████████████▏   96 B                         [K
verifying sha256 digest ⠹ [K[?25h[?2026l[?2026h[?25l[A[A[A[A[A[1Gpulling manifest [K
pulling de20d2cf2dc4: 100% ▕█████████████████ ▏  42 GB/ 42 GB  641 MB/s      0s[K
pulling 948af2743fc7: 100% ▕██████████████████▏ 1.5 KB                         [K
pulling 0ba8f0e314b4: 100% ▕██████████████████▏  12 KB                         [K
pulling 56bb8bd477a5: 100% ▕██████████████████▏   96 B                         [K
verifying sha256 digest ⠸ [K[?25h[?2026l[?2026h[?25l[A[A[A[A[A[1Gpulling manifest [K
pulling de20d2cf2dc4: 100% ▕█████████████████ ▏  42 GB/ 42 GB  641 MB/s      0s[K
pulling 948af2743fc7: 100% ▕██████████████████▏ 1.5 KB                         [K
pulling 0ba8f0e314b4: 100% ▕██████████████████▏  12 KB                         [K
pulling 56bb8bd477a5: 100% ▕██████████████████▏   96 B                         [K
verifying sha256 digest ⠼ [K[?25h[?2026l[?2026h[?25l[A[A[A[A[A[1Gpulling manifest [K
pulling de20d2cf2dc4: 100% ▕█████████████████ ▏  42 GB/ 42 GB  641 MB/s      0s[K
pulling 948af2743fc7: 100% ▕██████████████████▏ 1.5 KB                         [K
pulling 0ba8f0e314b4: 100% ▕██████████████████▏  12 KB                         [K
pulling 56bb8bd477a5: 100% ▕██████████████████▏   96 B                         [K
verifying sha256 digest ⠴ [K[?25h[?2026l[?2026h[?25l[A[A[A[A[A[1Gpulling manifest [K
pulling de20d2cf2dc4: 100% ▕█████████████████ ▏  42 GB/ 42 GB  641 MB/s      0s[K
pulling 948af2743fc7: 100% ▕██████████████████▏ 1.5 KB                         [K
pulling 0ba8f0e314b4: 100% ▕██████████████████▏  12 KB                         [K
pulling 56bb8bd477a5: 100% ▕██████████████████▏   96 B                         [K
verifying sha256 digest ⠦ [K[?25h[?2026l[?2026h[?25l[A[A[A[A[A[1Gpulling manifest [K
pulling de20d2cf2dc4: 100% ▕█████████████████ ▏  42 GB/ 42 GB  641 MB/s      0s[K
pulling 948af2743fc7: 100% ▕██████████████████▏ 1.5 KB                         [K
pulling 0ba8f0e314b4: 100% ▕██████████████████▏  12 KB                         [K
pulling 56bb8bd477a5: 100% ▕██████████████████▏   96 B                         [K
verifying sha256 digest ⠧ [K[?25h[?2026l[?2026h[?25l[A[A[A[A[A[1Gpulling manifest [K
pulling de20d2cf2dc4: 100% ▕█████████████████ ▏  42 GB/ 42 GB  641 MB/s      0s[K
pulling 948af2743fc7: 100% ▕██████████████████▏ 1.5 KB                         [K
pulling 0ba8f0e314b4: 100% ▕██████████████████▏  12 KB                         [K
pulling 56bb8bd477a5: 100% ▕██████████████████▏   96 B                         [K
verifying sha256 digest ⠇ [K[?25h[?2026l[?2026h[?25l[A[A[A[A[A[1Gpulling manifest [K
pulling de20d2cf2dc4: 100% ▕█████████████████ ▏  42 GB/ 42 GB  641 MB/s      0s[K
pulling 948af2743fc7: 100% ▕██████████████████▏ 1.5 KB                         [K
pulling 0ba8f0e314b4: 100% ▕██████████████████▏  12 KB                         [K
pulling 56bb8bd477a5: 100% ▕██████████████████▏   96 B                         [K
verifying sha256 digest ⠏ [K[?25h[?2026l[?2026h[?25l[A[A[A[A[A[1Gpulling manifest [K
pulling de20d2cf2dc4: 100% ▕█████████████████ ▏  42 GB/ 42 GB  641 MB/s      0s[K
pulling 948af2743fc7: 100% ▕██████████████████▏ 1.5 KB                         [K
pulling 0ba8f0e314b4: 100% ▕██████████████████▏  12 KB                         [K
pulling 56bb8bd477a5: 100% ▕██████████████████▏   96 B                         [K
verifying sha256 digest ⠋ [K[?25h[?2026l[?2026h[?25l[A[A[A[A[A[1Gpulling manifest [K
pulling de20d2cf2dc4: 100% ▕█████████████████ ▏  42 GB/ 42 GB  641 MB/s      0s[K
pulling 948af2743fc7: 100% ▕██████████████████▏ 1.5 KB                         [K
pulling 0ba8f0e314b4: 100% ▕██████████████████▏  12 KB                         [K
pulling 56bb8bd477a5: 100% ▕██████████████████▏   96 B                         [K
verifying sha256 digest ⠙ [K[?25h[?2026l[?2026h[?25l[A[A[A[A[A[1Gpulling manifest [K
pulling de20d2cf2dc4: 100% ▕█████████████████ ▏  42 GB/ 42 GB  641 MB/s      0s[K
pulling 948af2743fc7: 100% ▕██████████████████▏ 1.5 KB                         [K
pulling 0ba8f0e314b4: 100% ▕██████████████████▏  12 KB                         [K
pulling 56bb8bd477a5: 100% ▕██████████████████▏   96 B                         [K
verifying sha256 digest ⠹ [K[?25h[?2026l[?2026h[?25l[A[A[A[A[A[1Gpulling manifest [K
pulling de20d2cf2dc4: 100% ▕█████████████████ ▏  42 GB/ 42 GB  641 MB/s      0s[K
pulling 948af2743fc7: 100% ▕██████████████████▏ 1.5 KB                         [K
pulling 0ba8f0e314b4: 100% ▕██████████████████▏  12 KB                         [K
pulling 56bb8bd477a5: 100% ▕██████████████████▏   96 B                         [K
verifying sha256 digest ⠸ [K[?25h[?2026l[?2026h[?25l[A[A[A[A[A[1Gpulling manifest [K
pulling de20d2cf2dc4: 100% ▕█████████████████ ▏  42 GB/ 42 GB  641 MB/s      0s[K
pulling 948af2743fc7: 100% ▕██████████████████▏ 1.5 KB                         [K
pulling 0ba8f0e314b4: 100% ▕██████████████████▏  12 KB                         [K
pulling 56bb8bd477a5: 100% ▕██████████████████▏   96 B                         [K
verifying sha256 digest ⠼ [K[?25h[?2026l[?2026h[?25l[A[A[A[A[A[1Gpulling manifest [K
pulling de20d2cf2dc4: 100% ▕█████████████████ ▏  42 GB/ 42 GB  641 MB/s      0s[K
pulling 948af2743fc7: 100% ▕██████████████████▏ 1.5 KB                         [K
pulling 0ba8f0e314b4: 100% ▕██████████████████▏  12 KB                         [K
pulling 56bb8bd477a5: 100% ▕██████████████████▏   96 B                         [K
verifying sha256 digest ⠴ [K[?25h[?2026l[?2026h[?25l[A[A[A[A[A[1Gpulling manifest [K
pulling de20d2cf2dc4: 100% ▕█████████████████ ▏  42 GB/ 42 GB  641 MB/s      0s[K
pulling 948af2743fc7: 100% ▕██████████████████▏ 1.5 KB                         [K
pulling 0ba8f0e314b4: 100% ▕██████████████████▏  12 KB                         [K
pulling 56bb8bd477a5: 100% ▕██████████████████▏   96 B                         [K
verifying sha256 digest ⠦ [K[?25h[?2026l[?2026h[?25l[A[A[A[A[A[1Gpulling manifest [K
pulling de20d2cf2dc4: 100% ▕█████████████████ ▏  42 GB/ 42 GB  641 MB/s      0s[K
pulling 948af2743fc7: 100% ▕██████████████████▏ 1.5 KB                         [K
pulling 0ba8f0e314b4: 100% ▕██████████████████▏  12 KB                         [K
pulling 56bb8bd477a5: 100% ▕██████████████████▏   96 B                         [K
verifying sha256 digest ⠧ [K[?25h[?2026l[?2026h[?25l[A[A[A[A[A[1Gpulling manifest [K
pulling de20d2cf2dc4: 100% ▕█████████████████ ▏  42 GB/ 42 GB  641 MB/s      0s[K
pulling 948af2743fc7: 100% ▕██████████████████▏ 1.5 KB                         [K
pulling 0ba8f0e314b4: 100% ▕██████████████████▏  12 KB                         [K
pulling 56bb8bd477a5: 100% ▕██████████████████▏   96 B                         [K
verifying sha256 digest ⠇ [K[?25h[?2026l[?2026h[?25l[A[A[A[A[A[1Gpulling manifest [K
pulling de20d2cf2dc4: 100% ▕█████████████████ ▏  42 GB/ 42 GB  641 MB/s      0s[K
pulling 948af2743fc7: 100% ▕██████████████████▏ 1.5 KB                         [K
pulling 0ba8f0e314b4: 100% ▕██████████████████▏  12 KB                         [K
pulling 56bb8bd477a5: 100% ▕██████████████████▏   96 B                         [K
verifying sha256 digest ⠏ [K[?25h[?2026l[?2026h[?25l[A[A[A[A[A[1Gpulling manifest [K
pulling de20d2cf2dc4: 100% ▕█████████████████ ▏  42 GB/ 42 GB  641 MB/s      0s[K
pulling 948af2743fc7: 100% ▕██████████████████▏ 1.5 KB                         [K
pulling 0ba8f0e314b4: 100% ▕██████████████████▏  12 KB                         [K
pulling 56bb8bd477a5: 100% ▕██████████████████▏   96 B                         [K
verifying sha256 digest ⠋ [K[?25h[?2026l[?2026h[?25l[A[A[A[A[A[1Gpulling manifest [K
pulling de20d2cf2dc4: 100% ▕█████████████████ ▏  42 GB/ 42 GB  641 MB/s      0s[K
pulling 948af2743fc7: 100% ▕██████████████████▏ 1.5 KB                         [K
pulling 0ba8f0e314b4: 100% ▕██████████████████▏  12 KB                         [K
pulling 56bb8bd477a5: 100% ▕██████████████████▏   96 B                         [K
verifying sha256 digest ⠙ [K[?25h[?2026l[?2026h[?25l[A[A[A[A[A[1Gpulling manifest [K
pulling de20d2cf2dc4: 100% ▕█████████████████ ▏  42 GB/ 42 GB  641 MB/s      0s[K
pulling 948af2743fc7: 100% ▕██████████████████▏ 1.5 KB                         [K
pulling 0ba8f0e314b4: 100% ▕██████████████████▏  12 KB                         [K
pulling 56bb8bd477a5: 100% ▕██████████████████▏   96 B                         [K
verifying sha256 digest ⠹ [K[?25h[?2026l[?2026h[?25l[A[A[A[A[A[1Gpulling manifest [K
pulling de20d2cf2dc4: 100% ▕█████████████████ ▏  42 GB/ 42 GB  641 MB/s      0s[K
pulling 948af2743fc7: 100% ▕██████████████████▏ 1.5 KB                         [K
pulling 0ba8f0e314b4: 100% ▕██████████████████▏  12 KB                         [K
pulling 56bb8bd477a5: 100% ▕██████████████████▏   96 B                         [K
verifying sha256 digest ⠸ [K[?25h[?2026l[?2026h[?25l[A[A[A[A[A[1Gpulling manifest [K
pulling de20d2cf2dc4: 100% ▕█████████████████ ▏  42 GB/ 42 GB  641 MB/s      0s[K
pulling 948af2743fc7: 100% ▕██████████████████▏ 1.5 KB                         [K
pulling 0ba8f0e314b4: 100% ▕██████████████████▏  12 KB                         [K
pulling 56bb8bd477a5: 100% ▕██████████████████▏   96 B                         [K
verifying sha256 digest ⠼ [K[?25h[?2026l[?2026h[?25l[A[A[A[A[A[1Gpulling manifest [K
pulling de20d2cf2dc4: 100% ▕█████████████████ ▏  42 GB/ 42 GB  641 MB/s      0s[K
pulling 948af2743fc7: 100% ▕██████████████████▏ 1.5 KB                         [K
pulling 0ba8f0e314b4: 100% ▕██████████████████▏  12 KB                         [K
pulling 56bb8bd477a5: 100% ▕██████████████████▏   96 B                         [K
verifying sha256 digest ⠴ [K[?25h[?2026l[?2026h[?25l[A[A[A[A[A[1Gpulling manifest [K
pulling de20d2cf2dc4: 100% ▕█████████████████ ▏  42 GB/ 42 GB  641 MB/s      0s[K
pulling 948af2743fc7: 100% ▕██████████████████▏ 1.5 KB                         [K
pulling 0ba8f0e314b4: 100% ▕██████████████████▏  12 KB                         [K
pulling 56bb8bd477a5: 100% ▕██████████████████▏   96 B                         [K
verifying sha256 digest ⠦ [K[?25h[?2026l[?2026h[?25l[A[A[A[A[A[1Gpulling manifest [K
pulling de20d2cf2dc4: 100% ▕█████████████████ ▏  42 GB/ 42 GB  641 MB/s      0s[K
pulling 948af2743fc7: 100% ▕██████████████████▏ 1.5 KB                         [K
pulling 0ba8f0e314b4: 100% ▕██████████████████▏  12 KB                         [K
pulling 56bb8bd477a5: 100% ▕██████████████████▏   96 B                         [K
verifying sha256 digest ⠧ [K[?25h[?2026l[?2026h[?25l[A[A[A[A[A[1Gpulling manifest [K
pulling de20d2cf2dc4: 100% ▕█████████████████ ▏  42 GB/ 42 GB  641 MB/s      0s[K
pulling 948af2743fc7: 100% ▕██████████████████▏ 1.5 KB                         [K
pulling 0ba8f0e314b4: 100% ▕██████████████████▏  12 KB                         [K
pulling 56bb8bd477a5: 100% ▕██████████████████▏   96 B                         [K
verifying sha256 digest ⠇ [K[?25h[?2026l[?2026h[?25l[A[A[A[A[A[1Gpulling manifest [K
pulling de20d2cf2dc4: 100% ▕█████████████████ ▏  42 GB/ 42 GB  641 MB/s      0s[K
pulling 948af2743fc7: 100% ▕██████████████████▏ 1.5 KB                         [K
pulling 0ba8f0e314b4: 100% ▕██████████████████▏  12 KB                         [K
pulling 56bb8bd477a5: 100% ▕██████████████████▏   96 B                         [K
verifying sha256 digest ⠏ [K[?25h[?2026l[?2026h[?25l[A[A[A[A[A[1Gpulling manifest [K
pulling de20d2cf2dc4: 100% ▕█████████████████ ▏  42 GB/ 42 GB  641 MB/s      0s[K
pulling 948af2743fc7: 100% ▕██████████████████▏ 1.5 KB                         [K
pulling 0ba8f0e314b4: 100% ▕██████████████████▏  12 KB                         [K
pulling 56bb8bd477a5: 100% ▕██████████████████▏   96 B                         [K
verifying sha256 digest ⠋ [K[?25h[?2026l[?2026h[?25l[A[A[A[A[A[1Gpulling manifest [K
pulling de20d2cf2dc4: 100% ▕█████████████████ ▏  42 GB/ 42 GB  641 MB/s      0s[K
pulling 948af2743fc7: 100% ▕██████████████████▏ 1.5 KB                         [K
pulling 0ba8f0e314b4: 100% ▕██████████████████▏  12 KB                         [K
pulling 56bb8bd477a5: 100% ▕██████████████████▏   96 B                         [K
verifying sha256 digest ⠙ [K[?25h[?2026l[?2026h[?25l[A[A[A[A[A[1Gpulling manifest [K
pulling de20d2cf2dc4: 100% ▕█████████████████ ▏  42 GB/ 42 GB  641 MB/s      0s[K
pulling 948af2743fc7: 100% ▕██████████████████▏ 1.5 KB                         [K
pulling 0ba8f0e314b4: 100% ▕██████████████████▏  12 KB                         [K
pulling 56bb8bd477a5: 100% ▕██████████████████▏   96 B                         [K
verifying sha256 digest ⠹ [K[?25h[?2026l[?2026h[?25l[A[A[A[A[A[1Gpulling manifest [K
pulling de20d2cf2dc4: 100% ▕█████████████████ ▏  42 GB/ 42 GB  641 MB/s      0s[K
pulling 948af2743fc7: 100% ▕██████████████████▏ 1.5 KB                         [K
pulling 0ba8f0e314b4: 100% ▕██████████████████▏  12 KB                         [K
pulling 56bb8bd477a5: 100% ▕██████████████████▏   96 B                         [K
verifying sha256 digest ⠸ [K[?25h[?2026l[?2026h[?25l[A[A[A[A[A[1Gpulling manifest [K
pulling de20d2cf2dc4: 100% ▕█████████████████ ▏  42 GB/ 42 GB  641 MB/s      0s[K
pulling 948af2743fc7: 100% ▕██████████████████▏ 1.5 KB                         [K
pulling 0ba8f0e314b4: 100% ▕██████████████████▏  12 KB                         [K
pulling 56bb8bd477a5: 100% ▕██████████████████▏   96 B                         [K
verifying sha256 digest ⠼ [K[?25h[?2026l[?2026h[?25l[A[A[A[A[A[1Gpulling manifest [K
pulling de20d2cf2dc4: 100% ▕█████████████████ ▏  42 GB/ 42 GB  641 MB/s      0s[K
pulling 948af2743fc7: 100% ▕██████████████████▏ 1.5 KB                         [K
pulling 0ba8f0e314b4: 100% ▕██████████████████▏  12 KB                         [K
pulling 56bb8bd477a5: 100% ▕██████████████████▏   96 B                         [K
verifying sha256 digest ⠴ [K[?25h[?2026l[?2026h[?25l[A[A[A[A[A[1Gpulling manifest [K
pulling de20d2cf2dc4: 100% ▕█████████████████ ▏  42 GB/ 42 GB  641 MB/s      0s[K
pulling 948af2743fc7: 100% ▕██████████████████▏ 1.5 KB                         [K
pulling 0ba8f0e314b4: 100% ▕██████████████████▏  12 KB                         [K
pulling 56bb8bd477a5: 100% ▕██████████████████▏   96 B                         [K
verifying sha256 digest ⠦ [K[?25h[?2026l[?2026h[?25l[A[A[A[A[A[1Gpulling manifest [K
pulling de20d2cf2dc4: 100% ▕█████████████████ ▏  42 GB/ 42 GB  641 MB/s      0s[K
pulling 948af2743fc7: 100% ▕██████████████████▏ 1.5 KB                         [K
pulling 0ba8f0e314b4: 100% ▕██████████████████▏  12 KB                         [K
pulling 56bb8bd477a5: 100% ▕██████████████████▏   96 B                         [K
verifying sha256 digest ⠧ [K[?25h[?2026l[?2026h[?25l[A[A[A[A[A[1Gpulling manifest [K
pulling de20d2cf2dc4: 100% ▕█████████████████ ▏  42 GB/ 42 GB  641 MB/s      0s[K
pulling 948af2743fc7: 100% ▕██████████████████▏ 1.5 KB                         [K
pulling 0ba8f0e314b4: 100% ▕██████████████████▏  12 KB                         [K
pulling 56bb8bd477a5: 100% ▕██████████████████▏   96 B                         [K
verifying sha256 digest ⠇ [K[?25h[?2026l[?2026h[?25l[A[A[A[A[A[1Gpulling manifest [K
pulling de20d2cf2dc4: 100% ▕█████████████████ ▏  42 GB/ 42 GB  641 MB/s      0s[K
pulling 948af2743fc7: 100% ▕██████████████████▏ 1.5 KB                         [K
pulling 0ba8f0e314b4: 100% ▕██████████████████▏  12 KB                         [K
pulling 56bb8bd477a5: 100% ▕██████████████████▏   96 B                         [K
verifying sha256 digest ⠏ [K[?25h[?2026l[?2026h[?25l[A[A[A[A[A[1Gpulling manifest [K
pulling de20d2cf2dc4: 100% ▕█████████████████ ▏  42 GB/ 42 GB  641 MB/s      0s[K
pulling 948af2743fc7: 100% ▕██████████████████▏ 1.5 KB                         [K
pulling 0ba8f0e314b4: 100% ▕██████████████████▏  12 KB                         [K
pulling 56bb8bd477a5: 100% ▕██████████████████▏   96 B                         [K
verifying sha256 digest ⠋ [K[?25h[?2026l[?2026h[?25l[A[A[A[A[A[1Gpulling manifest [K
pulling de20d2cf2dc4: 100% ▕█████████████████ ▏  42 GB/ 42 GB  641 MB/s      0s[K
pulling 948af2743fc7: 100% ▕██████████████████▏ 1.5 KB                         [K
pulling 0ba8f0e314b4: 100% ▕██████████████████▏  12 KB                         [K
pulling 56bb8bd477a5: 100% ▕██████████████████▏   96 B                         [K
verifying sha256 digest ⠙ [K[?25h[?2026l[?2026h[?25l[A[A[A[A[A[1Gpulling manifest [K
pulling de20d2cf2dc4: 100% ▕█████████████████ ▏  42 GB/ 42 GB  641 MB/s      0s[K
pulling 948af2743fc7: 100% ▕██████████████████▏ 1.5 KB                         [K
pulling 0ba8f0e314b4: 100% ▕██████████████████▏  12 KB                         [K
pulling 56bb8bd477a5: 100% ▕██████████████████▏   96 B                         [K
verifying sha256 digest ⠹ [K[?25h[?2026l[?2026h[?25l[A[A[A[A[A[1Gpulling manifest [K
pulling de20d2cf2dc4: 100% ▕█████████████████ ▏  42 GB/ 42 GB  641 MB/s      0s[K
pulling 948af2743fc7: 100% ▕██████████████████▏ 1.5 KB                         [K
pulling 0ba8f0e314b4: 100% ▕██████████████████▏  12 KB                         [K
pulling 56bb8bd477a5: 100% ▕██████████████████▏   96 B                         [K
verifying sha256 digest ⠸ [K[?25h[?2026l[?2026h[?25l[A[A[A[A[A[1Gpulling manifest [K
pulling de20d2cf2dc4: 100% ▕█████████████████ ▏  42 GB/ 42 GB  641 MB/s      0s[K
pulling 948af2743fc7: 100% ▕██████████████████▏ 1.5 KB                         [K
pulling 0ba8f0e314b4: 100% ▕██████████████████▏  12 KB                         [K
pulling 56bb8bd477a5: 100% ▕██████████████████▏   96 B                         [K
verifying sha256 digest ⠼ [K[?25h[?2026l[?2026h[?25l[A[A[A[A[A[1Gpulling manifest [K
pulling de20d2cf2dc4: 100% ▕█████████████████ ▏  42 GB/ 42 GB  641 MB/s      0s[K
pulling 948af2743fc7: 100% ▕██████████████████▏ 1.5 KB                         [K
pulling 0ba8f0e314b4: 100% ▕██████████████████▏  12 KB                         [K
pulling 56bb8bd477a5: 100% ▕██████████████████▏   96 B                         [K
verifying sha256 digest ⠴ [K[?25h[?2026l[?2026h[?25l[A[A[A[A[A[1Gpulling manifest [K
pulling de20d2cf2dc4: 100% ▕█████████████████ ▏  42 GB/ 42 GB  641 MB/s      0s[K
pulling 948af2743fc7: 100% ▕██████████████████▏ 1.5 KB                         [K
pulling 0ba8f0e314b4: 100% ▕██████████████████▏  12 KB                         [K
pulling 56bb8bd477a5: 100% ▕██████████████████▏   96 B                         [K
verifying sha256 digest ⠦ [K[?25h[?2026l[?2026h[?25l[A[A[A[A[A[1Gpulling manifest [K
pulling de20d2cf2dc4: 100% ▕█████████████████ ▏  42 GB/ 42 GB  641 MB/s      0s[K
pulling 948af2743fc7: 100% ▕██████████████████▏ 1.5 KB                         [K
pulling 0ba8f0e314b4: 100% ▕██████████████████▏  12 KB                         [K
pulling 56bb8bd477a5: 100% ▕██████████████████▏   96 B                         [K
verifying sha256 digest ⠧ [K[?25h[?2026l[?2026h[?25l[A[A[A[A[A[1Gpulling manifest [K
pulling de20d2cf2dc4: 100% ▕█████████████████ ▏  42 GB/ 42 GB  641 MB/s      0s[K
pulling 948af2743fc7: 100% ▕██████████████████▏ 1.5 KB                         [K
pulling 0ba8f0e314b4: 100% ▕██████████████████▏  12 KB                         [K
pulling 56bb8bd477a5: 100% ▕██████████████████▏   96 B                         [K
verifying sha256 digest ⠇ [K[?25h[?2026l[?2026h[?25l[A[A[A[A[A[1Gpulling manifest [K
pulling de20d2cf2dc4: 100% ▕█████████████████ ▏  42 GB/ 42 GB  641 MB/s      0s[K
pulling 948af2743fc7: 100% ▕██████████████████▏ 1.5 KB                         [K
pulling 0ba8f0e314b4: 100% ▕██████████████████▏  12 KB                         [K
pulling 56bb8bd477a5: 100% ▕██████████████████▏   96 B                         [K
verifying sha256 digest ⠏ [K[?25h[?2026l[?2026h[?25l[A[A[A[A[A[1Gpulling manifest [K
pulling de20d2cf2dc4: 100% ▕█████████████████ ▏  42 GB/ 42 GB  641 MB/s      0s[K
pulling 948af2743fc7: 100% ▕██████████████████▏ 1.5 KB                         [K
pulling 0ba8f0e314b4: 100% ▕██████████████████▏  12 KB                         [K
pulling 56bb8bd477a5: 100% ▕██████████████████▏   96 B                         [K
verifying sha256 digest ⠋ [K[?25h[?2026l[?2026h[?25l[A[A[A[A[A[1Gpulling manifest [K
pulling de20d2cf2dc4: 100% ▕█████████████████ ▏  42 GB/ 42 GB  641 MB/s      0s[K
pulling 948af2743fc7: 100% ▕██████████████████▏ 1.5 KB                         [K
pulling 0ba8f0e314b4: 100% ▕██████████████████▏  12 KB                         [K
pulling 56bb8bd477a5: 100% ▕██████████████████▏   96 B                         [K
verifying sha256 digest ⠙ [K[?25h[?2026l[?2026h[?25l[A[A[A[A[A[1Gpulling manifest [K
pulling de20d2cf2dc4: 100% ▕█████████████████ ▏  42 GB/ 42 GB  641 MB/s      0s[K
pulling 948af2743fc7: 100% ▕██████████████████▏ 1.5 KB                         [K
pulling 0ba8f0e314b4: 100% ▕██████████████████▏  12 KB                         [K
pulling 56bb8bd477a5: 100% ▕██████████████████▏   96 B                         [K
verifying sha256 digest ⠹ [K[?25h[?2026l[?2026h[?25l[A[A[A[A[A[1Gpulling manifest [K
pulling de20d2cf2dc4: 100% ▕█████████████████ ▏  42 GB/ 42 GB  641 MB/s      0s[K
pulling 948af2743fc7: 100% ▕██████████████████▏ 1.5 KB                         [K
pulling 0ba8f0e314b4: 100% ▕██████████████████▏  12 KB                         [K
pulling 56bb8bd477a5: 100% ▕██████████████████▏   96 B                         [K
verifying sha256 digest ⠸ [K[?25h[?2026l[?2026h[?25l[A[A[A[A[A[1Gpulling manifest [K
pulling de20d2cf2dc4: 100% ▕█████████████████ ▏  42 GB/ 42 GB  641 MB/s      0s[K
pulling 948af2743fc7: 100% ▕██████████████████▏ 1.5 KB                         [K
pulling 0ba8f0e314b4: 100% ▕██████████████████▏  12 KB                         [K
pulling 56bb8bd477a5: 100% ▕██████████████████▏   96 B                         [K
verifying sha256 digest ⠼ [K[?25h[?2026l[?2026h[?25l[A[A[A[A[A[1Gpulling manifest [K
pulling de20d2cf2dc4: 100% ▕█████████████████ ▏  42 GB/ 42 GB  641 MB/s      0s[K
pulling 948af2743fc7: 100% ▕██████████████████▏ 1.5 KB                         [K
pulling 0ba8f0e314b4: 100% ▕██████████████████▏  12 KB                         [K
pulling 56bb8bd477a5: 100% ▕██████████████████▏   96 B                         [K
verifying sha256 digest ⠴ [K[?25h[?2026l[?2026h[?25l[A[A[A[A[A[1Gpulling manifest [K
pulling de20d2cf2dc4: 100% ▕█████████████████ ▏  42 GB/ 42 GB  641 MB/s      0s[K
pulling 948af2743fc7: 100% ▕██████████████████▏ 1.5 KB                         [K
pulling 0ba8f0e314b4: 100% ▕██████████████████▏  12 KB                         [K
pulling 56bb8bd477a5: 100% ▕██████████████████▏   96 B                         [K
verifying sha256 digest ⠦ [K[?25h[?2026l[?2026h[?25l[A[A[A[A[A[1Gpulling manifest [K
pulling de20d2cf2dc4: 100% ▕█████████████████ ▏  42 GB/ 42 GB  641 MB/s      0s[K
pulling 948af2743fc7: 100% ▕██████████████████▏ 1.5 KB                         [K
pulling 0ba8f0e314b4: 100% ▕██████████████████▏  12 KB                         [K
pulling 56bb8bd477a5: 100% ▕██████████████████▏   96 B                         [K
verifying sha256 digest ⠧ [K[?25h[?2026l[?2026h[?25l[A[A[A[A[A[1Gpulling manifest [K
pulling de20d2cf2dc4: 100% ▕█████████████████ ▏  42 GB/ 42 GB  641 MB/s      0s[K
pulling 948af2743fc7: 100% ▕██████████████████▏ 1.5 KB                         [K
pulling 0ba8f0e314b4: 100% ▕██████████████████▏  12 KB                         [K
pulling 56bb8bd477a5: 100% ▕██████████████████▏   96 B                         [K
verifying sha256 digest ⠇ [K[?25h[?2026l[?2026h[?25l[A[A[A[A[A[1Gpulling manifest [K
pulling de20d2cf2dc4: 100% ▕█████████████████ ▏  42 GB/ 42 GB  641 MB/s      0s[K
pulling 948af2743fc7: 100% ▕██████████████████▏ 1.5 KB                         [K
pulling 0ba8f0e314b4: 100% ▕██████████████████▏  12 KB                         [K
pulling 56bb8bd477a5: 100% ▕██████████████████▏   96 B                         [K
verifying sha256 digest ⠏ [K[?25h[?2026l[?2026h[?25l[A[A[A[A[A[1Gpulling manifest [K
pulling de20d2cf2dc4: 100% ▕█████████████████ ▏  42 GB/ 42 GB  641 MB/s      0s[K
pulling 948af2743fc7: 100% ▕██████████████████▏ 1.5 KB                         [K
pulling 0ba8f0e314b4: 100% ▕██████████████████▏  12 KB                         [K
pulling 56bb8bd477a5: 100% ▕██████████████████▏   96 B                         [K
verifying sha256 digest ⠋ [K[?25h[?2026l[?2026h[?25l[A[A[A[A[A[1Gpulling manifest [K
pulling de20d2cf2dc4: 100% ▕█████████████████ ▏  42 GB/ 42 GB  641 MB/s      0s[K
pulling 948af2743fc7: 100% ▕██████████████████▏ 1.5 KB                         [K
pulling 0ba8f0e314b4: 100% ▕██████████████████▏  12 KB                         [K
pulling 56bb8bd477a5: 100% ▕██████████████████▏   96 B                         [K
verifying sha256 digest ⠙ [K[?25h[?2026l[?2026h[?25l[A[A[A[A[A[1Gpulling manifest [K
pulling de20d2cf2dc4: 100% ▕█████████████████ ▏  42 GB/ 42 GB  641 MB/s      0s[K
pulling 948af2743fc7: 100% ▕██████████████████▏ 1.5 KB                         [K
pulling 0ba8f0e314b4: 100% ▕██████████████████▏  12 KB                         [K
pulling 56bb8bd477a5: 100% ▕██████████████████▏   96 B                         [K
verifying sha256 digest ⠹ [K[?25h[?2026l[?2026h[?25l[A[A[A[A[A[1Gpulling manifest [K
pulling de20d2cf2dc4: 100% ▕█████████████████ ▏  42 GB/ 42 GB  641 MB/s      0s[K
pulling 948af2743fc7: 100% ▕██████████████████▏ 1.5 KB                         [K
pulling 0ba8f0e314b4: 100% ▕██████████████████▏  12 KB                         [K
pulling 56bb8bd477a5: 100% ▕██████████████████▏   96 B                         [K
verifying sha256 digest ⠸ [K[?25h[?2026l[?2026h[?25l[A[A[A[A[A[1Gpulling manifest [K
pulling de20d2cf2dc4: 100% ▕█████████████████ ▏  42 GB/ 42 GB  641 MB/s      0s[K
pulling 948af2743fc7: 100% ▕██████████████████▏ 1.5 KB                         [K
pulling 0ba8f0e314b4: 100% ▕██████████████████▏  12 KB                         [K
pulling 56bb8bd477a5: 100% ▕██████████████████▏   96 B                         [K
verifying sha256 digest ⠼ [K[?25h[?2026l[?2026h[?25l[A[A[A[A[A[1Gpulling manifest [K
pulling de20d2cf2dc4: 100% ▕█████████████████ ▏  42 GB/ 42 GB  641 MB/s      0s[K
pulling 948af2743fc7: 100% ▕██████████████████▏ 1.5 KB                         [K
pulling 0ba8f0e314b4: 100% ▕██████████████████▏  12 KB                         [K
pulling 56bb8bd477a5: 100% ▕██████████████████▏   96 B                         [K
verifying sha256 digest ⠴ [K[?25h[?2026l[?2026h[?25l[A[A[A[A[A[1Gpulling manifest [K
pulling de20d2cf2dc4: 100% ▕█████████████████ ▏  42 GB/ 42 GB  641 MB/s      0s[K
pulling 948af2743fc7: 100% ▕██████████████████▏ 1.5 KB                         [K
pulling 0ba8f0e314b4: 100% ▕██████████████████▏  12 KB                         [K
pulling 56bb8bd477a5: 100% ▕██████████████████▏   96 B                         [K
verifying sha256 digest ⠦ [K[?25h[?2026l[?2026h[?25l[A[A[A[A[A[1Gpulling manifest [K
pulling de20d2cf2dc4: 100% ▕█████████████████ ▏  42 GB/ 42 GB  641 MB/s      0s[K
pulling 948af2743fc7: 100% ▕██████████████████▏ 1.5 KB                         [K
pulling 0ba8f0e314b4: 100% ▕██████████████████▏  12 KB                         [K
pulling 56bb8bd477a5: 100% ▕██████████████████▏   96 B                         [K
verifying sha256 digest ⠧ [K[?25h[?2026l[?2026h[?25l[A[A[A[A[A[1Gpulling manifest [K
pulling de20d2cf2dc4: 100% ▕█████████████████ ▏  42 GB/ 42 GB  641 MB/s      0s[K
pulling 948af2743fc7: 100% ▕██████████████████▏ 1.5 KB                         [K
pulling 0ba8f0e314b4: 100% ▕██████████████████▏  12 KB                         [K
pulling 56bb8bd477a5: 100% ▕██████████████████▏   96 B                         [K
verifying sha256 digest ⠇ [K[?25h[?2026l[?2026h[?25l[A[A[A[A[A[1Gpulling manifest [K
pulling de20d2cf2dc4: 100% ▕█████████████████ ▏  42 GB/ 42 GB  641 MB/s      0s[K
pulling 948af2743fc7: 100% ▕██████████████████▏ 1.5 KB                         [K
pulling 0ba8f0e314b4: 100% ▕██████████████████▏  12 KB                         [K
pulling 56bb8bd477a5: 100% ▕██████████████████▏   96 B                         [K
verifying sha256 digest ⠏ [K[?25h[?2026l[?2026h[?25l[A[A[A[A[A[1Gpulling manifest [K
pulling de20d2cf2dc4: 100% ▕█████████████████ ▏  42 GB/ 42 GB  641 MB/s      0s[K
pulling 948af2743fc7: 100% ▕██████████████████▏ 1.5 KB                         [K
pulling 0ba8f0e314b4: 100% ▕██████████████████▏  12 KB                         [K
pulling 56bb8bd477a5: 100% ▕██████████████████▏   96 B                         [K
verifying sha256 digest ⠋ [K[?25h[?2026l[?2026h[?25l[A[A[A[A[A[1Gpulling manifest [K
pulling de20d2cf2dc4: 100% ▕█████████████████ ▏  42 GB/ 42 GB  641 MB/s      0s[K
pulling 948af2743fc7: 100% ▕██████████████████▏ 1.5 KB                         [K
pulling 0ba8f0e314b4: 100% ▕██████████████████▏  12 KB                         [K
pulling 56bb8bd477a5: 100% ▕██████████████████▏   96 B                         [K
verifying sha256 digest ⠙ [K[?25h[?2026l[?2026h[?25l[A[A[A[A[A[1Gpulling manifest [K
pulling de20d2cf2dc4: 100% ▕█████████████████ ▏  42 GB/ 42 GB  641 MB/s      0s[K
pulling 948af2743fc7: 100% ▕██████████████████▏ 1.5 KB                         [K
pulling 0ba8f0e314b4: 100% ▕██████████████████▏  12 KB                         [K
pulling 56bb8bd477a5: 100% ▕██████████████████▏   96 B                         [K
verifying sha256 digest ⠹ [K[?25h[?2026l[?2026h[?25l[A[A[A[A[A[1Gpulling manifest [K
pulling de20d2cf2dc4: 100% ▕█████████████████ ▏  42 GB/ 42 GB  641 MB/s      0s[K
pulling 948af2743fc7: 100% ▕██████████████████▏ 1.5 KB                         [K
pulling 0ba8f0e314b4: 100% ▕██████████████████▏  12 KB                         [K
pulling 56bb8bd477a5: 100% ▕██████████████████▏   96 B                         [K
verifying sha256 digest ⠸ [K[?25h[?2026l[?2026h[?25l[A[A[A[A[A[1Gpulling manifest [K
pulling de20d2cf2dc4: 100% ▕█████████████████ ▏  42 GB/ 42 GB  641 MB/s      0s[K
pulling 948af2743fc7: 100% ▕██████████████████▏ 1.5 KB                         [K
pulling 0ba8f0e314b4: 100% ▕██████████████████▏  12 KB                         [K
pulling 56bb8bd477a5: 100% ▕██████████████████▏   96 B                         [K
verifying sha256 digest ⠼ [K[?25h[?2026l[?2026h[?25l[A[A[A[A[A[1Gpulling manifest [K
pulling de20d2cf2dc4: 100% ▕█████████████████ ▏  42 GB/ 42 GB  641 MB/s      0s[K
pulling 948af2743fc7: 100% ▕██████████████████▏ 1.5 KB                         [K
pulling 0ba8f0e314b4: 100% ▕██████████████████▏  12 KB                         [K
pulling 56bb8bd477a5: 100% ▕██████████████████▏   96 B                         [K
verifying sha256 digest ⠴ [K[?25h[?2026l[?2026h[?25l[A[A[A[A[A[1Gpulling manifest [K
pulling de20d2cf2dc4: 100% ▕█████████████████ ▏  42 GB/ 42 GB  641 MB/s      0s[K
pulling 948af2743fc7: 100% ▕██████████████████▏ 1.5 KB                         [K
pulling 0ba8f0e314b4: 100% ▕██████████████████▏  12 KB                         [K
pulling 56bb8bd477a5: 100% ▕██████████████████▏   96 B                         [K
verifying sha256 digest ⠦ [K[?25h[?2026l[?2026h[?25l[A[A[A[A[A[1Gpulling manifest [K
pulling de20d2cf2dc4: 100% ▕█████████████████ ▏  42 GB/ 42 GB  641 MB/s      0s[K
pulling 948af2743fc7: 100% ▕██████████████████▏ 1.5 KB                         [K
pulling 0ba8f0e314b4: 100% ▕██████████████████▏  12 KB                         [K
pulling 56bb8bd477a5: 100% ▕██████████████████▏   96 B                         [K
verifying sha256 digest ⠧ [K[?25h[?2026l[?2026h[?25l[A[A[A[A[A[1Gpulling manifest [K
pulling de20d2cf2dc4: 100% ▕█████████████████ ▏  42 GB/ 42 GB  641 MB/s      0s[K
pulling 948af2743fc7: 100% ▕██████████████████▏ 1.5 KB                         [K
pulling 0ba8f0e314b4: 100% ▕██████████████████▏  12 KB                         [K
pulling 56bb8bd477a5: 100% ▕██████████████████▏   96 B                         [K
verifying sha256 digest ⠇ [K[?25h[?2026l[?2026h[?25l[A[A[A[A[A[1Gpulling manifest [K
pulling de20d2cf2dc4: 100% ▕█████████████████ ▏  42 GB/ 42 GB  641 MB/s      0s[K
pulling 948af2743fc7: 100% ▕██████████████████▏ 1.5 KB                         [K
pulling 0ba8f0e314b4: 100% ▕██████████████████▏  12 KB                         [K
pulling 56bb8bd477a5: 100% ▕██████████████████▏   96 B                         [K
verifying sha256 digest ⠏ [K[?25h[?2026l[?2026h[?25l[A[A[A[A[A[1Gpulling manifest [K
pulling de20d2cf2dc4: 100% ▕█████████████████ ▏  42 GB/ 42 GB  641 MB/s      0s[K
pulling 948af2743fc7: 100% ▕██████████████████▏ 1.5 KB                         [K
pulling 0ba8f0e314b4: 100% ▕██████████████████▏  12 KB                         [K
pulling 56bb8bd477a5: 100% ▕██████████████████▏   96 B                         [K
verifying sha256 digest ⠋ [K[?25h[?2026l[?2026h[?25l[A[A[A[A[A[1Gpulling manifest [K
pulling de20d2cf2dc4: 100% ▕█████████████████ ▏  42 GB/ 42 GB  641 MB/s      0s[K
pulling 948af2743fc7: 100% ▕██████████████████▏ 1.5 KB                         [K
pulling 0ba8f0e314b4: 100% ▕██████████████████▏  12 KB                         [K
pulling 56bb8bd477a5: 100% ▕██████████████████▏   96 B                         [K
verifying sha256 digest ⠙ [K[?25h[?2026l[?2026h[?25l[A[A[A[A[A[1Gpulling manifest [K
pulling de20d2cf2dc4: 100% ▕█████████████████ ▏  42 GB/ 42 GB  641 MB/s      0s[K
pulling 948af2743fc7: 100% ▕██████████████████▏ 1.5 KB                         [K
pulling 0ba8f0e314b4: 100% ▕██████████████████▏  12 KB                         [K
pulling 56bb8bd477a5: 100% ▕██████████████████▏   96 B                         [K
verifying sha256 digest ⠹ [K[?25h[?2026l[?2026h[?25l[A[A[A[A[A[1Gpulling manifest [K
pulling de20d2cf2dc4: 100% ▕█████████████████ ▏  42 GB/ 42 GB  641 MB/s      0s[K
pulling 948af2743fc7: 100% ▕██████████████████▏ 1.5 KB                         [K
pulling 0ba8f0e314b4: 100% ▕██████████████████▏  12 KB                         [K
pulling 56bb8bd477a5: 100% ▕██████████████████▏   96 B                         [K
verifying sha256 digest ⠸ [K[?25h[?2026l[?2026h[?25l[A[A[A[A[A[1Gpulling manifest [K
pulling de20d2cf2dc4: 100% ▕█████████████████ ▏  42 GB/ 42 GB  641 MB/s      0s[K
pulling 948af2743fc7: 100% ▕██████████████████▏ 1.5 KB                         [K
pulling 0ba8f0e314b4: 100% ▕██████████████████▏  12 KB                         [K
pulling 56bb8bd477a5: 100% ▕██████████████████▏   96 B                         [K
verifying sha256 digest ⠼ [K[?25h[?2026l[?2026h[?25l[A[A[A[A[A[1Gpulling manifest [K
pulling de20d2cf2dc4: 100% ▕█████████████████ ▏  42 GB/ 42 GB  641 MB/s      0s[K
pulling 948af2743fc7: 100% ▕██████████████████▏ 1.5 KB                         [K
pulling 0ba8f0e314b4: 100% ▕██████████████████▏  12 KB                         [K
pulling 56bb8bd477a5: 100% ▕██████████████████▏   96 B                         [K
verifying sha256 digest ⠴ [K[?25h[?2026l[?2026h[?25l[A[A[A[A[A[1Gpulling manifest [K
pulling de20d2cf2dc4: 100% ▕█████████████████ ▏  42 GB/ 42 GB  641 MB/s      0s[K
pulling 948af2743fc7: 100% ▕██████████████████▏ 1.5 KB                         [K
pulling 0ba8f0e314b4: 100% ▕██████████████████▏  12 KB                         [K
pulling 56bb8bd477a5: 100% ▕██████████████████▏   96 B                         [K
verifying sha256 digest ⠦ [K[?25h[?2026l[?2026h[?25l[A[A[A[A[A[1Gpulling manifest [K
pulling de20d2cf2dc4: 100% ▕█████████████████ ▏  42 GB/ 42 GB  641 MB/s      0s[K
pulling 948af2743fc7: 100% ▕██████████████████▏ 1.5 KB                         [K
pulling 0ba8f0e314b4: 100% ▕██████████████████▏  12 KB                         [K
pulling 56bb8bd477a5: 100% ▕██████████████████▏   96 B                         [K
verifying sha256 digest ⠧ [K[?25h[?2026l[?2026h[?25l[A[A[A[A[A[1Gpulling manifest [K
pulling de20d2cf2dc4: 100% ▕█████████████████ ▏  42 GB/ 42 GB  641 MB/s      0s[K
pulling 948af2743fc7: 100% ▕██████████████████▏ 1.5 KB                         [K
pulling 0ba8f0e314b4: 100% ▕██████████████████▏  12 KB                         [K
pulling 56bb8bd477a5: 100% ▕██████████████████▏   96 B                         [K
verifying sha256 digest ⠇ [K[?25h[?2026l[?2026h[?25l[A[A[A[A[A[1Gpulling manifest [K
pulling de20d2cf2dc4: 100% ▕█████████████████ ▏  42 GB/ 42 GB  641 MB/s      0s[K
pulling 948af2743fc7: 100% ▕██████████████████▏ 1.5 KB                         [K
pulling 0ba8f0e314b4: 100% ▕██████████████████▏  12 KB                         [K
pulling 56bb8bd477a5: 100% ▕██████████████████▏   96 B                         [K
verifying sha256 digest ⠏ [K[?25h[?2026l[?2026h[?25l[A[A[A[A[A[1Gpulling manifest [K
pulling de20d2cf2dc4: 100% ▕█████████████████ ▏  42 GB/ 42 GB  641 MB/s      0s[K
pulling 948af2743fc7: 100% ▕██████████████████▏ 1.5 KB                         [K
pulling 0ba8f0e314b4: 100% ▕██████████████████▏  12 KB                         [K
pulling 56bb8bd477a5: 100% ▕██████████████████▏   96 B                         [K
verifying sha256 digest ⠋ [K[?25h[?2026l[?2026h[?25l[A[A[A[A[A[1Gpulling manifest [K
pulling de20d2cf2dc4: 100% ▕█████████████████ ▏  42 GB/ 42 GB  641 MB/s      0s[K
pulling 948af2743fc7: 100% ▕██████████████████▏ 1.5 KB                         [K
pulling 0ba8f0e314b4: 100% ▕██████████████████▏  12 KB                         [K
pulling 56bb8bd477a5: 100% ▕██████████████████▏   96 B                         [K
verifying sha256 digest ⠙ [K[?25h[?2026l[?2026h[?25l[A[A[A[A[A[1Gpulling manifest [K
pulling de20d2cf2dc4: 100% ▕█████████████████ ▏  42 GB/ 42 GB  641 MB/s      0s[K
pulling 948af2743fc7: 100% ▕██████████████████▏ 1.5 KB                         [K
pulling 0ba8f0e314b4: 100% ▕██████████████████▏  12 KB                         [K
pulling 56bb8bd477a5: 100% ▕██████████████████▏   96 B                         [K
verifying sha256 digest ⠹ [K[?25h[?2026l[?2026h[?25l[A[A[A[A[A[1Gpulling manifest [K
pulling de20d2cf2dc4: 100% ▕█████████████████ ▏  42 GB/ 42 GB  641 MB/s      0s[K
pulling 948af2743fc7: 100% ▕██████████████████▏ 1.5 KB                         [K
pulling 0ba8f0e314b4: 100% ▕██████████████████▏  12 KB                         [K
pulling 56bb8bd477a5: 100% ▕██████████████████▏   96 B                         [K
verifying sha256 digest ⠸ [K[?25h[?2026l[?2026h[?25l[A[A[A[A[A[1Gpulling manifest [K
pulling de20d2cf2dc4: 100% ▕█████████████████ ▏  42 GB/ 42 GB  641 MB/s      0s[K
pulling 948af2743fc7: 100% ▕██████████████████▏ 1.5 KB                         [K
pulling 0ba8f0e314b4: 100% ▕██████████████████▏  12 KB                         [K
pulling 56bb8bd477a5: 100% ▕██████████████████▏   96 B                         [K
verifying sha256 digest ⠼ [K[?25h[?2026l[?2026h[?25l[A[A[A[A[A[1Gpulling manifest [K
pulling de20d2cf2dc4: 100% ▕█████████████████ ▏  42 GB/ 42 GB  641 MB/s      0s[K
pulling 948af2743fc7: 100% ▕██████████████████▏ 1.5 KB                         [K
pulling 0ba8f0e314b4: 100% ▕██████████████████▏  12 KB                         [K
pulling 56bb8bd477a5: 100% ▕██████████████████▏   96 B                         [K
verifying sha256 digest ⠴ [K[?25h[?2026l[?2026h[?25l[A[A[A[A[A[1Gpulling manifest [K
pulling de20d2cf2dc4: 100% ▕█████████████████ ▏  42 GB/ 42 GB  641 MB/s      0s[K
pulling 948af2743fc7: 100% ▕██████████████████▏ 1.5 KB                         [K
pulling 0ba8f0e314b4: 100% ▕██████████████████▏  12 KB                         [K
pulling 56bb8bd477a5: 100% ▕██████████████████▏   96 B                         [K
verifying sha256 digest ⠦ [K[?25h[?2026l[?2026h[?25l[A[A[A[A[A[1Gpulling manifest [K
pulling de20d2cf2dc4: 100% ▕█████████████████ ▏  42 GB/ 42 GB  641 MB/s      0s[K
pulling 948af2743fc7: 100% ▕██████████████████▏ 1.5 KB                         [K
pulling 0ba8f0e314b4: 100% ▕██████████████████▏  12 KB                         [K
pulling 56bb8bd477a5: 100% ▕██████████████████▏   96 B                         [K
verifying sha256 digest ⠧ [K[?25h[?2026l[?2026h[?25l[A[A[A[A[A[1Gpulling manifest [K
pulling de20d2cf2dc4: 100% ▕█████████████████ ▏  42 GB/ 42 GB  641 MB/s      0s[K
pulling 948af2743fc7: 100% ▕██████████████████▏ 1.5 KB                         [K
pulling 0ba8f0e314b4: 100% ▕██████████████████▏  12 KB                         [K
pulling 56bb8bd477a5: 100% ▕██████████████████▏   96 B                         [K
verifying sha256 digest ⠇ [K[?25h[?2026l[?2026h[?25l[A[A[A[A[A[1Gpulling manifest [K
pulling de20d2cf2dc4: 100% ▕█████████████████ ▏  42 GB/ 42 GB  641 MB/s      0s[K
pulling 948af2743fc7: 100% ▕██████████████████▏ 1.5 KB                         [K
pulling 0ba8f0e314b4: 100% ▕██████████████████▏  12 KB                         [K
pulling 56bb8bd477a5: 100% ▕██████████████████▏   96 B                         [K
verifying sha256 digest ⠏ [K[?25h[?2026l[?2026h[?25l[A[A[A[A[A[1Gpulling manifest [K
pulling de20d2cf2dc4: 100% ▕█████████████████ ▏  42 GB/ 42 GB  641 MB/s      0s[K
pulling 948af2743fc7: 100% ▕██████████████████▏ 1.5 KB                         [K
pulling 0ba8f0e314b4: 100% ▕██████████████████▏  12 KB                         [K
pulling 56bb8bd477a5: 100% ▕██████████████████▏   96 B                         [K
verifying sha256 digest ⠋ [K[?25h[?2026l[?2026h[?25l[A[A[A[A[A[1Gpulling manifest [K
pulling de20d2cf2dc4: 100% ▕█████████████████ ▏  42 GB/ 42 GB  641 MB/s      0s[K
pulling 948af2743fc7: 100% ▕██████████████████▏ 1.5 KB                         [K
pulling 0ba8f0e314b4: 100% ▕██████████████████▏  12 KB                         [K
pulling 56bb8bd477a5: 100% ▕██████████████████▏   96 B                         [K
verifying sha256 digest ⠙ [K[?25h[?2026l[?2026h[?25l[A[A[A[A[A[1Gpulling manifest [K
pulling de20d2cf2dc4: 100% ▕█████████████████ ▏  42 GB/ 42 GB  641 MB/s      0s[K
pulling 948af2743fc7: 100% ▕██████████████████▏ 1.5 KB                         [K
pulling 0ba8f0e314b4: 100% ▕██████████████████▏  12 KB                         [K
pulling 56bb8bd477a5: 100% ▕██████████████████▏   96 B                         [K
verifying sha256 digest ⠹ [K[?25h[?2026l[?2026h[?25l[A[A[A[A[A[1Gpulling manifest [K
pulling de20d2cf2dc4: 100% ▕█████████████████ ▏  42 GB/ 42 GB  641 MB/s      0s[K
pulling 948af2743fc7: 100% ▕██████████████████▏ 1.5 KB                         [K
pulling 0ba8f0e314b4: 100% ▕██████████████████▏  12 KB                         [K
pulling 56bb8bd477a5: 100% ▕██████████████████▏   96 B                         [K
verifying sha256 digest ⠸ [K[?25h[?2026l[?2026h[?25l[A[A[A[A[A[1Gpulling manifest [K
pulling de20d2cf2dc4: 100% ▕█████████████████ ▏  42 GB/ 42 GB  641 MB/s      0s[K
pulling 948af2743fc7: 100% ▕██████████████████▏ 1.5 KB                         [K
pulling 0ba8f0e314b4: 100% ▕██████████████████▏  12 KB                         [K
pulling 56bb8bd477a5: 100% ▕██████████████████▏   96 B                         [K
verifying sha256 digest ⠼ [K[?25h[?2026l[?2026h[?25l[A[A[A[A[A[1Gpulling manifest [K
pulling de20d2cf2dc4: 100% ▕█████████████████ ▏  42 GB/ 42 GB  641 MB/s      0s[K
pulling 948af2743fc7: 100% ▕██████████████████▏ 1.5 KB                         [K
pulling 0ba8f0e314b4: 100% ▕██████████████████▏  12 KB                         [K
pulling 56bb8bd477a5: 100% ▕██████████████████▏   96 B                         [K
verifying sha256 digest ⠴ [K[?25h[?2026l[?2026h[?25l[A[A[A[A[A[1Gpulling manifest [K
pulling de20d2cf2dc4: 100% ▕█████████████████ ▏  42 GB/ 42 GB  641 MB/s      0s[K
pulling 948af2743fc7: 100% ▕██████████████████▏ 1.5 KB                         [K
pulling 0ba8f0e314b4: 100% ▕██████████████████▏  12 KB                         [K
pulling 56bb8bd477a5: 100% ▕██████████████████▏   96 B                         [K
verifying sha256 digest ⠦ [K[?25h[?2026l[?2026h[?25l[A[A[A[A[A[1Gpulling manifest [K
pulling de20d2cf2dc4: 100% ▕█████████████████ ▏  42 GB/ 42 GB  641 MB/s      0s[K
pulling 948af2743fc7: 100% ▕██████████████████▏ 1.5 KB                         [K
pulling 0ba8f0e314b4: 100% ▕██████████████████▏  12 KB                         [K
pulling 56bb8bd477a5: 100% ▕██████████████████▏   96 B                         [K
verifying sha256 digest ⠧ [K[?25h[?2026l[?2026h[?25l[A[A[A[A[A[1Gpulling manifest [K
pulling de20d2cf2dc4: 100% ▕█████████████████ ▏  42 GB/ 42 GB  641 MB/s      0s[K
pulling 948af2743fc7: 100% ▕██████████████████▏ 1.5 KB                         [K
pulling 0ba8f0e314b4: 100% ▕██████████████████▏  12 KB                         [K
pulling 56bb8bd477a5: 100% ▕██████████████████▏   96 B                         [K
verifying sha256 digest ⠇ [K[?25h[?2026l[?2026h[?25l[A[A[A[A[A[1Gpulling manifest [K
pulling de20d2cf2dc4: 100% ▕█████████████████ ▏  42 GB/ 42 GB  641 MB/s      0s[K
pulling 948af2743fc7: 100% ▕██████████████████▏ 1.5 KB                         [K
pulling 0ba8f0e314b4: 100% ▕██████████████████▏  12 KB                         [K
pulling 56bb8bd477a5: 100% ▕██████████████████▏   96 B                         [K
verifying sha256 digest ⠏ [K[?25h[?2026l[?2026h[?25l[A[A[A[A[A[1Gpulling manifest [K
pulling de20d2cf2dc4: 100% ▕█████████████████ ▏  42 GB/ 42 GB  641 MB/s      0s[K
pulling 948af2743fc7: 100% ▕██████████████████▏ 1.5 KB                         [K
pulling 0ba8f0e314b4: 100% ▕██████████████████▏  12 KB                         [K
pulling 56bb8bd477a5: 100% ▕██████████████████▏   96 B                         [K
verifying sha256 digest ⠋ [K[?25h[?2026l[?2026h[?25l[A[A[A[A[A[1Gpulling manifest [K
pulling de20d2cf2dc4: 100% ▕█████████████████ ▏  42 GB/ 42 GB  641 MB/s      0s[K
pulling 948af2743fc7: 100% ▕██████████████████▏ 1.5 KB                         [K
pulling 0ba8f0e314b4: 100% ▕██████████████████▏  12 KB                         [K
pulling 56bb8bd477a5: 100% ▕██████████████████▏   96 B                         [K
verifying sha256 digest ⠙ [K[?25h[?2026l[?2026h[?25l[A[A[A[A[A[1Gpulling manifest [K
pulling de20d2cf2dc4: 100% ▕█████████████████ ▏  42 GB/ 42 GB  641 MB/s      0s[K
pulling 948af2743fc7: 100% ▕██████████████████▏ 1.5 KB                         [K
pulling 0ba8f0e314b4: 100% ▕██████████████████▏  12 KB                         [K
pulling 56bb8bd477a5: 100% ▕██████████████████▏   96 B                         [K
verifying sha256 digest ⠹ [K[?25h[?2026l[?2026h[?25l[A[A[A[A[A[1Gpulling manifest [K
pulling de20d2cf2dc4: 100% ▕█████████████████ ▏  42 GB/ 42 GB  641 MB/s      0s[K
pulling 948af2743fc7: 100% ▕██████████████████▏ 1.5 KB                         [K
pulling 0ba8f0e314b4: 100% ▕██████████████████▏  12 KB                         [K
pulling 56bb8bd477a5: 100% ▕██████████████████▏   96 B                         [K
verifying sha256 digest ⠸ [K[?25h[?2026l[?2026h[?25l[A[A[A[A[A[1Gpulling manifest [K
pulling de20d2cf2dc4: 100% ▕█████████████████ ▏  42 GB/ 42 GB  641 MB/s      0s[K
pulling 948af2743fc7: 100% ▕██████████████████▏ 1.5 KB                         [K
pulling 0ba8f0e314b4: 100% ▕██████████████████▏  12 KB                         [K
pulling 56bb8bd477a5: 100% ▕██████████████████▏   96 B                         [K
verifying sha256 digest ⠼ [K[?25h[?2026l[?2026h[?25l[A[A[A[A[A[1Gpulling manifest [K
pulling de20d2cf2dc4: 100% ▕█████████████████ ▏  42 GB/ 42 GB  641 MB/s      0s[K
pulling 948af2743fc7: 100% ▕██████████████████▏ 1.5 KB                         [K
pulling 0ba8f0e314b4: 100% ▕██████████████████▏  12 KB                         [K
pulling 56bb8bd477a5: 100% ▕██████████████████▏   96 B                         [K
verifying sha256 digest ⠴ [K[?25h[?2026l[?2026h[?25l[A[A[A[A[A[1Gpulling manifest [K
pulling de20d2cf2dc4: 100% ▕█████████████████ ▏  42 GB/ 42 GB  641 MB/s      0s[K
pulling 948af2743fc7: 100% ▕██████████████████▏ 1.5 KB                         [K
pulling 0ba8f0e314b4: 100% ▕██████████████████▏  12 KB                         [K
pulling 56bb8bd477a5: 100% ▕██████████████████▏   96 B                         [K
verifying sha256 digest ⠦ [K[?25h[?2026l[?2026h[?25l[A[A[A[A[A[1Gpulling manifest [K
pulling de20d2cf2dc4: 100% ▕█████████████████ ▏  42 GB/ 42 GB  641 MB/s      0s[K
pulling 948af2743fc7: 100% ▕██████████████████▏ 1.5 KB                         [K
pulling 0ba8f0e314b4: 100% ▕██████████████████▏  12 KB                         [K
pulling 56bb8bd477a5: 100% ▕██████████████████▏   96 B                         [K
verifying sha256 digest ⠧ [K[?25h[?2026l[?2026h[?25l[A[A[A[A[A[1Gpulling manifest [K
pulling de20d2cf2dc4: 100% ▕█████████████████ ▏  42 GB/ 42 GB  641 MB/s      0s[K
pulling 948af2743fc7: 100% ▕██████████████████▏ 1.5 KB                         [K
pulling 0ba8f0e314b4: 100% ▕██████████████████▏  12 KB                         [K
pulling 56bb8bd477a5: 100% ▕██████████████████▏   96 B                         [K
verifying sha256 digest ⠇ [K[?25h[?2026l[?2026h[?25l[A[A[A[A[A[1Gpulling manifest [K
pulling de20d2cf2dc4: 100% ▕█████████████████ ▏  42 GB/ 42 GB  641 MB/s      0s[K
pulling 948af2743fc7: 100% ▕██████████████████▏ 1.5 KB                         [K
pulling 0ba8f0e314b4: 100% ▕██████████████████▏  12 KB                         [K
pulling 56bb8bd477a5: 100% ▕██████████████████▏   96 B                         [K
verifying sha256 digest ⠏ [K[?25h[?2026l[?2026h[?25l[A[A[A[A[A[1Gpulling manifest [K
pulling de20d2cf2dc4: 100% ▕█████████████████ ▏  42 GB/ 42 GB  641 MB/s      0s[K
pulling 948af2743fc7: 100% ▕██████████████████▏ 1.5 KB                         [K
pulling 0ba8f0e314b4: 100% ▕██████████████████▏  12 KB                         [K
pulling 56bb8bd477a5: 100% ▕██████████████████▏   96 B                         [K
verifying sha256 digest ⠋ [K[?25h[?2026l[?2026h[?25l[A[A[A[A[A[1Gpulling manifest [K
pulling de20d2cf2dc4: 100% ▕█████████████████ ▏  42 GB/ 42 GB  641 MB/s      0s[K
pulling 948af2743fc7: 100% ▕██████████████████▏ 1.5 KB                         [K
pulling 0ba8f0e314b4: 100% ▕██████████████████▏  12 KB                         [K
pulling 56bb8bd477a5: 100% ▕██████████████████▏   96 B                         [K
verifying sha256 digest ⠙ [K[?25h[?2026l[?2026h[?25l[A[A[A[A[A[1Gpulling manifest [K
pulling de20d2cf2dc4: 100% ▕█████████████████ ▏  42 GB/ 42 GB  641 MB/s      0s[K
pulling 948af2743fc7: 100% ▕██████████████████▏ 1.5 KB                         [K
pulling 0ba8f0e314b4: 100% ▕██████████████████▏  12 KB                         [K
pulling 56bb8bd477a5: 100% ▕██████████████████▏   96 B                         [K
verifying sha256 digest ⠹ [K[?25h[?2026l[?2026h[?25l[A[A[A[A[A[1Gpulling manifest [K
pulling de20d2cf2dc4: 100% ▕█████████████████ ▏  42 GB/ 42 GB  641 MB/s      0s[K
pulling 948af2743fc7: 100% ▕██████████████████▏ 1.5 KB                         [K
pulling 0ba8f0e314b4: 100% ▕██████████████████▏  12 KB                         [K
pulling 56bb8bd477a5: 100% ▕██████████████████▏   96 B                         [K
verifying sha256 digest ⠸ [K[?25h[?2026l[?2026h[?25l[A[A[A[A[A[1Gpulling manifest [K
pulling de20d2cf2dc4: 100% ▕█████████████████ ▏  42 GB/ 42 GB  641 MB/s      0s[K
pulling 948af2743fc7: 100% ▕██████████████████▏ 1.5 KB                         [K
pulling 0ba8f0e314b4: 100% ▕██████████████████▏  12 KB                         [K
pulling 56bb8bd477a5: 100% ▕██████████████████▏   96 B                         [K
verifying sha256 digest ⠼ [K[?25h[?2026l[?2026h[?25l[A[A[A[A[A[1Gpulling manifest [K
pulling de20d2cf2dc4: 100% ▕█████████████████ ▏  42 GB/ 42 GB  641 MB/s      0s[K
pulling 948af2743fc7: 100% ▕██████████████████▏ 1.5 KB                         [K
pulling 0ba8f0e314b4: 100% ▕██████████████████▏  12 KB                         [K
pulling 56bb8bd477a5: 100% ▕██████████████████▏   96 B                         [K
verifying sha256 digest ⠴ [K[?25h[?2026l[?2026h[?25l[A[A[A[A[A[1Gpulling manifest [K
pulling de20d2cf2dc4: 100% ▕█████████████████ ▏  42 GB/ 42 GB  641 MB/s      0s[K
pulling 948af2743fc7: 100% ▕██████████████████▏ 1.5 KB                         [K
pulling 0ba8f0e314b4: 100% ▕██████████████████▏  12 KB                         [K
pulling 56bb8bd477a5: 100% ▕██████████████████▏   96 B                         [K
verifying sha256 digest ⠦ [K[?25h[?2026l[?2026h[?25l[A[A[A[A[A[1Gpulling manifest [K
pulling de20d2cf2dc4: 100% ▕█████████████████ ▏  42 GB/ 42 GB  641 MB/s      0s[K
pulling 948af2743fc7: 100% ▕██████████████████▏ 1.5 KB                         [K
pulling 0ba8f0e314b4: 100% ▕██████████████████▏  12 KB                         [K
pulling 56bb8bd477a5: 100% ▕██████████████████▏   96 B                         [K
verifying sha256 digest ⠧ [K[?25h[?2026l[?2026h[?25l[A[A[A[A[A[1Gpulling manifest [K
pulling de20d2cf2dc4: 100% ▕█████████████████ ▏  42 GB/ 42 GB  641 MB/s      0s[K
pulling 948af2743fc7: 100% ▕██████████████████▏ 1.5 KB                         [K
pulling 0ba8f0e314b4: 100% ▕██████████████████▏  12 KB                         [K
pulling 56bb8bd477a5: 100% ▕██████████████████▏   96 B                         [K
verifying sha256 digest ⠇ [K[?25h[?2026l[?2026h[?25l[A[A[A[A[A[1Gpulling manifest [K
pulling de20d2cf2dc4: 100% ▕█████████████████ ▏  42 GB/ 42 GB  641 MB/s      0s[K
pulling 948af2743fc7: 100% ▕██████████████████▏ 1.5 KB                         [K
pulling 0ba8f0e314b4: 100% ▕██████████████████▏  12 KB                         [K
pulling 56bb8bd477a5: 100% ▕██████████████████▏   96 B                         [K
verifying sha256 digest ⠏ [K[?25h[?2026l[?2026h[?25l[A[A[A[A[A[1Gpulling manifest [K
pulling de20d2cf2dc4: 100% ▕█████████████████ ▏  42 GB/ 42 GB  641 MB/s      0s[K
pulling 948af2743fc7: 100% ▕██████████████████▏ 1.5 KB                         [K
pulling 0ba8f0e314b4: 100% ▕██████████████████▏  12 KB                         [K
pulling 56bb8bd477a5: 100% ▕██████████████████▏   96 B                         [K
verifying sha256 digest ⠋ [K[?25h[?2026l[?2026h[?25l[A[A[A[A[A[1Gpulling manifest [K
pulling de20d2cf2dc4: 100% ▕█████████████████ ▏  42 GB/ 42 GB  641 MB/s      0s[K
pulling 948af2743fc7: 100% ▕██████████████████▏ 1.5 KB                         [K
pulling 0ba8f0e314b4: 100% ▕██████████████████▏  12 KB                         [K
pulling 56bb8bd477a5: 100% ▕██████████████████▏   96 B                         [K
verifying sha256 digest ⠙ [K[?25h[?2026l[?2026h[?25l[A[A[A[A[A[1Gpulling manifest [K
pulling de20d2cf2dc4: 100% ▕█████████████████ ▏  42 GB/ 42 GB  641 MB/s      0s[K
pulling 948af2743fc7: 100% ▕██████████████████▏ 1.5 KB                         [K
pulling 0ba8f0e314b4: 100% ▕██████████████████▏  12 KB                         [K
pulling 56bb8bd477a5: 100% ▕██████████████████▏   96 B                         [K
verifying sha256 digest ⠹ [K[?25h[?2026l[?2026h[?25l[A[A[A[A[A[1Gpulling manifest [K
pulling de20d2cf2dc4: 100% ▕█████████████████ ▏  42 GB/ 42 GB  641 MB/s      0s[K
pulling 948af2743fc7: 100% ▕██████████████████▏ 1.5 KB                         [K
pulling 0ba8f0e314b4: 100% ▕██████████████████▏  12 KB                         [K
pulling 56bb8bd477a5: 100% ▕██████████████████▏   96 B                         [K
verifying sha256 digest ⠸ [K[?25h[?2026l[?2026h[?25l[A[A[A[A[A[1Gpulling manifest [K
pulling de20d2cf2dc4: 100% ▕█████████████████ ▏  42 GB/ 42 GB  641 MB/s      0s[K
pulling 948af2743fc7: 100% ▕██████████████████▏ 1.5 KB                         [K
pulling 0ba8f0e314b4: 100% ▕██████████████████▏  12 KB                         [K
pulling 56bb8bd477a5: 100% ▕██████████████████▏   96 B                         [K
verifying sha256 digest ⠼ [K[?25h[?2026l[?2026h[?25l[A[A[A[A[A[1Gpulling manifest [K
pulling de20d2cf2dc4: 100% ▕█████████████████ ▏  42 GB/ 42 GB  641 MB/s      0s[K
pulling 948af2743fc7: 100% ▕██████████████████▏ 1.5 KB                         [K
pulling 0ba8f0e314b4: 100% ▕██████████████████▏  12 KB                         [K
pulling 56bb8bd477a5: 100% ▕██████████████████▏   96 B                         [K
verifying sha256 digest ⠴ [K[?25h[?2026l[?2026h[?25l[A[A[A[A[A[1Gpulling manifest [K
pulling de20d2cf2dc4: 100% ▕█████████████████ ▏  42 GB/ 42 GB  641 MB/s      0s[K
pulling 948af2743fc7: 100% ▕██████████████████▏ 1.5 KB                         [K
pulling 0ba8f0e314b4: 100% ▕██████████████████▏  12 KB                         [K
pulling 56bb8bd477a5: 100% ▕██████████████████▏   96 B                         [K
verifying sha256 digest ⠦ [K[?25h[?2026l[?2026h[?25l[A[A[A[A[A[1Gpulling manifest [K
pulling de20d2cf2dc4: 100% ▕█████████████████ ▏  42 GB/ 42 GB  641 MB/s      0s[K
pulling 948af2743fc7: 100% ▕██████████████████▏ 1.5 KB                         [K
pulling 0ba8f0e314b4: 100% ▕██████████████████▏  12 KB                         [K
pulling 56bb8bd477a5: 100% ▕██████████████████▏   96 B                         [K
verifying sha256 digest ⠧ [K[?25h[?2026l[?2026h[?25l[A[A[A[A[A[1Gpulling manifest [K
pulling de20d2cf2dc4: 100% ▕█████████████████ ▏  42 GB/ 42 GB  641 MB/s      0s[K
pulling 948af2743fc7: 100% ▕██████████████████▏ 1.5 KB                         [K
pulling 0ba8f0e314b4: 100% ▕██████████████████▏  12 KB                         [K
pulling 56bb8bd477a5: 100% ▕██████████████████▏   96 B                         [K
verifying sha256 digest ⠇ [K[?25h[?2026l[?2026h[?25l[A[A[A[A[A[1Gpulling manifest [K
pulling de20d2cf2dc4: 100% ▕█████████████████ ▏  42 GB/ 42 GB  641 MB/s      0s[K
pulling 948af2743fc7: 100% ▕██████████████████▏ 1.5 KB                         [K
pulling 0ba8f0e314b4: 100% ▕██████████████████▏  12 KB                         [K
pulling 56bb8bd477a5: 100% ▕██████████████████▏   96 B                         [K
verifying sha256 digest ⠏ [K[?25h[?2026l[?2026h[?25l[A[A[A[A[A[1Gpulling manifest [K
pulling de20d2cf2dc4: 100% ▕█████████████████ ▏  42 GB/ 42 GB  641 MB/s      0s[K
pulling 948af2743fc7: 100% ▕██████████████████▏ 1.5 KB                         [K
pulling 0ba8f0e314b4: 100% ▕██████████████████▏  12 KB                         [K
pulling 56bb8bd477a5: 100% ▕██████████████████▏   96 B                         [K
verifying sha256 digest ⠋ [K[?25h[?2026l[?2026h[?25l[A[A[A[A[A[1Gpulling manifest [K
pulling de20d2cf2dc4: 100% ▕█████████████████ ▏  42 GB/ 42 GB  641 MB/s      0s[K
pulling 948af2743fc7: 100% ▕██████████████████▏ 1.5 KB                         [K
pulling 0ba8f0e314b4: 100% ▕██████████████████▏  12 KB                         [K
pulling 56bb8bd477a5: 100% ▕██████████████████▏   96 B                         [K
verifying sha256 digest ⠙ [K[?25h[?2026l[?2026h[?25l[A[A[A[A[A[1Gpulling manifest [K
pulling de20d2cf2dc4: 100% ▕█████████████████ ▏  42 GB/ 42 GB  641 MB/s      0s[K
pulling 948af2743fc7: 100% ▕██████████████████▏ 1.5 KB                         [K
pulling 0ba8f0e314b4: 100% ▕██████████████████▏  12 KB                         [K
pulling 56bb8bd477a5: 100% ▕██████████████████▏   96 B                         [K
verifying sha256 digest ⠹ [K[?25h[?2026l[?2026h[?25l[A[A[A[A[A[1Gpulling manifest [K
pulling de20d2cf2dc4: 100% ▕█████████████████ ▏  42 GB/ 42 GB  641 MB/s      0s[K
pulling 948af2743fc7: 100% ▕██████████████████▏ 1.5 KB                         [K
pulling 0ba8f0e314b4: 100% ▕██████████████████▏  12 KB                         [K
pulling 56bb8bd477a5: 100% ▕██████████████████▏   96 B                         [K
verifying sha256 digest ⠸ [K[?25h[?2026l[?2026h[?25l[A[A[A[A[A[1Gpulling manifest [K
pulling de20d2cf2dc4: 100% ▕█████████████████ ▏  42 GB/ 42 GB  641 MB/s      0s[K
pulling 948af2743fc7: 100% ▕██████████████████▏ 1.5 KB                         [K
pulling 0ba8f0e314b4: 100% ▕██████████████████▏  12 KB                         [K
pulling 56bb8bd477a5: 100% ▕██████████████████▏   96 B                         [K
verifying sha256 digest ⠼ [K[?25h[?2026l[?2026h[?25l[A[A[A[A[A[1Gpulling manifest [K
pulling de20d2cf2dc4: 100% ▕█████████████████ ▏  42 GB/ 42 GB  641 MB/s      0s[K
pulling 948af2743fc7: 100% ▕██████████████████▏ 1.5 KB                         [K
pulling 0ba8f0e314b4: 100% ▕██████████████████▏  12 KB                         [K
pulling 56bb8bd477a5: 100% ▕██████████████████▏   96 B                         [K
verifying sha256 digest ⠴ [K[?25h[?2026l[?2026h[?25l[A[A[A[A[A[1Gpulling manifest [K
pulling de20d2cf2dc4: 100% ▕█████████████████ ▏  42 GB/ 42 GB  641 MB/s      0s[K
pulling 948af2743fc7: 100% ▕██████████████████▏ 1.5 KB                         [K
pulling 0ba8f0e314b4: 100% ▕██████████████████▏  12 KB                         [K
pulling 56bb8bd477a5: 100% ▕██████████████████▏   96 B                         [K
verifying sha256 digest ⠦ [K[?25h[?2026l[?2026h[?25l[A[A[A[A[A[1Gpulling manifest [K
pulling de20d2cf2dc4: 100% ▕█████████████████ ▏  42 GB/ 42 GB  641 MB/s      0s[K
pulling 948af2743fc7: 100% ▕██████████████████▏ 1.5 KB                         [K
pulling 0ba8f0e314b4: 100% ▕██████████████████▏  12 KB                         [K
pulling 56bb8bd477a5: 100% ▕██████████████████▏   96 B                         [K
verifying sha256 digest ⠧ [K[?25h[?2026l[?2026h[?25l[A[A[A[A[A[1Gpulling manifest [K
pulling de20d2cf2dc4: 100% ▕█████████████████ ▏  42 GB/ 42 GB  641 MB/s      0s[K
pulling 948af2743fc7: 100% ▕██████████████████▏ 1.5 KB                         [K
pulling 0ba8f0e314b4: 100% ▕██████████████████▏  12 KB                         [K
pulling 56bb8bd477a5: 100% ▕██████████████████▏   96 B                         [K
verifying sha256 digest ⠇ [K[?25h[?2026l[?2026h[?25l[A[A[A[A[A[1Gpulling manifest [K
pulling de20d2cf2dc4: 100% ▕█████████████████ ▏  42 GB/ 42 GB  641 MB/s      0s[K
pulling 948af2743fc7: 100% ▕██████████████████▏ 1.5 KB                         [K
pulling 0ba8f0e314b4: 100% ▕██████████████████▏  12 KB                         [K
pulling 56bb8bd477a5: 100% ▕██████████████████▏   96 B                         [K
verifying sha256 digest ⠏ [K[?25h[?2026l[?2026h[?25l[A[A[A[A[A[1Gpulling manifest [K
pulling de20d2cf2dc4: 100% ▕█████████████████ ▏  42 GB/ 42 GB  641 MB/s      0s[K
pulling 948af2743fc7: 100% ▕██████████████████▏ 1.5 KB                         [K
pulling 0ba8f0e314b4: 100% ▕██████████████████▏  12 KB                         [K
pulling 56bb8bd477a5: 100% ▕██████████████████▏   96 B                         [K
verifying sha256 digest ⠋ [K[?25h[?2026l[?2026h[?25l[A[A[A[A[A[1Gpulling manifest [K
pulling de20d2cf2dc4: 100% ▕█████████████████ ▏  42 GB/ 42 GB  641 MB/s      0s[K
pulling 948af2743fc7: 100% ▕██████████████████▏ 1.5 KB                         [K
pulling 0ba8f0e314b4: 100% ▕██████████████████▏  12 KB                         [K
pulling 56bb8bd477a5: 100% ▕██████████████████▏   96 B                         [K
verifying sha256 digest ⠙ [K[?25h[?2026l[?2026h[?25l[A[A[A[A[A[1Gpulling manifest [K
pulling de20d2cf2dc4: 100% ▕█████████████████ ▏  42 GB/ 42 GB  641 MB/s      0s[K
pulling 948af2743fc7: 100% ▕██████████████████▏ 1.5 KB                         [K
pulling 0ba8f0e314b4: 100% ▕██████████████████▏  12 KB                         [K
pulling 56bb8bd477a5: 100% ▕██████████████████▏   96 B                         [K
verifying sha256 digest ⠹ [K[?25h[?2026l[?2026h[?25l[A[A[A[A[A[1Gpulling manifest [K
pulling de20d2cf2dc4: 100% ▕█████████████████ ▏  42 GB/ 42 GB  641 MB/s      0s[K
pulling 948af2743fc7: 100% ▕██████████████████▏ 1.5 KB                         [K
pulling 0ba8f0e314b4: 100% ▕██████████████████▏  12 KB                         [K
pulling 56bb8bd477a5: 100% ▕██████████████████▏   96 B                         [K
verifying sha256 digest ⠸ [K[?25h[?2026l[?2026h[?25l[A[A[A[A[A[1Gpulling manifest [K
pulling de20d2cf2dc4: 100% ▕█████████████████ ▏  42 GB/ 42 GB  641 MB/s      0s[K
pulling 948af2743fc7: 100% ▕██████████████████▏ 1.5 KB                         [K
pulling 0ba8f0e314b4: 100% ▕██████████████████▏  12 KB                         [K
pulling 56bb8bd477a5: 100% ▕██████████████████▏   96 B                         [K
verifying sha256 digest ⠼ [K[?25h[?2026l[?2026h[?25l[A[A[A[A[A[1Gpulling manifest [K
pulling de20d2cf2dc4: 100% ▕█████████████████ ▏  42 GB/ 42 GB  641 MB/s      0s[K
pulling 948af2743fc7: 100% ▕██████████████████▏ 1.5 KB                         [K
pulling 0ba8f0e314b4: 100% ▕██████████████████▏  12 KB                         [K
pulling 56bb8bd477a5: 100% ▕██████████████████▏   96 B                         [K
verifying sha256 digest ⠴ [K[?25h[?2026l[?2026h[?25l[A[A[A[A[A[1Gpulling manifest [K
pulling de20d2cf2dc4: 100% ▕█████████████████ ▏  42 GB/ 42 GB  641 MB/s      0s[K
pulling 948af2743fc7: 100% ▕██████████████████▏ 1.5 KB                         [K
pulling 0ba8f0e314b4: 100% ▕██████████████████▏  12 KB                         [K
pulling 56bb8bd477a5: 100% ▕██████████████████▏   96 B                         [K
verifying sha256 digest ⠦ [K[?25h[?2026l[?2026h[?25l[A[A[A[A[A[1Gpulling manifest [K
pulling de20d2cf2dc4: 100% ▕█████████████████ ▏  42 GB/ 42 GB  641 MB/s      0s[K
pulling 948af2743fc7: 100% ▕██████████████████▏ 1.5 KB                         [K
pulling 0ba8f0e314b4: 100% ▕██████████████████▏  12 KB                         [K
pulling 56bb8bd477a5: 100% ▕██████████████████▏   96 B                         [K
verifying sha256 digest ⠧ [K[?25h[?2026l[?2026h[?25l[A[A[A[A[A[1Gpulling manifest [K
pulling de20d2cf2dc4: 100% ▕█████████████████ ▏  42 GB/ 42 GB  641 MB/s      0s[K
pulling 948af2743fc7: 100% ▕██████████████████▏ 1.5 KB                         [K
pulling 0ba8f0e314b4: 100% ▕██████████████████▏  12 KB                         [K
pulling 56bb8bd477a5: 100% ▕██████████████████▏   96 B                         [K
verifying sha256 digest ⠇ [K[?25h[?2026l[?2026h[?25l[A[A[A[A[A[1Gpulling manifest [K
pulling de20d2cf2dc4: 100% ▕█████████████████ ▏  42 GB/ 42 GB  641 MB/s      0s[K
pulling 948af2743fc7: 100% ▕██████████████████▏ 1.5 KB                         [K
pulling 0ba8f0e314b4: 100% ▕██████████████████▏  12 KB                         [K
pulling 56bb8bd477a5: 100% ▕██████████████████▏   96 B                         [K
verifying sha256 digest ⠏ [K[?25h[?2026l[?2026h[?25l[A[A[A[A[A[1Gpulling manifest [K
pulling de20d2cf2dc4: 100% ▕█████████████████ ▏  42 GB/ 42 GB  641 MB/s      0s[K
pulling 948af2743fc7: 100% ▕██████████████████▏ 1.5 KB                         [K
pulling 0ba8f0e314b4: 100% ▕██████████████████▏  12 KB                         [K
pulling 56bb8bd477a5: 100% ▕██████████████████▏   96 B                         [K
verifying sha256 digest ⠋ [K[?25h[?2026l[?2026h[?25l[A[A[A[A[A[1Gpulling manifest [K
pulling de20d2cf2dc4: 100% ▕█████████████████ ▏  42 GB/ 42 GB  641 MB/s      0s[K
pulling 948af2743fc7: 100% ▕██████████████████▏ 1.5 KB                         [K
pulling 0ba8f0e314b4: 100% ▕██████████████████▏  12 KB                         [K
pulling 56bb8bd477a5: 100% ▕██████████████████▏   96 B                         [K
verifying sha256 digest ⠙ [K[?25h[?2026l[?2026h[?25l[A[A[A[A[A[1Gpulling manifest [K
pulling de20d2cf2dc4: 100% ▕█████████████████ ▏  42 GB/ 42 GB  641 MB/s      0s[K
pulling 948af2743fc7: 100% ▕██████████████████▏ 1.5 KB                         [K
pulling 0ba8f0e314b4: 100% ▕██████████████████▏  12 KB                         [K
pulling 56bb8bd477a5: 100% ▕██████████████████▏   96 B                         [K
verifying sha256 digest ⠹ [K[?25h[?2026l[?2026h[?25l[A[A[A[A[A[1Gpulling manifest [K
pulling de20d2cf2dc4: 100% ▕█████████████████ ▏  42 GB/ 42 GB  641 MB/s      0s[K
pulling 948af2743fc7: 100% ▕██████████████████▏ 1.5 KB                         [K
pulling 0ba8f0e314b4: 100% ▕██████████████████▏  12 KB                         [K
pulling 56bb8bd477a5: 100% ▕██████████████████▏   96 B                         [K
verifying sha256 digest ⠸ [K[?25h[?2026l[?2026h[?25l[A[A[A[A[A[1Gpulling manifest [K
pulling de20d2cf2dc4: 100% ▕█████████████████ ▏  42 GB/ 42 GB  641 MB/s      0s[K
pulling 948af2743fc7: 100% ▕██████████████████▏ 1.5 KB                         [K
pulling 0ba8f0e314b4: 100% ▕██████████████████▏  12 KB                         [K
pulling 56bb8bd477a5: 100% ▕██████████████████▏   96 B                         [K
verifying sha256 digest ⠼ [K[?25h[?2026l[?2026h[?25l[A[A[A[A[A[1Gpulling manifest [K
pulling de20d2cf2dc4: 100% ▕█████████████████ ▏  42 GB/ 42 GB  641 MB/s      0s[K
pulling 948af2743fc7: 100% ▕██████████████████▏ 1.5 KB                         [K
pulling 0ba8f0e314b4: 100% ▕██████████████████▏  12 KB                         [K
pulling 56bb8bd477a5: 100% ▕██████████████████▏   96 B                         [K
verifying sha256 digest ⠴ [K[?25h[?2026l[?2026h[?25l[A[A[A[A[A[1Gpulling manifest [K
pulling de20d2cf2dc4: 100% ▕█████████████████ ▏  42 GB/ 42 GB  641 MB/s      0s[K
pulling 948af2743fc7: 100% ▕██████████████████▏ 1.5 KB                         [K
pulling 0ba8f0e314b4: 100% ▕██████████████████▏  12 KB                         [K
pulling 56bb8bd477a5: 100% ▕██████████████████▏   96 B                         [K
verifying sha256 digest ⠦ [K[?25h[?2026l[?2026h[?25l[A[A[A[A[A[1Gpulling manifest [K
pulling de20d2cf2dc4: 100% ▕█████████████████ ▏  42 GB/ 42 GB  641 MB/s      0s[K
pulling 948af2743fc7: 100% ▕██████████████████▏ 1.5 KB                         [K
pulling 0ba8f0e314b4: 100% ▕██████████████████▏  12 KB                         [K
pulling 56bb8bd477a5: 100% ▕██████████████████▏   96 B                         [K
verifying sha256 digest ⠧ [K[?25h[?2026l[?2026h[?25l[A[A[A[A[A[1Gpulling manifest [K
pulling de20d2cf2dc4: 100% ▕█████████████████ ▏  42 GB/ 42 GB  641 MB/s      0s[K
pulling 948af2743fc7: 100% ▕██████████████████▏ 1.5 KB                         [K
pulling 0ba8f0e314b4: 100% ▕██████████████████▏  12 KB                         [K
pulling 56bb8bd477a5: 100% ▕██████████████████▏   96 B                         [K
verifying sha256 digest ⠇ [K[?25h[?2026l[?2026h[?25l[A[A[A[A[A[1Gpulling manifest [K
pulling de20d2cf2dc4: 100% ▕█████████████████ ▏  42 GB/ 42 GB  641 MB/s      0s[K
pulling 948af2743fc7: 100% ▕██████████████████▏ 1.5 KB                         [K
pulling 0ba8f0e314b4: 100% ▕██████████████████▏  12 KB                         [K
pulling 56bb8bd477a5: 100% ▕██████████████████▏   96 B                         [K
verifying sha256 digest ⠏ [K[?25h[?2026l[?2026h[?25l[A[A[A[A[A[1Gpulling manifest [K
pulling de20d2cf2dc4: 100% ▕█████████████████ ▏  42 GB/ 42 GB  641 MB/s      0s[K
pulling 948af2743fc7: 100% ▕██████████████████▏ 1.5 KB                         [K
pulling 0ba8f0e314b4: 100% ▕██████████████████▏  12 KB                         [K
pulling 56bb8bd477a5: 100% ▕██████████████████▏   96 B                         [K
verifying sha256 digest ⠋ [K[?25h[?2026l[?2026h[?25l[A[A[A[A[A[1Gpulling manifest [K
pulling de20d2cf2dc4: 100% ▕█████████████████ ▏  42 GB/ 42 GB  641 MB/s      0s[K
pulling 948af2743fc7: 100% ▕██████████████████▏ 1.5 KB                         [K
pulling 0ba8f0e314b4: 100% ▕██████████████████▏  12 KB                         [K
pulling 56bb8bd477a5: 100% ▕██████████████████▏   96 B                         [K
verifying sha256 digest ⠙ [K[?25h[?2026l[?2026h[?25l[A[A[A[A[A[1Gpulling manifest [K
pulling de20d2cf2dc4: 100% ▕█████████████████ ▏  42 GB/ 42 GB  641 MB/s      0s[K
pulling 948af2743fc7: 100% ▕██████████████████▏ 1.5 KB                         [K
pulling 0ba8f0e314b4: 100% ▕██████████████████▏  12 KB                         [K
pulling 56bb8bd477a5: 100% ▕██████████████████▏   96 B                         [K
verifying sha256 digest ⠹ [K[?25h[?2026l[?2026h[?25l[A[A[A[A[A[1Gpulling manifest [K
pulling de20d2cf2dc4: 100% ▕█████████████████ ▏  42 GB/ 42 GB  641 MB/s      0s[K
pulling 948af2743fc7: 100% ▕██████████████████▏ 1.5 KB                         [K
pulling 0ba8f0e314b4: 100% ▕██████████████████▏  12 KB                         [K
pulling 56bb8bd477a5: 100% ▕██████████████████▏   96 B                         [K
verifying sha256 digest ⠸ [K[?25h[?2026l[?2026h[?25l[A[A[A[A[A[1Gpulling manifest [K
pulling de20d2cf2dc4: 100% ▕█████████████████ ▏  42 GB/ 42 GB  641 MB/s      0s[K
pulling 948af2743fc7: 100% ▕██████████████████▏ 1.5 KB                         [K
pulling 0ba8f0e314b4: 100% ▕██████████████████▏  12 KB                         [K
pulling 56bb8bd477a5: 100% ▕██████████████████▏   96 B                         [K
verifying sha256 digest ⠼ [K[?25h[?2026l[?2026h[?25l[A[A[A[A[A[1Gpulling manifest [K
pulling de20d2cf2dc4: 100% ▕█████████████████ ▏  42 GB/ 42 GB  641 MB/s      0s[K
pulling 948af2743fc7: 100% ▕██████████████████▏ 1.5 KB                         [K
pulling 0ba8f0e314b4: 100% ▕██████████████████▏  12 KB                         [K
pulling 56bb8bd477a5: 100% ▕██████████████████▏   96 B                         [K
verifying sha256 digest ⠴ [K[?25h[?2026l[?2026h[?25l[A[A[A[A[A[1Gpulling manifest [K
pulling de20d2cf2dc4: 100% ▕█████████████████ ▏  42 GB/ 42 GB  641 MB/s      0s[K
pulling 948af2743fc7: 100% ▕██████████████████▏ 1.5 KB                         [K
pulling 0ba8f0e314b4: 100% ▕██████████████████▏  12 KB                         [K
pulling 56bb8bd477a5: 100% ▕██████████████████▏   96 B                         [K
verifying sha256 digest ⠦ [K[?25h[?2026l[?2026h[?25l[A[A[A[A[A[1Gpulling manifest [K
pulling de20d2cf2dc4: 100% ▕█████████████████ ▏  42 GB/ 42 GB  641 MB/s      0s[K
pulling 948af2743fc7: 100% ▕██████████████████▏ 1.5 KB                         [K
pulling 0ba8f0e314b4: 100% ▕██████████████████▏  12 KB                         [K
pulling 56bb8bd477a5: 100% ▕██████████████████▏   96 B                         [K
verifying sha256 digest ⠧ [K[?25h[?2026l[?2026h[?25l[A[A[A[A[A[1Gpulling manifest [K
pulling de20d2cf2dc4: 100% ▕█████████████████ ▏  42 GB/ 42 GB  641 MB/s      0s[K
pulling 948af2743fc7: 100% ▕██████████████████▏ 1.5 KB                         [K
pulling 0ba8f0e314b4: 100% ▕██████████████████▏  12 KB                         [K
pulling 56bb8bd477a5: 100% ▕██████████████████▏   96 B                         [K
verifying sha256 digest ⠇ [K[?25h[?2026l[?2026h[?25l[A[A[A[A[A[1Gpulling manifest [K
pulling de20d2cf2dc4: 100% ▕█████████████████ ▏  42 GB/ 42 GB  641 MB/s      0s[K
pulling 948af2743fc7: 100% ▕██████████████████▏ 1.5 KB                         [K
pulling 0ba8f0e314b4: 100% ▕██████████████████▏  12 KB                         [K
pulling 56bb8bd477a5: 100% ▕██████████████████▏   96 B                         [K
verifying sha256 digest ⠏ [K[?25h[?2026l[?2026h[?25l[A[A[A[A[A[1Gpulling manifest [K
pulling de20d2cf2dc4: 100% ▕█████████████████ ▏  42 GB/ 42 GB  641 MB/s      0s[K
pulling 948af2743fc7: 100% ▕██████████████████▏ 1.5 KB                         [K
pulling 0ba8f0e314b4: 100% ▕██████████████████▏  12 KB                         [K
pulling 56bb8bd477a5: 100% ▕██████████████████▏   96 B                         [K
verifying sha256 digest ⠋ [K[?25h[?2026l[?2026h[?25l[A[A[A[A[A[1Gpulling manifest [K
pulling de20d2cf2dc4: 100% ▕█████████████████ ▏  42 GB/ 42 GB  641 MB/s      0s[K
pulling 948af2743fc7: 100% ▕██████████████████▏ 1.5 KB                         [K
pulling 0ba8f0e314b4: 100% ▕██████████████████▏  12 KB                         [K
pulling 56bb8bd477a5: 100% ▕██████████████████▏   96 B                         [K
verifying sha256 digest ⠙ [K[?25h[?2026l[?2026h[?25l[A[A[A[A[A[1Gpulling manifest [K
pulling de20d2cf2dc4: 100% ▕█████████████████ ▏  42 GB/ 42 GB  641 MB/s      0s[K
pulling 948af2743fc7: 100% ▕██████████████████▏ 1.5 KB                         [K
pulling 0ba8f0e314b4: 100% ▕██████████████████▏  12 KB                         [K
pulling 56bb8bd477a5: 100% ▕██████████████████▏   96 B                         [K
verifying sha256 digest ⠹ [K[?25h[?2026l[?2026h[?25l[A[A[A[A[A[1Gpulling manifest [K
pulling de20d2cf2dc4: 100% ▕█████████████████ ▏  42 GB/ 42 GB  641 MB/s      0s[K
pulling 948af2743fc7: 100% ▕██████████████████▏ 1.5 KB                         [K
pulling 0ba8f0e314b4: 100% ▕██████████████████▏  12 KB                         [K
pulling 56bb8bd477a5: 100% ▕██████████████████▏   96 B                         [K
verifying sha256 digest ⠸ [K[?25h[?2026l[?2026h[?25l[A[A[A[A[A[1Gpulling manifest [K
pulling de20d2cf2dc4: 100% ▕█████████████████ ▏  42 GB/ 42 GB  641 MB/s      0s[K
pulling 948af2743fc7: 100% ▕██████████████████▏ 1.5 KB                         [K
pulling 0ba8f0e314b4: 100% ▕██████████████████▏  12 KB                         [K
pulling 56bb8bd477a5: 100% ▕██████████████████▏   96 B                         [K
verifying sha256 digest ⠼ [K[?25h[?2026l[?2026h[?25l[A[A[A[A[A[1Gpulling manifest [K
pulling de20d2cf2dc4: 100% ▕█████████████████ ▏  42 GB/ 42 GB  641 MB/s      0s[K
pulling 948af2743fc7: 100% ▕██████████████████▏ 1.5 KB                         [K
pulling 0ba8f0e314b4: 100% ▕██████████████████▏  12 KB                         [K
pulling 56bb8bd477a5: 100% ▕██████████████████▏   96 B                         [K
verifying sha256 digest ⠴ [K[?25h[?2026l[?2026h[?25l[A[A[A[A[A[1Gpulling manifest [K
pulling de20d2cf2dc4: 100% ▕█████████████████ ▏  42 GB/ 42 GB  641 MB/s      0s[K
pulling 948af2743fc7: 100% ▕██████████████████▏ 1.5 KB                         [K
pulling 0ba8f0e314b4: 100% ▕██████████████████▏  12 KB                         [K
pulling 56bb8bd477a5: 100% ▕██████████████████▏   96 B                         [K
verifying sha256 digest ⠦ [K[?25h[?2026l[?2026h[?25l[A[A[A[A[A[1Gpulling manifest [K
pulling de20d2cf2dc4: 100% ▕█████████████████ ▏  42 GB/ 42 GB  641 MB/s      0s[K
pulling 948af2743fc7: 100% ▕██████████████████▏ 1.5 KB                         [K
pulling 0ba8f0e314b4: 100% ▕██████████████████▏  12 KB                         [K
pulling 56bb8bd477a5: 100% ▕██████████████████▏   96 B                         [K
verifying sha256 digest ⠧ [K[?25h[?2026l[?2026h[?25l[A[A[A[A[A[1Gpulling manifest [K
pulling de20d2cf2dc4: 100% ▕█████████████████ ▏  42 GB/ 42 GB  641 MB/s      0s[K
pulling 948af2743fc7: 100% ▕██████████████████▏ 1.5 KB                         [K
pulling 0ba8f0e314b4: 100% ▕██████████████████▏  12 KB                         [K
pulling 56bb8bd477a5: 100% ▕██████████████████▏   96 B                         [K
verifying sha256 digest ⠇ [K[?25h[?2026l[?2026h[?25l[A[A[A[A[A[1Gpulling manifest [K
pulling de20d2cf2dc4: 100% ▕█████████████████ ▏  42 GB/ 42 GB  641 MB/s      0s[K
pulling 948af2743fc7: 100% ▕██████████████████▏ 1.5 KB                         [K
pulling 0ba8f0e314b4: 100% ▕██████████████████▏  12 KB                         [K
pulling 56bb8bd477a5: 100% ▕██████████████████▏   96 B                         [K
verifying sha256 digest ⠏ [K[?25h[?2026l[?2026h[?25l[A[A[A[A[A[1Gpulling manifest [K
pulling de20d2cf2dc4: 100% ▕█████████████████ ▏  42 GB/ 42 GB  641 MB/s      0s[K
pulling 948af2743fc7: 100% ▕██████████████████▏ 1.5 KB                         [K
pulling 0ba8f0e314b4: 100% ▕██████████████████▏  12 KB                         [K
pulling 56bb8bd477a5: 100% ▕██████████████████▏   96 B                         [K
verifying sha256 digest ⠋ [K[?25h[?2026l[?2026h[?25l[A[A[A[A[A[1Gpulling manifest [K
pulling de20d2cf2dc4: 100% ▕█████████████████ ▏  42 GB/ 42 GB  641 MB/s      0s[K
pulling 948af2743fc7: 100% ▕██████████████████▏ 1.5 KB                         [K
pulling 0ba8f0e314b4: 100% ▕██████████████████▏  12 KB                         [K
pulling 56bb8bd477a5: 100% ▕██████████████████▏   96 B                         [K
verifying sha256 digest ⠙ [K[?25h[?2026l[?2026h[?25l[A[A[A[A[A[1Gpulling manifest [K
pulling de20d2cf2dc4: 100% ▕█████████████████ ▏  42 GB/ 42 GB  641 MB/s      0s[K
pulling 948af2743fc7: 100% ▕██████████████████▏ 1.5 KB                         [K
pulling 0ba8f0e314b4: 100% ▕██████████████████▏  12 KB                         [K
pulling 56bb8bd477a5: 100% ▕██████████████████▏   96 B                         [K
verifying sha256 digest ⠹ [K[?25h[?2026l[?2026h[?25l[A[A[A[A[A[1Gpulling manifest [K
pulling de20d2cf2dc4: 100% ▕█████████████████ ▏  42 GB/ 42 GB  641 MB/s      0s[K
pulling 948af2743fc7: 100% ▕██████████████████▏ 1.5 KB                         [K
pulling 0ba8f0e314b4: 100% ▕██████████████████▏  12 KB                         [K
pulling 56bb8bd477a5: 100% ▕██████████████████▏   96 B                         [K
verifying sha256 digest ⠸ [K[?25h[?2026l[?2026h[?25l[A[A[A[A[A[1Gpulling manifest [K
pulling de20d2cf2dc4: 100% ▕█████████████████ ▏  42 GB/ 42 GB  641 MB/s      0s[K
pulling 948af2743fc7: 100% ▕██████████████████▏ 1.5 KB                         [K
pulling 0ba8f0e314b4: 100% ▕██████████████████▏  12 KB                         [K
pulling 56bb8bd477a5: 100% ▕██████████████████▏   96 B                         [K
verifying sha256 digest ⠼ [K[?25h[?2026l[?2026h[?25l[A[A[A[A[A[1Gpulling manifest [K
pulling de20d2cf2dc4: 100% ▕█████████████████ ▏  42 GB/ 42 GB  641 MB/s      0s[K
pulling 948af2743fc7: 100% ▕██████████████████▏ 1.5 KB                         [K
pulling 0ba8f0e314b4: 100% ▕██████████████████▏  12 KB                         [K
pulling 56bb8bd477a5: 100% ▕██████████████████▏   96 B                         [K
verifying sha256 digest ⠴ [K[?25h[?2026l[?2026h[?25l[A[A[A[A[A[1Gpulling manifest [K
pulling de20d2cf2dc4: 100% ▕█████████████████ ▏  42 GB/ 42 GB  641 MB/s      0s[K
pulling 948af2743fc7: 100% ▕██████████████████▏ 1.5 KB                         [K
pulling 0ba8f0e314b4: 100% ▕██████████████████▏  12 KB                         [K
pulling 56bb8bd477a5: 100% ▕██████████████████▏   96 B                         [K
verifying sha256 digest ⠦ [K[?25h[?2026l[?2026h[?25l[A[A[A[A[A[1Gpulling manifest [K
pulling de20d2cf2dc4: 100% ▕█████████████████ ▏  42 GB/ 42 GB  641 MB/s      0s[K
pulling 948af2743fc7: 100% ▕██████████████████▏ 1.5 KB                         [K
pulling 0ba8f0e314b4: 100% ▕██████████████████▏  12 KB                         [K
pulling 56bb8bd477a5: 100% ▕██████████████████▏   96 B                         [K
verifying sha256 digest ⠧ [K[?25h[?2026l[?2026h[?25l[A[A[A[A[A[1Gpulling manifest [K
pulling de20d2cf2dc4: 100% ▕█████████████████ ▏  42 GB/ 42 GB  641 MB/s      0s[K
pulling 948af2743fc7: 100% ▕██████████████████▏ 1.5 KB                         [K
pulling 0ba8f0e314b4: 100% ▕██████████████████▏  12 KB                         [K
pulling 56bb8bd477a5: 100% ▕██████████████████▏   96 B                         [K
verifying sha256 digest ⠇ [K[?25h[?2026l[?2026h[?25l[A[A[A[A[A[1Gpulling manifest [K
pulling de20d2cf2dc4: 100% ▕█████████████████ ▏  42 GB/ 42 GB  641 MB/s      0s[K
pulling 948af2743fc7: 100% ▕██████████████████▏ 1.5 KB                         [K
pulling 0ba8f0e314b4: 100% ▕██████████████████▏  12 KB                         [K
pulling 56bb8bd477a5: 100% ▕██████████████████▏   96 B                         [K
verifying sha256 digest ⠏ [K[?25h[?2026l[?2026h[?25l[A[A[A[A[A[1Gpulling manifest [K
pulling de20d2cf2dc4: 100% ▕█████████████████ ▏  42 GB/ 42 GB  641 MB/s      0s[K
pulling 948af2743fc7: 100% ▕██████████████████▏ 1.5 KB                         [K
pulling 0ba8f0e314b4: 100% ▕██████████████████▏  12 KB                         [K
pulling 56bb8bd477a5: 100% ▕██████████████████▏   96 B                         [K
verifying sha256 digest ⠋ [K[?25h[?2026l[?2026h[?25l[A[A[A[A[A[1Gpulling manifest [K
pulling de20d2cf2dc4: 100% ▕█████████████████ ▏  42 GB/ 42 GB  641 MB/s      0s[K
pulling 948af2743fc7: 100% ▕██████████████████▏ 1.5 KB                         [K
pulling 0ba8f0e314b4: 100% ▕██████████████████▏  12 KB                         [K
pulling 56bb8bd477a5: 100% ▕██████████████████▏   96 B                         [K
verifying sha256 digest ⠙ [K[?25h[?2026l[?2026h[?25l[A[A[A[A[A[1Gpulling manifest [K
pulling de20d2cf2dc4: 100% ▕█████████████████ ▏  42 GB/ 42 GB  641 MB/s      0s[K
pulling 948af2743fc7: 100% ▕██████████████████▏ 1.5 KB                         [K
pulling 0ba8f0e314b4: 100% ▕██████████████████▏  12 KB                         [K
pulling 56bb8bd477a5: 100% ▕██████████████████▏   96 B                         [K
verifying sha256 digest ⠹ [K[?25h[?2026l[?2026h[?25l[A[A[A[A[A[1Gpulling manifest [K
pulling de20d2cf2dc4: 100% ▕█████████████████ ▏  42 GB/ 42 GB  641 MB/s      0s[K
pulling 948af2743fc7: 100% ▕██████████████████▏ 1.5 KB                         [K
pulling 0ba8f0e314b4: 100% ▕██████████████████▏  12 KB                         [K
pulling 56bb8bd477a5: 100% ▕██████████████████▏   96 B                         [K
verifying sha256 digest ⠸ [K[?25h[?2026l[?2026h[?25l[A[A[A[A[A[1Gpulling manifest [K
pulling de20d2cf2dc4: 100% ▕█████████████████ ▏  42 GB/ 42 GB  641 MB/s      0s[K
pulling 948af2743fc7: 100% ▕██████████████████▏ 1.5 KB                         [K
pulling 0ba8f0e314b4: 100% ▕██████████████████▏  12 KB                         [K
pulling 56bb8bd477a5: 100% ▕██████████████████▏   96 B                         [K
verifying sha256 digest ⠼ [K[?25h[?2026l[?2026h[?25l[A[A[A[A[A[1Gpulling manifest [K
pulling de20d2cf2dc4: 100% ▕█████████████████ ▏  42 GB/ 42 GB  641 MB/s      0s[K
pulling 948af2743fc7: 100% ▕██████████████████▏ 1.5 KB                         [K
pulling 0ba8f0e314b4: 100% ▕██████████████████▏  12 KB                         [K
pulling 56bb8bd477a5: 100% ▕██████████████████▏   96 B                         [K
verifying sha256 digest ⠴ [K[?25h[?2026l[?2026h[?25l[A[A[A[A[A[1Gpulling manifest [K
pulling de20d2cf2dc4: 100% ▕█████████████████ ▏  42 GB/ 42 GB  641 MB/s      0s[K
pulling 948af2743fc7: 100% ▕██████████████████▏ 1.5 KB                         [K
pulling 0ba8f0e314b4: 100% ▕██████████████████▏  12 KB                         [K
pulling 56bb8bd477a5: 100% ▕██████████████████▏   96 B                         [K
verifying sha256 digest ⠦ [K[?25h[?2026l[?2026h[?25l[A[A[A[A[A[1Gpulling manifest [K
pulling de20d2cf2dc4: 100% ▕█████████████████ ▏  42 GB/ 42 GB  641 MB/s      0s[K
pulling 948af2743fc7: 100% ▕██████████████████▏ 1.5 KB                         [K
pulling 0ba8f0e314b4: 100% ▕██████████████████▏  12 KB                         [K
pulling 56bb8bd477a5: 100% ▕██████████████████▏   96 B                         [K
verifying sha256 digest ⠧ [K[?25h[?2026l[?2026h[?25l[A[A[A[A[A[1Gpulling manifest [K
pulling de20d2cf2dc4: 100% ▕█████████████████ ▏  42 GB/ 42 GB  641 MB/s      0s[K
pulling 948af2743fc7: 100% ▕██████████████████▏ 1.5 KB                         [K
pulling 0ba8f0e314b4: 100% ▕██████████████████▏  12 KB                         [K
pulling 56bb8bd477a5: 100% ▕██████████████████▏   96 B                         [K
verifying sha256 digest ⠇ [K[?25h[?2026l[?2026h[?25l[A[A[A[A[A[1Gpulling manifest [K
pulling de20d2cf2dc4: 100% ▕█████████████████ ▏  42 GB/ 42 GB  641 MB/s      0s[K
pulling 948af2743fc7: 100% ▕██████████████████▏ 1.5 KB                         [K
pulling 0ba8f0e314b4: 100% ▕██████████████████▏  12 KB                         [K
pulling 56bb8bd477a5: 100% ▕██████████████████▏   96 B                         [K
verifying sha256 digest ⠏ [K[?25h[?2026l[?2026h[?25l[A[A[A[A[A[1Gpulling manifest [K
pulling de20d2cf2dc4: 100% ▕█████████████████ ▏  42 GB/ 42 GB  641 MB/s      0s[K
pulling 948af2743fc7: 100% ▕██████████████████▏ 1.5 KB                         [K
pulling 0ba8f0e314b4: 100% ▕██████████████████▏  12 KB                         [K
pulling 56bb8bd477a5: 100% ▕██████████████████▏   96 B                         [K
verifying sha256 digest ⠋ [K[?25h[?2026l[?2026h[?25l[A[A[A[A[A[1Gpulling manifest [K
pulling de20d2cf2dc4: 100% ▕█████████████████ ▏  42 GB/ 42 GB  641 MB/s      0s[K
pulling 948af2743fc7: 100% ▕██████████████████▏ 1.5 KB                         [K
pulling 0ba8f0e314b4: 100% ▕██████████████████▏  12 KB                         [K
pulling 56bb8bd477a5: 100% ▕██████████████████▏   96 B                         [K
verifying sha256 digest ⠙ [K[?25h[?2026l[?2026h[?25l[A[A[A[A[A[1Gpulling manifest [K
pulling de20d2cf2dc4: 100% ▕█████████████████ ▏  42 GB/ 42 GB  641 MB/s      0s[K
pulling 948af2743fc7: 100% ▕██████████████████▏ 1.5 KB                         [K
pulling 0ba8f0e314b4: 100% ▕██████████████████▏  12 KB                         [K
pulling 56bb8bd477a5: 100% ▕██████████████████▏   96 B                         [K
verifying sha256 digest ⠹ [K[?25h[?2026l[?2026h[?25l[A[A[A[A[A[1Gpulling manifest [K
pulling de20d2cf2dc4: 100% ▕█████████████████ ▏  42 GB/ 42 GB  641 MB/s      0s[K
pulling 948af2743fc7: 100% ▕██████████████████▏ 1.5 KB                         [K
pulling 0ba8f0e314b4: 100% ▕██████████████████▏  12 KB                         [K
pulling 56bb8bd477a5: 100% ▕██████████████████▏   96 B                         [K
verifying sha256 digest ⠸ [K[?25h[?2026l[?2026h[?25l[A[A[A[A[A[1Gpulling manifest [K
pulling de20d2cf2dc4: 100% ▕█████████████████ ▏  42 GB/ 42 GB  641 MB/s      0s[K
pulling 948af2743fc7: 100% ▕██████████████████▏ 1.5 KB                         [K
pulling 0ba8f0e314b4: 100% ▕██████████████████▏  12 KB                         [K
pulling 56bb8bd477a5: 100% ▕██████████████████▏   96 B                         [K
verifying sha256 digest ⠼ [K[?25h[?2026l[?2026h[?25l[A[A[A[A[A[1Gpulling manifest [K
pulling de20d2cf2dc4: 100% ▕█████████████████ ▏  42 GB/ 42 GB  641 MB/s      0s[K
pulling 948af2743fc7: 100% ▕██████████████████▏ 1.5 KB                         [K
pulling 0ba8f0e314b4: 100% ▕██████████████████▏  12 KB                         [K
pulling 56bb8bd477a5: 100% ▕██████████████████▏   96 B                         [K
verifying sha256 digest ⠴ [K[?25h[?2026l[?2026h[?25l[A[A[A[A[A[1Gpulling manifest [K
pulling de20d2cf2dc4: 100% ▕█████████████████ ▏  42 GB/ 42 GB  641 MB/s      0s[K
pulling 948af2743fc7: 100% ▕██████████████████▏ 1.5 KB                         [K
pulling 0ba8f0e314b4: 100% ▕██████████████████▏  12 KB                         [K
pulling 56bb8bd477a5: 100% ▕██████████████████▏   96 B                         [K
verifying sha256 digest ⠦ [K[?25h[?2026l[?2026h[?25l[A[A[A[A[A[1Gpulling manifest [K
pulling de20d2cf2dc4: 100% ▕█████████████████ ▏  42 GB/ 42 GB  641 MB/s      0s[K
pulling 948af2743fc7: 100% ▕██████████████████▏ 1.5 KB                         [K
pulling 0ba8f0e314b4: 100% ▕██████████████████▏  12 KB                         [K
pulling 56bb8bd477a5: 100% ▕██████████████████▏   96 B                         [K
verifying sha256 digest ⠧ [K[?25h[?2026l[?2026h[?25l[A[A[A[A[A[1Gpulling manifest [K
pulling de20d2cf2dc4: 100% ▕█████████████████ ▏  42 GB/ 42 GB  641 MB/s      0s[K
pulling 948af2743fc7: 100% ▕██████████████████▏ 1.5 KB                         [K
pulling 0ba8f0e314b4: 100% ▕██████████████████▏  12 KB                         [K
pulling 56bb8bd477a5: 100% ▕██████████████████▏   96 B                         [K
verifying sha256 digest ⠇ [K[?25h[?2026l[?2026h[?25l[A[A[A[A[A[1Gpulling manifest [K
pulling de20d2cf2dc4: 100% ▕█████████████████ ▏  42 GB/ 42 GB  641 MB/s      0s[K
pulling 948af2743fc7: 100% ▕██████████████████▏ 1.5 KB                         [K
pulling 0ba8f0e314b4: 100% ▕██████████████████▏  12 KB                         [K
pulling 56bb8bd477a5: 100% ▕██████████████████▏   96 B                         [K
verifying sha256 digest ⠏ [K[?25h[?2026l[?2026h[?25l[A[A[A[A[A[1Gpulling manifest [K
pulling de20d2cf2dc4: 100% ▕█████████████████ ▏  42 GB/ 42 GB  641 MB/s      0s[K
pulling 948af2743fc7: 100% ▕██████████████████▏ 1.5 KB                         [K
pulling 0ba8f0e314b4: 100% ▕██████████████████▏  12 KB                         [K
pulling 56bb8bd477a5: 100% ▕██████████████████▏   96 B                         [K
verifying sha256 digest ⠋ [K[?25h[?2026l[?2026h[?25l[A[A[A[A[A[1Gpulling manifest [K
pulling de20d2cf2dc4: 100% ▕█████████████████ ▏  42 GB/ 42 GB  641 MB/s      0s[K
pulling 948af2743fc7: 100% ▕██████████████████▏ 1.5 KB                         [K
pulling 0ba8f0e314b4: 100% ▕██████████████████▏  12 KB                         [K
pulling 56bb8bd477a5: 100% ▕██████████████████▏   96 B                         [K
verifying sha256 digest ⠙ [K[?25h[?2026l[?2026h[?25l[A[A[A[A[A[1Gpulling manifest [K
pulling de20d2cf2dc4: 100% ▕█████████████████ ▏  42 GB/ 42 GB  641 MB/s      0s[K
pulling 948af2743fc7: 100% ▕██████████████████▏ 1.5 KB                         [K
pulling 0ba8f0e314b4: 100% ▕██████████████████▏  12 KB                         [K
pulling 56bb8bd477a5: 100% ▕██████████████████▏   96 B                         [K
verifying sha256 digest ⠹ [K[?25h[?2026l[?2026h[?25l[A[A[A[A[A[1Gpulling manifest [K
pulling de20d2cf2dc4: 100% ▕█████████████████ ▏  42 GB/ 42 GB  641 MB/s      0s[K
pulling 948af2743fc7: 100% ▕██████████████████▏ 1.5 KB                         [K
pulling 0ba8f0e314b4: 100% ▕██████████████████▏  12 KB                         [K
pulling 56bb8bd477a5: 100% ▕██████████████████▏   96 B                         [K
verifying sha256 digest ⠸ [K[?25h[?2026l[?2026h[?25l[A[A[A[A[A[1Gpulling manifest [K
pulling de20d2cf2dc4: 100% ▕█████████████████ ▏  42 GB/ 42 GB  641 MB/s      0s[K
pulling 948af2743fc7: 100% ▕██████████████████▏ 1.5 KB                         [K
pulling 0ba8f0e314b4: 100% ▕██████████████████▏  12 KB                         [K
pulling 56bb8bd477a5: 100% ▕██████████████████▏   96 B                         [K
verifying sha256 digest ⠼ [K[?25h[?2026l[?2026h[?25l[A[A[A[A[A[1Gpulling manifest [K
pulling de20d2cf2dc4: 100% ▕█████████████████ ▏  42 GB/ 42 GB  641 MB/s      0s[K
pulling 948af2743fc7: 100% ▕██████████████████▏ 1.5 KB                         [K
pulling 0ba8f0e314b4: 100% ▕██████████████████▏  12 KB                         [K
pulling 56bb8bd477a5: 100% ▕██████████████████▏   96 B                         [K
verifying sha256 digest ⠴ [K[?25h[?2026l[?2026h[?25l[A[A[A[A[A[1Gpulling manifest [K
pulling de20d2cf2dc4: 100% ▕█████████████████ ▏  42 GB/ 42 GB  641 MB/s      0s[K
pulling 948af2743fc7: 100% ▕██████████████████▏ 1.5 KB                         [K
pulling 0ba8f0e314b4: 100% ▕██████████████████▏  12 KB                         [K
pulling 56bb8bd477a5: 100% ▕██████████████████▏   96 B                         [K
verifying sha256 digest ⠦ [K[?25h[?2026l[?2026h[?25l[A[A[A[A[A[1Gpulling manifest [K
pulling de20d2cf2dc4: 100% ▕█████████████████ ▏  42 GB/ 42 GB  641 MB/s      0s[K
pulling 948af2743fc7: 100% ▕██████████████████▏ 1.5 KB                         [K
pulling 0ba8f0e314b4: 100% ▕██████████████████▏  12 KB                         [K
pulling 56bb8bd477a5: 100% ▕██████████████████▏   96 B                         [K
verifying sha256 digest ⠧ [K[?25h[?2026l[?2026h[?25l[A[A[A[A[A[1Gpulling manifest [K
pulling de20d2cf2dc4: 100% ▕█████████████████ ▏  42 GB/ 42 GB  641 MB/s      0s[K
pulling 948af2743fc7: 100% ▕██████████████████▏ 1.5 KB                         [K
pulling 0ba8f0e314b4: 100% ▕██████████████████▏  12 KB                         [K
pulling 56bb8bd477a5: 100% ▕██████████████████▏   96 B                         [K
verifying sha256 digest ⠇ [K[?25h[?2026l[?2026h[?25l[A[A[A[A[A[1Gpulling manifest [K
pulling de20d2cf2dc4: 100% ▕█████████████████ ▏  42 GB/ 42 GB  641 MB/s      0s[K
pulling 948af2743fc7: 100% ▕██████████████████▏ 1.5 KB                         [K
pulling 0ba8f0e314b4: 100% ▕██████████████████▏  12 KB                         [K
pulling 56bb8bd477a5: 100% ▕██████████████████▏   96 B                         [K
verifying sha256 digest ⠏ [K[?25h[?2026l[?2026h[?25l[A[A[A[A[A[1Gpulling manifest [K
pulling de20d2cf2dc4: 100% ▕█████████████████ ▏  42 GB/ 42 GB  641 MB/s      0s[K
pulling 948af2743fc7: 100% ▕██████████████████▏ 1.5 KB                         [K
pulling 0ba8f0e314b4: 100% ▕██████████████████▏  12 KB                         [K
pulling 56bb8bd477a5: 100% ▕██████████████████▏   96 B                         [K
verifying sha256 digest ⠋ [K[?25h[?2026l[?2026h[?25l[A[A[A[A[A[1Gpulling manifest [K
pulling de20d2cf2dc4: 100% ▕█████████████████ ▏  42 GB/ 42 GB  641 MB/s      0s[K
pulling 948af2743fc7: 100% ▕██████████████████▏ 1.5 KB                         [K
pulling 0ba8f0e314b4: 100% ▕██████████████████▏  12 KB                         [K
pulling 56bb8bd477a5: 100% ▕██████████████████▏   96 B                         [K
verifying sha256 digest ⠙ [K[?25h[?2026l[?2026h[?25l[A[A[A[A[A[1Gpulling manifest [K
pulling de20d2cf2dc4: 100% ▕█████████████████ ▏  42 GB/ 42 GB  641 MB/s      0s[K
pulling 948af2743fc7: 100% ▕██████████████████▏ 1.5 KB                         [K
pulling 0ba8f0e314b4: 100% ▕██████████████████▏  12 KB                         [K
pulling 56bb8bd477a5: 100% ▕██████████████████▏   96 B                         [K
verifying sha256 digest ⠹ [K[?25h[?2026l[?2026h[?25l[A[A[A[A[A[1Gpulling manifest [K
pulling de20d2cf2dc4: 100% ▕█████████████████ ▏  42 GB/ 42 GB  641 MB/s      0s[K
pulling 948af2743fc7: 100% ▕██████████████████▏ 1.5 KB                         [K
pulling 0ba8f0e314b4: 100% ▕██████████████████▏  12 KB                         [K
pulling 56bb8bd477a5: 100% ▕██████████████████▏   96 B                         [K
verifying sha256 digest ⠸ [K[?25h[?2026l[?2026h[?25l[A[A[A[A[A[1Gpulling manifest [K
pulling de20d2cf2dc4: 100% ▕█████████████████ ▏  42 GB/ 42 GB  641 MB/s      0s[K
pulling 948af2743fc7: 100% ▕██████████████████▏ 1.5 KB                         [K
pulling 0ba8f0e314b4: 100% ▕██████████████████▏  12 KB                         [K
pulling 56bb8bd477a5: 100% ▕██████████████████▏   96 B                         [K
verifying sha256 digest ⠼ [K[?25h[?2026l[?2026h[?25l[A[A[A[A[A[1Gpulling manifest [K
pulling de20d2cf2dc4: 100% ▕█████████████████ ▏  42 GB/ 42 GB  641 MB/s      0s[K
pulling 948af2743fc7: 100% ▕██████████████████▏ 1.5 KB                         [K
pulling 0ba8f0e314b4: 100% ▕██████████████████▏  12 KB                         [K
pulling 56bb8bd477a5: 100% ▕██████████████████▏   96 B                         [K
verifying sha256 digest ⠴ [K[?25h[?2026l[?2026h[?25l[A[A[A[A[A[1Gpulling manifest [K
pulling de20d2cf2dc4: 100% ▕█████████████████ ▏  42 GB/ 42 GB  641 MB/s      0s[K
pulling 948af2743fc7: 100% ▕██████████████████▏ 1.5 KB                         [K
pulling 0ba8f0e314b4: 100% ▕██████████████████▏  12 KB                         [K
pulling 56bb8bd477a5: 100% ▕██████████████████▏   96 B                         [K
verifying sha256 digest ⠦ [K[?25h[?2026l[?2026h[?25l[A[A[A[A[A[1Gpulling manifest [K
pulling de20d2cf2dc4: 100% ▕█████████████████ ▏  42 GB/ 42 GB  641 MB/s      0s[K
pulling 948af2743fc7: 100% ▕██████████████████▏ 1.5 KB                         [K
pulling 0ba8f0e314b4: 100% ▕██████████████████▏  12 KB                         [K
pulling 56bb8bd477a5: 100% ▕██████████████████▏   96 B                         [K
verifying sha256 digest ⠧ [K[?25h[?2026l[?2026h[?25l[A[A[A[A[A[1Gpulling manifest [K
pulling de20d2cf2dc4: 100% ▕█████████████████ ▏  42 GB/ 42 GB  641 MB/s      0s[K
pulling 948af2743fc7: 100% ▕██████████████████▏ 1.5 KB                         [K
pulling 0ba8f0e314b4: 100% ▕██████████████████▏  12 KB                         [K
pulling 56bb8bd477a5: 100% ▕██████████████████▏   96 B                         [K
verifying sha256 digest ⠇ [K[?25h[?2026l[?2026h[?25l[A[A[A[A[A[1Gpulling manifest [K
pulling de20d2cf2dc4: 100% ▕█████████████████ ▏  42 GB/ 42 GB  641 MB/s      0s[K
pulling 948af2743fc7: 100% ▕██████████████████▏ 1.5 KB                         [K
pulling 0ba8f0e314b4: 100% ▕██████████████████▏  12 KB                         [K
pulling 56bb8bd477a5: 100% ▕██████████████████▏   96 B                         [K
verifying sha256 digest ⠏ [K[?25h[?2026l[?2026h[?25l[A[A[A[A[A[1Gpulling manifest [K
pulling de20d2cf2dc4: 100% ▕█████████████████ ▏  42 GB/ 42 GB  641 MB/s      0s[K
pulling 948af2743fc7: 100% ▕██████████████████▏ 1.5 KB                         [K
pulling 0ba8f0e314b4: 100% ▕██████████████████▏  12 KB                         [K
pulling 56bb8bd477a5: 100% ▕██████████████████▏   96 B                         [K
verifying sha256 digest ⠋ [K[?25h[?2026l[?2026h[?25l[A[A[A[A[A[1Gpulling manifest [K
pulling de20d2cf2dc4: 100% ▕█████████████████ ▏  42 GB/ 42 GB  641 MB/s      0s[K
pulling 948af2743fc7: 100% ▕██████████████████▏ 1.5 KB                         [K
pulling 0ba8f0e314b4: 100% ▕██████████████████▏  12 KB                         [K
pulling 56bb8bd477a5: 100% ▕██████████████████▏   96 B                         [K
verifying sha256 digest ⠙ [K[?25h[?2026l[?2026h[?25l[A[A[A[A[A[1Gpulling manifest [K
pulling de20d2cf2dc4: 100% ▕█████████████████ ▏  42 GB/ 42 GB  641 MB/s      0s[K
pulling 948af2743fc7: 100% ▕██████████████████▏ 1.5 KB                         [K
pulling 0ba8f0e314b4: 100% ▕██████████████████▏  12 KB                         [K
pulling 56bb8bd477a5: 100% ▕██████████████████▏   96 B                         [K
verifying sha256 digest ⠹ [K[?25h[?2026l[?2026h[?25l[A[A[A[A[A[1Gpulling manifest [K
pulling de20d2cf2dc4: 100% ▕█████████████████ ▏  42 GB/ 42 GB  641 MB/s      0s[K
pulling 948af2743fc7: 100% ▕██████████████████▏ 1.5 KB                         [K
pulling 0ba8f0e314b4: 100% ▕██████████████████▏  12 KB                         [K
pulling 56bb8bd477a5: 100% ▕██████████████████▏   96 B                         [K
verifying sha256 digest ⠸ [K[?25h[?2026l[?2026h[?25l[A[A[A[A[A[1Gpulling manifest [K
pulling de20d2cf2dc4: 100% ▕█████████████████ ▏  42 GB/ 42 GB  641 MB/s      0s[K
pulling 948af2743fc7: 100% ▕██████████████████▏ 1.5 KB                         [K
pulling 0ba8f0e314b4: 100% ▕██████████████████▏  12 KB                         [K
pulling 56bb8bd477a5: 100% ▕██████████████████▏   96 B                         [K
verifying sha256 digest ⠼ [K[?25h[?2026l[?2026h[?25l[A[A[A[A[A[1Gpulling manifest [K
pulling de20d2cf2dc4: 100% ▕█████████████████ ▏  42 GB/ 42 GB  641 MB/s      0s[K
pulling 948af2743fc7: 100% ▕██████████████████▏ 1.5 KB                         [K
pulling 0ba8f0e314b4: 100% ▕██████████████████▏  12 KB                         [K
pulling 56bb8bd477a5: 100% ▕██████████████████▏   96 B                         [K
verifying sha256 digest ⠴ [K[?25h[?2026l[?2026h[?25l[A[A[A[A[A[1Gpulling manifest [K
pulling de20d2cf2dc4: 100% ▕█████████████████ ▏  42 GB/ 42 GB  641 MB/s      0s[K
pulling 948af2743fc7: 100% ▕██████████████████▏ 1.5 KB                         [K
pulling 0ba8f0e314b4: 100% ▕██████████████████▏  12 KB                         [K
pulling 56bb8bd477a5: 100% ▕██████████████████▏   96 B                         [K
verifying sha256 digest ⠦ [K[?25h[?2026l[?2026h[?25l[A[A[A[A[A[1Gpulling manifest [K
pulling de20d2cf2dc4: 100% ▕█████████████████ ▏  42 GB/ 42 GB  641 MB/s      0s[K
pulling 948af2743fc7: 100% ▕██████████████████▏ 1.5 KB                         [K
pulling 0ba8f0e314b4: 100% ▕██████████████████▏  12 KB                         [K
pulling 56bb8bd477a5: 100% ▕██████████████████▏   96 B                         [K
verifying sha256 digest ⠧ [K[?25h[?2026l[?2026h[?25l[A[A[A[A[A[1Gpulling manifest [K
pulling de20d2cf2dc4: 100% ▕█████████████████ ▏  42 GB/ 42 GB  641 MB/s      0s[K
pulling 948af2743fc7: 100% ▕██████████████████▏ 1.5 KB                         [K
pulling 0ba8f0e314b4: 100% ▕██████████████████▏  12 KB                         [K
pulling 56bb8bd477a5: 100% ▕██████████████████▏   96 B                         [K
verifying sha256 digest ⠇ [K[?25h[?2026l[?2026h[?25l[A[A[A[A[A[1Gpulling manifest [K
pulling de20d2cf2dc4: 100% ▕█████████████████ ▏  42 GB/ 42 GB  641 MB/s      0s[K
pulling 948af2743fc7: 100% ▕██████████████████▏ 1.5 KB                         [K
pulling 0ba8f0e314b4: 100% ▕██████████████████▏  12 KB                         [K
pulling 56bb8bd477a5: 100% ▕██████████████████▏   96 B                         [K
verifying sha256 digest ⠏ [K[?25h[?2026l[?2026h[?25l[A[A[A[A[A[1Gpulling manifest [K
pulling de20d2cf2dc4: 100% ▕█████████████████ ▏  42 GB/ 42 GB  641 MB/s      0s[K
pulling 948af2743fc7: 100% ▕██████████████████▏ 1.5 KB                         [K
pulling 0ba8f0e314b4: 100% ▕██████████████████▏  12 KB                         [K
pulling 56bb8bd477a5: 100% ▕██████████████████▏   96 B                         [K
verifying sha256 digest ⠋ [K[?25h[?2026l[?2026h[?25l[A[A[A[A[A[1Gpulling manifest [K
pulling de20d2cf2dc4: 100% ▕█████████████████ ▏  42 GB/ 42 GB  641 MB/s      0s[K
pulling 948af2743fc7: 100% ▕██████████████████▏ 1.5 KB                         [K
pulling 0ba8f0e314b4: 100% ▕██████████████████▏  12 KB                         [K
pulling 56bb8bd477a5: 100% ▕██████████████████▏   96 B                         [K
verifying sha256 digest ⠙ [K[?25h[?2026l[?2026h[?25l[A[A[A[A[A[1Gpulling manifest [K
pulling de20d2cf2dc4: 100% ▕█████████████████ ▏  42 GB/ 42 GB  641 MB/s      0s[K
pulling 948af2743fc7: 100% ▕██████████████████▏ 1.5 KB                         [K
pulling 0ba8f0e314b4: 100% ▕██████████████████▏  12 KB                         [K
pulling 56bb8bd477a5: 100% ▕██████████████████▏   96 B                         [K
verifying sha256 digest ⠹ [K[?25h[?2026l[?2026h[?25l[A[A[A[A[A[1Gpulling manifest [K
pulling de20d2cf2dc4: 100% ▕█████████████████ ▏  42 GB/ 42 GB  641 MB/s      0s[K
pulling 948af2743fc7: 100% ▕██████████████████▏ 1.5 KB                         [K
pulling 0ba8f0e314b4: 100% ▕██████████████████▏  12 KB                         [K
pulling 56bb8bd477a5: 100% ▕██████████████████▏   96 B                         [K
verifying sha256 digest ⠸ [K[?25h[?2026l[?2026h[?25l[A[A[A[A[A[1Gpulling manifest [K
pulling de20d2cf2dc4: 100% ▕█████████████████ ▏  42 GB/ 42 GB  641 MB/s      0s[K
pulling 948af2743fc7: 100% ▕██████████████████▏ 1.5 KB                         [K
pulling 0ba8f0e314b4: 100% ▕██████████████████▏  12 KB                         [K
pulling 56bb8bd477a5: 100% ▕██████████████████▏   96 B                         [K
verifying sha256 digest ⠼ [K[?25h[?2026l[?2026h[?25l[A[A[A[A[A[1Gpulling manifest [K
pulling de20d2cf2dc4: 100% ▕█████████████████ ▏  42 GB/ 42 GB  641 MB/s      0s[K
pulling 948af2743fc7: 100% ▕██████████████████▏ 1.5 KB                         [K
pulling 0ba8f0e314b4: 100% ▕██████████████████▏  12 KB                         [K
pulling 56bb8bd477a5: 100% ▕██████████████████▏   96 B                         [K
verifying sha256 digest ⠴ [K[?25h[?2026l[?2026h[?25l[A[A[A[A[A[1Gpulling manifest [K
pulling de20d2cf2dc4: 100% ▕█████████████████ ▏  42 GB/ 42 GB  641 MB/s      0s[K
pulling 948af2743fc7: 100% ▕██████████████████▏ 1.5 KB                         [K
pulling 0ba8f0e314b4: 100% ▕██████████████████▏  12 KB                         [K
pulling 56bb8bd477a5: 100% ▕██████████████████▏   96 B                         [K
verifying sha256 digest ⠦ [K[?25h[?2026l[?2026h[?25l[A[A[A[A[A[1Gpulling manifest [K
pulling de20d2cf2dc4: 100% ▕█████████████████ ▏  42 GB/ 42 GB  641 MB/s      0s[K
pulling 948af2743fc7: 100% ▕██████████████████▏ 1.5 KB                         [K
pulling 0ba8f0e314b4: 100% ▕██████████████████▏  12 KB                         [K
pulling 56bb8bd477a5: 100% ▕██████████████████▏   96 B                         [K
verifying sha256 digest ⠧ [K[?25h[?2026l[?2026h[?25l[A[A[A[A[A[1Gpulling manifest [K
pulling de20d2cf2dc4: 100% ▕█████████████████ ▏  42 GB/ 42 GB  641 MB/s      0s[K
pulling 948af2743fc7: 100% ▕██████████████████▏ 1.5 KB                         [K
pulling 0ba8f0e314b4: 100% ▕██████████████████▏  12 KB                         [K
pulling 56bb8bd477a5: 100% ▕██████████████████▏   96 B                         [K
verifying sha256 digest ⠇ [K[?25h[?2026l[?2026h[?25l[A[A[A[A[A[1Gpulling manifest [K
pulling de20d2cf2dc4: 100% ▕█████████████████ ▏  42 GB/ 42 GB  641 MB/s      0s[K
pulling 948af2743fc7: 100% ▕██████████████████▏ 1.5 KB                         [K
pulling 0ba8f0e314b4: 100% ▕██████████████████▏  12 KB                         [K
pulling 56bb8bd477a5: 100% ▕██████████████████▏   96 B                         [K
verifying sha256 digest ⠏ [K[?25h[?2026l[?2026h[?25l[A[A[A[A[A[1Gpulling manifest [K
pulling de20d2cf2dc4: 100% ▕█████████████████ ▏  42 GB/ 42 GB  641 MB/s      0s[K
pulling 948af2743fc7: 100% ▕██████████████████▏ 1.5 KB                         [K
pulling 0ba8f0e314b4: 100% ▕██████████████████▏  12 KB                         [K
pulling 56bb8bd477a5: 100% ▕██████████████████▏   96 B                         [K
verifying sha256 digest ⠋ [K[?25h[?2026l[?2026h[?25l[A[A[A[A[A[1Gpulling manifest [K
pulling de20d2cf2dc4: 100% ▕█████████████████ ▏  42 GB/ 42 GB  641 MB/s      0s[K
pulling 948af2743fc7: 100% ▕██████████████████▏ 1.5 KB                         [K
pulling 0ba8f0e314b4: 100% ▕██████████████████▏  12 KB                         [K
pulling 56bb8bd477a5: 100% ▕██████████████████▏   96 B                         [K
verifying sha256 digest ⠙ [K[?25h[?2026l[?2026h[?25l[A[A[A[A[A[1Gpulling manifest [K
pulling de20d2cf2dc4: 100% ▕█████████████████ ▏  42 GB/ 42 GB  641 MB/s      0s[K
pulling 948af2743fc7: 100% ▕██████████████████▏ 1.5 KB                         [K
pulling 0ba8f0e314b4: 100% ▕██████████████████▏  12 KB                         [K
pulling 56bb8bd477a5: 100% ▕██████████████████▏   96 B                         [K
verifying sha256 digest ⠹ [K[?25h[?2026l[?2026h[?25l[A[A[A[A[A[1Gpulling manifest [K
pulling de20d2cf2dc4: 100% ▕█████████████████ ▏  42 GB/ 42 GB  641 MB/s      0s[K
pulling 948af2743fc7: 100% ▕██████████████████▏ 1.5 KB                         [K
pulling 0ba8f0e314b4: 100% ▕██████████████████▏  12 KB                         [K
pulling 56bb8bd477a5: 100% ▕██████████████████▏   96 B                         [K
verifying sha256 digest ⠸ [K[?25h[?2026l[?2026h[?25l[A[A[A[A[A[1Gpulling manifest [K
pulling de20d2cf2dc4: 100% ▕█████████████████ ▏  42 GB/ 42 GB  641 MB/s      0s[K
pulling 948af2743fc7: 100% ▕██████████████████▏ 1.5 KB                         [K
pulling 0ba8f0e314b4: 100% ▕██████████████████▏  12 KB                         [K
pulling 56bb8bd477a5: 100% ▕██████████████████▏   96 B                         [K
verifying sha256 digest ⠼ [K[?25h[?2026l[?2026h[?25l[A[A[A[A[A[1Gpulling manifest [K
pulling de20d2cf2dc4: 100% ▕█████████████████ ▏  42 GB/ 42 GB  641 MB/s      0s[K
pulling 948af2743fc7: 100% ▕██████████████████▏ 1.5 KB                         [K
pulling 0ba8f0e314b4: 100% ▕██████████████████▏  12 KB                         [K
pulling 56bb8bd477a5: 100% ▕██████████████████▏   96 B                         [K
verifying sha256 digest ⠴ [K[?25h[?2026l[?2026h[?25l[A[A[A[A[A[1Gpulling manifest [K
pulling de20d2cf2dc4: 100% ▕█████████████████ ▏  42 GB/ 42 GB  641 MB/s      0s[K
pulling 948af2743fc7: 100% ▕██████████████████▏ 1.5 KB                         [K
pulling 0ba8f0e314b4: 100% ▕██████████████████▏  12 KB                         [K
pulling 56bb8bd477a5: 100% ▕██████████████████▏   96 B                         [K
verifying sha256 digest ⠦ [K[?25h[?2026l[?2026h[?25l[A[A[A[A[A[1Gpulling manifest [K
pulling de20d2cf2dc4: 100% ▕█████████████████ ▏  42 GB/ 42 GB  641 MB/s      0s[K
pulling 948af2743fc7: 100% ▕██████████████████▏ 1.5 KB                         [K
pulling 0ba8f0e314b4: 100% ▕██████████████████▏  12 KB                         [K
pulling 56bb8bd477a5: 100% ▕██████████████████▏   96 B                         [K
verifying sha256 digest ⠧ [K[?25h[?2026l[?2026h[?25l[A[A[A[A[A[1Gpulling manifest [K
pulling de20d2cf2dc4: 100% ▕█████████████████ ▏  42 GB/ 42 GB  641 MB/s      0s[K
pulling 948af2743fc7: 100% ▕██████████████████▏ 1.5 KB                         [K
pulling 0ba8f0e314b4: 100% ▕██████████████████▏  12 KB                         [K
pulling 56bb8bd477a5: 100% ▕██████████████████▏   96 B                         [K
verifying sha256 digest ⠇ [K[?25h[?2026l[?2026h[?25l[A[A[A[A[A[1Gpulling manifest [K
pulling de20d2cf2dc4: 100% ▕█████████████████ ▏  42 GB/ 42 GB  641 MB/s      0s[K
pulling 948af2743fc7: 100% ▕██████████████████▏ 1.5 KB                         [K
pulling 0ba8f0e314b4: 100% ▕██████████████████▏  12 KB                         [K
pulling 56bb8bd477a5: 100% ▕██████████████████▏   96 B                         [K
verifying sha256 digest ⠏ [K[?25h[?2026l[?2026h[?25l[A[A[A[A[A[1Gpulling manifest [K
pulling de20d2cf2dc4: 100% ▕█████████████████ ▏  42 GB/ 42 GB  641 MB/s      0s[K
pulling 948af2743fc7: 100% ▕██████████████████▏ 1.5 KB                         [K
pulling 0ba8f0e314b4: 100% ▕██████████████████▏  12 KB                         [K
pulling 56bb8bd477a5: 100% ▕██████████████████▏   96 B                         [K
verifying sha256 digest ⠋ [K[?25h[?2026l[?2026h[?25l[A[A[A[A[A[1Gpulling manifest [K
pulling de20d2cf2dc4: 100% ▕█████████████████ ▏  42 GB/ 42 GB  641 MB/s      0s[K
pulling 948af2743fc7: 100% ▕██████████████████▏ 1.5 KB                         [K
pulling 0ba8f0e314b4: 100% ▕██████████████████▏  12 KB                         [K
pulling 56bb8bd477a5: 100% ▕██████████████████▏   96 B                         [K
verifying sha256 digest ⠙ [K[?25h[?2026l[?2026h[?25l[A[A[A[A[A[1Gpulling manifest [K
pulling de20d2cf2dc4: 100% ▕█████████████████ ▏  42 GB/ 42 GB  641 MB/s      0s[K
pulling 948af2743fc7: 100% ▕██████████████████▏ 1.5 KB                         [K
pulling 0ba8f0e314b4: 100% ▕██████████████████▏  12 KB                         [K
pulling 56bb8bd477a5: 100% ▕██████████████████▏   96 B                         [K
verifying sha256 digest ⠹ [K[?25h[?2026l[?2026h[?25l[A[A[A[A[A[1Gpulling manifest [K
pulling de20d2cf2dc4: 100% ▕█████████████████ ▏  42 GB/ 42 GB  641 MB/s      0s[K
pulling 948af2743fc7: 100% ▕██████████████████▏ 1.5 KB                         [K
pulling 0ba8f0e314b4: 100% ▕██████████████████▏  12 KB                         [K
pulling 56bb8bd477a5: 100% ▕██████████████████▏   96 B                         [K
verifying sha256 digest ⠸ [K[?25h[?2026l[?2026h[?25l[A[A[A[A[A[1Gpulling manifest [K
pulling de20d2cf2dc4: 100% ▕█████████████████ ▏  42 GB/ 42 GB  641 MB/s      0s[K
pulling 948af2743fc7: 100% ▕██████████████████▏ 1.5 KB                         [K
pulling 0ba8f0e314b4: 100% ▕██████████████████▏  12 KB                         [K
pulling 56bb8bd477a5: 100% ▕██████████████████▏   96 B                         [K
verifying sha256 digest ⠼ [K[?25h[?2026l[?2026h[?25l[A[A[A[A[A[1Gpulling manifest [K
pulling de20d2cf2dc4: 100% ▕█████████████████ ▏  42 GB/ 42 GB  641 MB/s      0s[K
pulling 948af2743fc7: 100% ▕██████████████████▏ 1.5 KB                         [K
pulling 0ba8f0e314b4: 100% ▕██████████████████▏  12 KB                         [K
pulling 56bb8bd477a5: 100% ▕██████████████████▏   96 B                         [K
verifying sha256 digest ⠴ [K[?25h[?2026l[?2026h[?25l[A[A[A[A[A[1Gpulling manifest [K
pulling de20d2cf2dc4: 100% ▕█████████████████ ▏  42 GB/ 42 GB  641 MB/s      0s[K
pulling 948af2743fc7: 100% ▕██████████████████▏ 1.5 KB                         [K
pulling 0ba8f0e314b4: 100% ▕██████████████████▏  12 KB                         [K
pulling 56bb8bd477a5: 100% ▕██████████████████▏   96 B                         [K
verifying sha256 digest ⠦ [K[?25h[?2026l[?2026h[?25l[A[A[A[A[A[1Gpulling manifest [K
pulling de20d2cf2dc4: 100% ▕█████████████████ ▏  42 GB/ 42 GB  641 MB/s      0s[K
pulling 948af2743fc7: 100% ▕██████████████████▏ 1.5 KB                         [K
pulling 0ba8f0e314b4: 100% ▕██████████████████▏  12 KB                         [K
pulling 56bb8bd477a5: 100% ▕██████████████████▏   96 B                         [K
verifying sha256 digest ⠧ [K[?25h[?2026l[?2026h[?25l[A[A[A[A[A[1Gpulling manifest [K
pulling de20d2cf2dc4: 100% ▕█████████████████ ▏  42 GB/ 42 GB  641 MB/s      0s[K
pulling 948af2743fc7: 100% ▕██████████████████▏ 1.5 KB                         [K
pulling 0ba8f0e314b4: 100% ▕██████████████████▏  12 KB                         [K
pulling 56bb8bd477a5: 100% ▕██████████████████▏   96 B                         [K
verifying sha256 digest ⠇ [K[?25h[?2026l[?2026h[?25l[A[A[A[A[A[1Gpulling manifest [K
pulling de20d2cf2dc4: 100% ▕█████████████████ ▏  42 GB/ 42 GB  641 MB/s      0s[K
pulling 948af2743fc7: 100% ▕██████████████████▏ 1.5 KB                         [K
pulling 0ba8f0e314b4: 100% ▕██████████████████▏  12 KB                         [K
pulling 56bb8bd477a5: 100% ▕██████████████████▏   96 B                         [K
verifying sha256 digest ⠏ [K[?25h[?2026l[?2026h[?25l[A[A[A[A[A[1Gpulling manifest [K
pulling de20d2cf2dc4: 100% ▕█████████████████ ▏  42 GB/ 42 GB  641 MB/s      0s[K
pulling 948af2743fc7: 100% ▕██████████████████▏ 1.5 KB                         [K
pulling 0ba8f0e314b4: 100% ▕██████████████████▏  12 KB                         [K
pulling 56bb8bd477a5: 100% ▕██████████████████▏   96 B                         [K
verifying sha256 digest ⠋ [K[?25h[?2026l[?2026h[?25l[A[A[A[A[A[1Gpulling manifest [K
pulling de20d2cf2dc4: 100% ▕█████████████████ ▏  42 GB/ 42 GB  641 MB/s      0s[K
pulling 948af2743fc7: 100% ▕██████████████████▏ 1.5 KB                         [K
pulling 0ba8f0e314b4: 100% ▕██████████████████▏  12 KB                         [K
pulling 56bb8bd477a5: 100% ▕██████████████████▏   96 B                         [K
verifying sha256 digest ⠙ [K[?25h[?2026l[?2026h[?25l[A[A[A[A[A[1Gpulling manifest [K
pulling de20d2cf2dc4: 100% ▕█████████████████ ▏  42 GB/ 42 GB  641 MB/s      0s[K
pulling 948af2743fc7: 100% ▕██████████████████▏ 1.5 KB                         [K
pulling 0ba8f0e314b4: 100% ▕██████████████████▏  12 KB                         [K
pulling 56bb8bd477a5: 100% ▕██████████████████▏   96 B                         [K
verifying sha256 digest ⠹ [K[?25h[?2026l[?2026h[?25l[A[A[A[A[A[1Gpulling manifest [K
pulling de20d2cf2dc4: 100% ▕█████████████████ ▏  42 GB/ 42 GB  641 MB/s      0s[K
pulling 948af2743fc7: 100% ▕██████████████████▏ 1.5 KB                         [K
pulling 0ba8f0e314b4: 100% ▕██████████████████▏  12 KB                         [K
pulling 56bb8bd477a5: 100% ▕██████████████████▏   96 B                         [K
verifying sha256 digest ⠸ [K[?25h[?2026l[?2026h[?25l[A[A[A[A[A[1Gpulling manifest [K
pulling de20d2cf2dc4: 100% ▕█████████████████ ▏  42 GB/ 42 GB  641 MB/s      0s[K
pulling 948af2743fc7: 100% ▕██████████████████▏ 1.5 KB                         [K
pulling 0ba8f0e314b4: 100% ▕██████████████████▏  12 KB                         [K
pulling 56bb8bd477a5: 100% ▕██████████████████▏   96 B                         [K
verifying sha256 digest ⠼ [K[?25h[?2026l[?2026h[?25l[A[A[A[A[A[1Gpulling manifest [K
pulling de20d2cf2dc4: 100% ▕█████████████████ ▏  42 GB/ 42 GB  641 MB/s      0s[K
pulling 948af2743fc7: 100% ▕██████████████████▏ 1.5 KB                         [K
pulling 0ba8f0e314b4: 100% ▕██████████████████▏  12 KB                         [K
pulling 56bb8bd477a5: 100% ▕██████████████████▏   96 B                         [K
verifying sha256 digest ⠴ [K[?25h[?2026l[?2026h[?25l[A[A[A[A[A[1Gpulling manifest [K
pulling de20d2cf2dc4: 100% ▕█████████████████ ▏  42 GB/ 42 GB  641 MB/s      0s[K
pulling 948af2743fc7: 100% ▕██████████████████▏ 1.5 KB                         [K
pulling 0ba8f0e314b4: 100% ▕██████████████████▏  12 KB                         [K
pulling 56bb8bd477a5: 100% ▕██████████████████▏   96 B                         [K
verifying sha256 digest ⠦ [K[?25h[?2026l[?2026h[?25l[A[A[A[A[A[1Gpulling manifest [K
pulling de20d2cf2dc4: 100% ▕█████████████████ ▏  42 GB/ 42 GB  641 MB/s      0s[K
pulling 948af2743fc7: 100% ▕██████████████████▏ 1.5 KB                         [K
pulling 0ba8f0e314b4: 100% ▕██████████████████▏  12 KB                         [K
pulling 56bb8bd477a5: 100% ▕██████████████████▏   96 B                         [K
verifying sha256 digest ⠧ [K[?25h[?2026l[?2026h[?25l[A[A[A[A[A[1Gpulling manifest [K
pulling de20d2cf2dc4: 100% ▕█████████████████ ▏  42 GB/ 42 GB  641 MB/s      0s[K
pulling 948af2743fc7: 100% ▕██████████████████▏ 1.5 KB                         [K
pulling 0ba8f0e314b4: 100% ▕██████████████████▏  12 KB                         [K
pulling 56bb8bd477a5: 100% ▕██████████████████▏   96 B                         [K
verifying sha256 digest ⠇ [K[?25h[?2026l[?2026h[?25l[A[A[A[A[A[1Gpulling manifest [K
pulling de20d2cf2dc4: 100% ▕█████████████████ ▏  42 GB/ 42 GB  641 MB/s      0s[K
pulling 948af2743fc7: 100% ▕██████████████████▏ 1.5 KB                         [K
pulling 0ba8f0e314b4: 100% ▕██████████████████▏  12 KB                         [K
pulling 56bb8bd477a5: 100% ▕██████████████████▏   96 B                         [K
verifying sha256 digest ⠏ [K[?25h[?2026l[?2026h[?25l[A[A[A[A[A[1Gpulling manifest [K
pulling de20d2cf2dc4: 100% ▕█████████████████ ▏  42 GB/ 42 GB  641 MB/s      0s[K
pulling 948af2743fc7: 100% ▕██████████████████▏ 1.5 KB                         [K
pulling 0ba8f0e314b4: 100% ▕██████████████████▏  12 KB                         [K
pulling 56bb8bd477a5: 100% ▕██████████████████▏   96 B                         [K
verifying sha256 digest ⠋ [K[?25h[?2026l[?2026h[?25l[A[A[A[A[A[1Gpulling manifest [K
pulling de20d2cf2dc4: 100% ▕█████████████████ ▏  42 GB/ 42 GB  641 MB/s      0s[K
pulling 948af2743fc7: 100% ▕██████████████████▏ 1.5 KB                         [K
pulling 0ba8f0e314b4: 100% ▕██████████████████▏  12 KB                         [K
pulling 56bb8bd477a5: 100% ▕██████████████████▏   96 B                         [K
verifying sha256 digest ⠙ [K[?25h[?2026l[?2026h[?25l[A[A[A[A[A[1Gpulling manifest [K
pulling de20d2cf2dc4: 100% ▕█████████████████ ▏  42 GB/ 42 GB  641 MB/s      0s[K
pulling 948af2743fc7: 100% ▕██████████████████▏ 1.5 KB                         [K
pulling 0ba8f0e314b4: 100% ▕██████████████████▏  12 KB                         [K
pulling 56bb8bd477a5: 100% ▕██████████████████▏   96 B                         [K
verifying sha256 digest ⠹ [K[?25h[?2026l[?2026h[?25l[A[A[A[A[A[1Gpulling manifest [K
pulling de20d2cf2dc4: 100% ▕█████████████████ ▏  42 GB/ 42 GB  641 MB/s      0s[K
pulling 948af2743fc7: 100% ▕██████████████████▏ 1.5 KB                         [K
pulling 0ba8f0e314b4: 100% ▕██████████████████▏  12 KB                         [K
pulling 56bb8bd477a5: 100% ▕██████████████████▏   96 B                         [K
verifying sha256 digest ⠸ [K[?25h[?2026l[?2026h[?25l[A[A[A[A[A[1Gpulling manifest [K
pulling de20d2cf2dc4: 100% ▕█████████████████ ▏  42 GB/ 42 GB  641 MB/s      0s[K
pulling 948af2743fc7: 100% ▕██████████████████▏ 1.5 KB                         [K
pulling 0ba8f0e314b4: 100% ▕██████████████████▏  12 KB                         [K
pulling 56bb8bd477a5: 100% ▕██████████████████▏   96 B                         [K
verifying sha256 digest ⠼ [K[?25h[?2026l[?2026h[?25l[A[A[A[A[A[1Gpulling manifest [K
pulling de20d2cf2dc4: 100% ▕█████████████████ ▏  42 GB/ 42 GB  641 MB/s      0s[K
pulling 948af2743fc7: 100% ▕██████████████████▏ 1.5 KB                         [K
pulling 0ba8f0e314b4: 100% ▕██████████████████▏  12 KB                         [K
pulling 56bb8bd477a5: 100% ▕██████████████████▏   96 B                         [K
verifying sha256 digest ⠴ [K[?25h[?2026l[?2026h[?25l[A[A[A[A[A[1Gpulling manifest [K
pulling de20d2cf2dc4: 100% ▕█████████████████ ▏  42 GB/ 42 GB  641 MB/s      0s[K
pulling 948af2743fc7: 100% ▕██████████████████▏ 1.5 KB                         [K
pulling 0ba8f0e314b4: 100% ▕██████████████████▏  12 KB                         [K
pulling 56bb8bd477a5: 100% ▕██████████████████▏   96 B                         [K
verifying sha256 digest ⠦ [K[?25h[?2026l[?2026h[?25l[A[A[A[A[A[1Gpulling manifest [K
pulling de20d2cf2dc4: 100% ▕█████████████████ ▏  42 GB/ 42 GB  641 MB/s      0s[K
pulling 948af2743fc7: 100% ▕██████████████████▏ 1.5 KB                         [K
pulling 0ba8f0e314b4: 100% ▕██████████████████▏  12 KB                         [K
pulling 56bb8bd477a5: 100% ▕██████████████████▏   96 B                         [K
verifying sha256 digest ⠧ [K[?25h[?2026l[?2026h[?25l[A[A[A[A[A[1Gpulling manifest [K
pulling de20d2cf2dc4: 100% ▕█████████████████ ▏  42 GB/ 42 GB  641 MB/s      0s[K
pulling 948af2743fc7: 100% ▕██████████████████▏ 1.5 KB                         [K
pulling 0ba8f0e314b4: 100% ▕██████████████████▏  12 KB                         [K
pulling 56bb8bd477a5: 100% ▕██████████████████▏   96 B                         [K
verifying sha256 digest ⠇ [K[?25h[?2026l[?2026h[?25l[A[A[A[A[A[1Gpulling manifest [K
pulling de20d2cf2dc4: 100% ▕█████████████████ ▏  42 GB/ 42 GB  641 MB/s      0s[K
pulling 948af2743fc7: 100% ▕██████████████████▏ 1.5 KB                         [K
pulling 0ba8f0e314b4: 100% ▕██████████████████▏  12 KB                         [K
pulling 56bb8bd477a5: 100% ▕██████████████████▏   96 B                         [K
verifying sha256 digest ⠏ [K[?25h[?2026l[?2026h[?25l[A[A[A[A[A[1Gpulling manifest [K
pulling de20d2cf2dc4: 100% ▕█████████████████ ▏  42 GB/ 42 GB  641 MB/s      0s[K
pulling 948af2743fc7: 100% ▕██████████████████▏ 1.5 KB                         [K
pulling 0ba8f0e314b4: 100% ▕██████████████████▏  12 KB                         [K
pulling 56bb8bd477a5: 100% ▕██████████████████▏   96 B                         [K
verifying sha256 digest ⠋ [K[?25h[?2026l[?2026h[?25l[A[A[A[A[A[1Gpulling manifest [K
pulling de20d2cf2dc4: 100% ▕█████████████████ ▏  42 GB/ 42 GB  641 MB/s      0s[K
pulling 948af2743fc7: 100% ▕██████████████████▏ 1.5 KB                         [K
pulling 0ba8f0e314b4: 100% ▕██████████████████▏  12 KB                         [K
pulling 56bb8bd477a5: 100% ▕██████████████████▏   96 B                         [K
verifying sha256 digest ⠙ [K[?25h[?2026l[?2026h[?25l[A[A[A[A[A[1Gpulling manifest [K
pulling de20d2cf2dc4: 100% ▕█████████████████ ▏  42 GB/ 42 GB  641 MB/s      0s[K
pulling 948af2743fc7: 100% ▕██████████████████▏ 1.5 KB                         [K
pulling 0ba8f0e314b4: 100% ▕██████████████████▏  12 KB                         [K
pulling 56bb8bd477a5: 100% ▕██████████████████▏   96 B                         [K
verifying sha256 digest ⠹ [K[?25h[?2026l[?2026h[?25l[A[A[A[A[A[1Gpulling manifest [K
pulling de20d2cf2dc4: 100% ▕█████████████████ ▏  42 GB/ 42 GB  641 MB/s      0s[K
pulling 948af2743fc7: 100% ▕██████████████████▏ 1.5 KB                         [K
pulling 0ba8f0e314b4: 100% ▕██████████████████▏  12 KB                         [K
pulling 56bb8bd477a5: 100% ▕██████████████████▏   96 B                         [K
verifying sha256 digest ⠸ [K[?25h[?2026l[?2026h[?25l[A[A[A[A[A[1Gpulling manifest [K
pulling de20d2cf2dc4: 100% ▕█████████████████ ▏  42 GB/ 42 GB  641 MB/s      0s[K
pulling 948af2743fc7: 100% ▕██████████████████▏ 1.5 KB                         [K
pulling 0ba8f0e314b4: 100% ▕██████████████████▏  12 KB                         [K
pulling 56bb8bd477a5: 100% ▕██████████████████▏   96 B                         [K
verifying sha256 digest ⠼ [K[?25h[?2026l[?2026h[?25l[A[A[A[A[A[1Gpulling manifest [K
pulling de20d2cf2dc4: 100% ▕█████████████████ ▏  42 GB/ 42 GB  641 MB/s      0s[K
pulling 948af2743fc7: 100% ▕██████████████████▏ 1.5 KB                         [K
pulling 0ba8f0e314b4: 100% ▕██████████████████▏  12 KB                         [K
pulling 56bb8bd477a5: 100% ▕██████████████████▏   96 B                         [K
verifying sha256 digest ⠴ [K[?25h[?2026l[?2026h[?25l[A[A[A[A[A[1Gpulling manifest [K
pulling de20d2cf2dc4: 100% ▕█████████████████ ▏  42 GB/ 42 GB  641 MB/s      0s[K
pulling 948af2743fc7: 100% ▕██████████████████▏ 1.5 KB                         [K
pulling 0ba8f0e314b4: 100% ▕██████████████████▏  12 KB                         [K
pulling 56bb8bd477a5: 100% ▕██████████████████▏   96 B                         [K
verifying sha256 digest ⠦ [K[?25h[?2026l[?2026h[?25l[A[A[A[A[A[1Gpulling manifest [K
pulling de20d2cf2dc4: 100% ▕█████████████████ ▏  42 GB/ 42 GB  641 MB/s      0s[K
pulling 948af2743fc7: 100% ▕██████████████████▏ 1.5 KB                         [K
pulling 0ba8f0e314b4: 100% ▕██████████████████▏  12 KB                         [K
pulling 56bb8bd477a5: 100% ▕██████████████████▏   96 B                         [K
verifying sha256 digest ⠧ [K[?25h[?2026l[?2026h[?25l[A[A[A[A[A[1Gpulling manifest [K
pulling de20d2cf2dc4: 100% ▕█████████████████ ▏  42 GB/ 42 GB  641 MB/s      0s[K
pulling 948af2743fc7: 100% ▕██████████████████▏ 1.5 KB                         [K
pulling 0ba8f0e314b4: 100% ▕██████████████████▏  12 KB                         [K
pulling 56bb8bd477a5: 100% ▕██████████████████▏   96 B                         [K
verifying sha256 digest ⠇ [K[?25h[?2026l[?2026h[?25l[A[A[A[A[A[1Gpulling manifest [K
pulling de20d2cf2dc4: 100% ▕█████████████████ ▏  42 GB/ 42 GB  641 MB/s      0s[K
pulling 948af2743fc7: 100% ▕██████████████████▏ 1.5 KB                         [K
pulling 0ba8f0e314b4: 100% ▕██████████████████▏  12 KB                         [K
pulling 56bb8bd477a5: 100% ▕██████████████████▏   96 B                         [K
verifying sha256 digest ⠏ [K[?25h[?2026l[?2026h[?25l[A[A[A[A[A[1Gpulling manifest [K
pulling de20d2cf2dc4: 100% ▕█████████████████ ▏  42 GB/ 42 GB  641 MB/s      0s[K
pulling 948af2743fc7: 100% ▕██████████████████▏ 1.5 KB                         [K
pulling 0ba8f0e314b4: 100% ▕██████████████████▏  12 KB                         [K
pulling 56bb8bd477a5: 100% ▕██████████████████▏   96 B                         [K
verifying sha256 digest ⠋ [K[?25h[?2026l[?2026h[?25l[A[A[A[A[A[1Gpulling manifest [K
pulling de20d2cf2dc4: 100% ▕█████████████████ ▏  42 GB/ 42 GB  641 MB/s      0s[K
pulling 948af2743fc7: 100% ▕██████████████████▏ 1.5 KB                         [K
pulling 0ba8f0e314b4: 100% ▕██████████████████▏  12 KB                         [K
pulling 56bb8bd477a5: 100% ▕██████████████████▏   96 B                         [K
verifying sha256 digest ⠙ [K[?25h[?2026l[?2026h[?25l[A[A[A[A[A[1Gpulling manifest [K
pulling de20d2cf2dc4: 100% ▕█████████████████ ▏  42 GB/ 42 GB  641 MB/s      0s[K
pulling 948af2743fc7: 100% ▕██████████████████▏ 1.5 KB                         [K
pulling 0ba8f0e314b4: 100% ▕██████████████████▏  12 KB                         [K
pulling 56bb8bd477a5: 100% ▕██████████████████▏   96 B                         [K
verifying sha256 digest ⠹ [K[?25h[?2026l[?2026h[?25l[A[A[A[A[A[1Gpulling manifest [K
pulling de20d2cf2dc4: 100% ▕█████████████████ ▏  42 GB/ 42 GB  641 MB/s      0s[K
pulling 948af2743fc7: 100% ▕██████████████████▏ 1.5 KB                         [K
pulling 0ba8f0e314b4: 100% ▕██████████████████▏  12 KB                         [K
pulling 56bb8bd477a5: 100% ▕██████████████████▏   96 B                         [K
verifying sha256 digest ⠸ [K[?25h[?2026l[?2026h[?25l[A[A[A[A[A[1Gpulling manifest [K
pulling de20d2cf2dc4: 100% ▕█████████████████ ▏  42 GB/ 42 GB  641 MB/s      0s[K
pulling 948af2743fc7: 100% ▕██████████████████▏ 1.5 KB                         [K
pulling 0ba8f0e314b4: 100% ▕██████████████████▏  12 KB                         [K
pulling 56bb8bd477a5: 100% ▕██████████████████▏   96 B                         [K
verifying sha256 digest ⠼ [K[?25h[?2026l[?2026h[?25l[A[A[A[A[A[1Gpulling manifest [K
pulling de20d2cf2dc4: 100% ▕█████████████████ ▏  42 GB/ 42 GB  641 MB/s      0s[K
pulling 948af2743fc7: 100% ▕██████████████████▏ 1.5 KB                         [K
pulling 0ba8f0e314b4: 100% ▕██████████████████▏  12 KB                         [K
pulling 56bb8bd477a5: 100% ▕██████████████████▏   96 B                         [K
verifying sha256 digest ⠴ [K[?25h[?2026l[?2026h[?25l[A[A[A[A[A[1Gpulling manifest [K
pulling de20d2cf2dc4: 100% ▕█████████████████ ▏  42 GB/ 42 GB  641 MB/s      0s[K
pulling 948af2743fc7: 100% ▕██████████████████▏ 1.5 KB                         [K
pulling 0ba8f0e314b4: 100% ▕██████████████████▏  12 KB                         [K
pulling 56bb8bd477a5: 100% ▕██████████████████▏   96 B                         [K
verifying sha256 digest ⠦ [K[?25h[?2026l[?2026h[?25l[A[A[A[A[A[1Gpulling manifest [K
pulling de20d2cf2dc4: 100% ▕█████████████████ ▏  42 GB/ 42 GB  641 MB/s      0s[K
pulling 948af2743fc7: 100% ▕██████████████████▏ 1.5 KB                         [K
pulling 0ba8f0e314b4: 100% ▕██████████████████▏  12 KB                         [K
pulling 56bb8bd477a5: 100% ▕██████████████████▏   96 B                         [K
verifying sha256 digest ⠧ [K[?25h[?2026l[?2026h[?25l[A[A[A[A[A[1Gpulling manifest [K
pulling de20d2cf2dc4: 100% ▕█████████████████ ▏  42 GB/ 42 GB  641 MB/s      0s[K
pulling 948af2743fc7: 100% ▕██████████████████▏ 1.5 KB                         [K
pulling 0ba8f0e314b4: 100% ▕██████████████████▏  12 KB                         [K
pulling 56bb8bd477a5: 100% ▕██████████████████▏   96 B                         [K
verifying sha256 digest ⠇ [K[?25h[?2026l[?2026h[?25l[A[A[A[A[A[1Gpulling manifest [K
pulling de20d2cf2dc4: 100% ▕█████████████████ ▏  42 GB/ 42 GB  641 MB/s      0s[K
pulling 948af2743fc7: 100% ▕██████████████████▏ 1.5 KB                         [K
pulling 0ba8f0e314b4: 100% ▕██████████████████▏  12 KB                         [K
pulling 56bb8bd477a5: 100% ▕██████████████████▏   96 B                         [K
verifying sha256 digest ⠏ [K[?25h[?2026l[?2026h[?25l[A[A[A[A[A[1Gpulling manifest [K
pulling de20d2cf2dc4: 100% ▕█████████████████ ▏  42 GB/ 42 GB  641 MB/s      0s[K
pulling 948af2743fc7: 100% ▕██████████████████▏ 1.5 KB                         [K
pulling 0ba8f0e314b4: 100% ▕██████████████████▏  12 KB                         [K
pulling 56bb8bd477a5: 100% ▕██████████████████▏   96 B                         [K
verifying sha256 digest ⠋ [K[?25h[?2026l[?2026h[?25l[A[A[A[A[A[1Gpulling manifest [K
pulling de20d2cf2dc4: 100% ▕█████████████████ ▏  42 GB/ 42 GB  641 MB/s      0s[K
pulling 948af2743fc7: 100% ▕██████████████████▏ 1.5 KB                         [K
pulling 0ba8f0e314b4: 100% ▕██████████████████▏  12 KB                         [K
pulling 56bb8bd477a5: 100% ▕██████████████████▏   96 B                         [K
verifying sha256 digest ⠙ [K[?25h[?2026l[?2026h[?25l[A[A[A[A[A[1Gpulling manifest [K
pulling de20d2cf2dc4: 100% ▕█████████████████ ▏  42 GB/ 42 GB  641 MB/s      0s[K
pulling 948af2743fc7: 100% ▕██████████████████▏ 1.5 KB                         [K
pulling 0ba8f0e314b4: 100% ▕██████████████████▏  12 KB                         [K
pulling 56bb8bd477a5: 100% ▕██████████████████▏   96 B                         [K
verifying sha256 digest ⠹ [K[?25h[?2026l[?2026h[?25l[A[A[A[A[A[1Gpulling manifest [K
pulling de20d2cf2dc4: 100% ▕█████████████████ ▏  42 GB/ 42 GB  641 MB/s      0s[K
pulling 948af2743fc7: 100% ▕██████████████████▏ 1.5 KB                         [K
pulling 0ba8f0e314b4: 100% ▕██████████████████▏  12 KB                         [K
pulling 56bb8bd477a5: 100% ▕██████████████████▏   96 B                         [K
verifying sha256 digest ⠸ [K[?25h[?2026l[?2026h[?25l[A[A[A[A[A[1Gpulling manifest [K
pulling de20d2cf2dc4: 100% ▕█████████████████ ▏  42 GB/ 42 GB  641 MB/s      0s[K
pulling 948af2743fc7: 100% ▕██████████████████▏ 1.5 KB                         [K
pulling 0ba8f0e314b4: 100% ▕██████████████████▏  12 KB                         [K
pulling 56bb8bd477a5: 100% ▕██████████████████▏   96 B                         [K
verifying sha256 digest ⠼ [K[?25h[?2026l[?2026h[?25l[A[A[A[A[A[1Gpulling manifest [K
pulling de20d2cf2dc4: 100% ▕█████████████████ ▏  42 GB/ 42 GB  641 MB/s      0s[K
pulling 948af2743fc7: 100% ▕██████████████████▏ 1.5 KB                         [K
pulling 0ba8f0e314b4: 100% ▕██████████████████▏  12 KB                         [K
pulling 56bb8bd477a5: 100% ▕██████████████████▏   96 B                         [K
verifying sha256 digest ⠴ [K[?25h[?2026l[?2026h[?25l[A[A[A[A[A[1Gpulling manifest [K
pulling de20d2cf2dc4: 100% ▕█████████████████ ▏  42 GB/ 42 GB  641 MB/s      0s[K
pulling 948af2743fc7: 100% ▕██████████████████▏ 1.5 KB                         [K
pulling 0ba8f0e314b4: 100% ▕██████████████████▏  12 KB                         [K
pulling 56bb8bd477a5: 100% ▕██████████████████▏   96 B                         [K
verifying sha256 digest ⠦ [K[?25h[?2026l[?2026h[?25l[A[A[A[A[A[1Gpulling manifest [K
pulling de20d2cf2dc4: 100% ▕█████████████████ ▏  42 GB/ 42 GB  641 MB/s      0s[K
pulling 948af2743fc7: 100% ▕██████████████████▏ 1.5 KB                         [K
pulling 0ba8f0e314b4: 100% ▕██████████████████▏  12 KB                         [K
pulling 56bb8bd477a5: 100% ▕██████████████████▏   96 B                         [K
verifying sha256 digest ⠧ [K[?25h[?2026l[?2026h[?25l[A[A[A[A[A[1Gpulling manifest [K
pulling de20d2cf2dc4: 100% ▕█████████████████ ▏  42 GB/ 42 GB  641 MB/s      0s[K
pulling 948af2743fc7: 100% ▕██████████████████▏ 1.5 KB                         [K
pulling 0ba8f0e314b4: 100% ▕██████████████████▏  12 KB                         [K
pulling 56bb8bd477a5: 100% ▕██████████████████▏   96 B                         [K
verifying sha256 digest ⠇ [K[?25h[?2026l[?2026h[?25l[A[A[A[A[A[1Gpulling manifest [K
pulling de20d2cf2dc4: 100% ▕█████████████████ ▏  42 GB/ 42 GB  641 MB/s      0s[K
pulling 948af2743fc7: 100% ▕██████████████████▏ 1.5 KB                         [K
pulling 0ba8f0e314b4: 100% ▕██████████████████▏  12 KB                         [K
pulling 56bb8bd477a5: 100% ▕██████████████████▏   96 B                         [K
verifying sha256 digest ⠏ [K[?25h[?2026l[?2026h[?25l[A[A[A[A[A[1Gpulling manifest [K
pulling de20d2cf2dc4: 100% ▕█████████████████ ▏  42 GB/ 42 GB  641 MB/s      0s[K
pulling 948af2743fc7: 100% ▕██████████████████▏ 1.5 KB                         [K
pulling 0ba8f0e314b4: 100% ▕██████████████████▏  12 KB                         [K
pulling 56bb8bd477a5: 100% ▕██████████████████▏   96 B                         [K
verifying sha256 digest ⠋ [K[?25h[?2026l[?2026h[?25l[A[A[A[A[A[1Gpulling manifest [K
pulling de20d2cf2dc4: 100% ▕█████████████████ ▏  42 GB/ 42 GB  641 MB/s      0s[K
pulling 948af2743fc7: 100% ▕██████████████████▏ 1.5 KB                         [K
pulling 0ba8f0e314b4: 100% ▕██████████████████▏  12 KB                         [K
pulling 56bb8bd477a5: 100% ▕██████████████████▏   96 B                         [K
verifying sha256 digest ⠙ [K[?25h[?2026l[?2026h[?25l[A[A[A[A[A[1Gpulling manifest [K
pulling de20d2cf2dc4: 100% ▕█████████████████ ▏  42 GB/ 42 GB  641 MB/s      0s[K
pulling 948af2743fc7: 100% ▕██████████████████▏ 1.5 KB                         [K
pulling 0ba8f0e314b4: 100% ▕██████████████████▏  12 KB                         [K
pulling 56bb8bd477a5: 100% ▕██████████████████▏   96 B                         [K
verifying sha256 digest ⠹ [K[?25h[?2026l[?2026h[?25l[A[A[A[A[A[1Gpulling manifest [K
pulling de20d2cf2dc4: 100% ▕█████████████████ ▏  42 GB/ 42 GB  641 MB/s      0s[K
pulling 948af2743fc7: 100% ▕██████████████████▏ 1.5 KB                         [K
pulling 0ba8f0e314b4: 100% ▕██████████████████▏  12 KB                         [K
pulling 56bb8bd477a5: 100% ▕██████████████████▏   96 B                         [K
verifying sha256 digest ⠸ [K[?25h[?2026l[?2026h[?25l[A[A[A[A[A[1Gpulling manifest [K
pulling de20d2cf2dc4: 100% ▕█████████████████ ▏  42 GB/ 42 GB  641 MB/s      0s[K
pulling 948af2743fc7: 100% ▕██████████████████▏ 1.5 KB                         [K
pulling 0ba8f0e314b4: 100% ▕██████████████████▏  12 KB                         [K
pulling 56bb8bd477a5: 100% ▕██████████████████▏   96 B                         [K
verifying sha256 digest ⠼ [K[?25h[?2026l[?2026h[?25l[A[A[A[A[A[1Gpulling manifest [K
pulling de20d2cf2dc4: 100% ▕█████████████████ ▏  42 GB/ 42 GB  641 MB/s      0s[K
pulling 948af2743fc7: 100% ▕██████████████████▏ 1.5 KB                         [K
pulling 0ba8f0e314b4: 100% ▕██████████████████▏  12 KB                         [K
pulling 56bb8bd477a5: 100% ▕██████████████████▏   96 B                         [K
verifying sha256 digest ⠴ [K[?25h[?2026l[?2026h[?25l[A[A[A[A[A[1Gpulling manifest [K
pulling de20d2cf2dc4: 100% ▕█████████████████ ▏  42 GB/ 42 GB  641 MB/s      0s[K
pulling 948af2743fc7: 100% ▕██████████████████▏ 1.5 KB                         [K
pulling 0ba8f0e314b4: 100% ▕██████████████████▏  12 KB                         [K
pulling 56bb8bd477a5: 100% ▕██████████████████▏   96 B                         [K
verifying sha256 digest ⠦ [K[?25h[?2026l[?2026h[?25l[A[A[A[A[A[1Gpulling manifest [K
pulling de20d2cf2dc4: 100% ▕█████████████████ ▏  42 GB/ 42 GB  641 MB/s      0s[K
pulling 948af2743fc7: 100% ▕██████████████████▏ 1.5 KB                         [K
pulling 0ba8f0e314b4: 100% ▕██████████████████▏  12 KB                         [K
pulling 56bb8bd477a5: 100% ▕██████████████████▏   96 B                         [K
verifying sha256 digest ⠧ [K[?25h[?2026l[?2026h[?25l[A[A[A[A[A[1Gpulling manifest [K
pulling de20d2cf2dc4: 100% ▕█████████████████ ▏  42 GB/ 42 GB  641 MB/s      0s[K
pulling 948af2743fc7: 100% ▕██████████████████▏ 1.5 KB                         [K
pulling 0ba8f0e314b4: 100% ▕██████████████████▏  12 KB                         [K
pulling 56bb8bd477a5: 100% ▕██████████████████▏   96 B                         [K
verifying sha256 digest ⠇ [K[?25h[?2026l[?2026h[?25l[A[A[A[A[A[1Gpulling manifest [K
pulling de20d2cf2dc4: 100% ▕█████████████████ ▏  42 GB/ 42 GB  641 MB/s      0s[K
pulling 948af2743fc7: 100% ▕██████████████████▏ 1.5 KB                         [K
pulling 0ba8f0e314b4: 100% ▕██████████████████▏  12 KB                         [K
pulling 56bb8bd477a5: 100% ▕██████████████████▏   96 B                         [K
verifying sha256 digest ⠏ [K[?25h[?2026l[?2026h[?25l[A[A[A[A[A[1Gpulling manifest [K
pulling de20d2cf2dc4: 100% ▕█████████████████ ▏  42 GB/ 42 GB  641 MB/s      0s[K
pulling 948af2743fc7: 100% ▕██████████████████▏ 1.5 KB                         [K
pulling 0ba8f0e314b4: 100% ▕██████████████████▏  12 KB                         [K
pulling 56bb8bd477a5: 100% ▕██████████████████▏   96 B                         [K
verifying sha256 digest ⠋ [K[?25h[?2026l[?2026h[?25l[A[A[A[A[A[1Gpulling manifest [K
pulling de20d2cf2dc4: 100% ▕█████████████████ ▏  42 GB/ 42 GB  641 MB/s      0s[K
pulling 948af2743fc7: 100% ▕██████████████████▏ 1.5 KB                         [K
pulling 0ba8f0e314b4: 100% ▕██████████████████▏  12 KB                         [K
pulling 56bb8bd477a5: 100% ▕██████████████████▏   96 B                         [K
verifying sha256 digest ⠙ [K[?25h[?2026l[?2026h[?25l[A[A[A[A[A[1Gpulling manifest [K
pulling de20d2cf2dc4: 100% ▕█████████████████ ▏  42 GB/ 42 GB  641 MB/s      0s[K
pulling 948af2743fc7: 100% ▕██████████████████▏ 1.5 KB                         [K
pulling 0ba8f0e314b4: 100% ▕██████████████████▏  12 KB                         [K
pulling 56bb8bd477a5: 100% ▕██████████████████▏   96 B                         [K
verifying sha256 digest ⠹ [K[?25h[?2026l[?2026h[?25l[A[A[A[A[A[1Gpulling manifest [K
pulling de20d2cf2dc4: 100% ▕█████████████████ ▏  42 GB/ 42 GB  641 MB/s      0s[K
pulling 948af2743fc7: 100% ▕██████████████████▏ 1.5 KB                         [K
pulling 0ba8f0e314b4: 100% ▕██████████████████▏  12 KB                         [K
pulling 56bb8bd477a5: 100% ▕██████████████████▏   96 B                         [K
verifying sha256 digest ⠸ [K[?25h[?2026l[?2026h[?25l[A[A[A[A[A[1Gpulling manifest [K
pulling de20d2cf2dc4: 100% ▕█████████████████ ▏  42 GB/ 42 GB  641 MB/s      0s[K
pulling 948af2743fc7: 100% ▕██████████████████▏ 1.5 KB                         [K
pulling 0ba8f0e314b4: 100% ▕██████████████████▏  12 KB                         [K
pulling 56bb8bd477a5: 100% ▕██████████████████▏   96 B                         [K
verifying sha256 digest ⠼ [K[?25h[?2026l[?2026h[?25l[A[A[A[A[A[1Gpulling manifest [K
pulling de20d2cf2dc4: 100% ▕█████████████████ ▏  42 GB/ 42 GB  641 MB/s      0s[K
pulling 948af2743fc7: 100% ▕██████████████████▏ 1.5 KB                         [K
pulling 0ba8f0e314b4: 100% ▕██████████████████▏  12 KB                         [K
pulling 56bb8bd477a5: 100% ▕██████████████████▏   96 B                         [K
verifying sha256 digest ⠴ [K[?25h[?2026l[?2026h[?25l[A[A[A[A[A[1Gpulling manifest [K
pulling de20d2cf2dc4: 100% ▕█████████████████ ▏  42 GB/ 42 GB  641 MB/s      0s[K
pulling 948af2743fc7: 100% ▕██████████████████▏ 1.5 KB                         [K
pulling 0ba8f0e314b4: 100% ▕██████████████████▏  12 KB                         [K
pulling 56bb8bd477a5: 100% ▕██████████████████▏   96 B                         [K
verifying sha256 digest ⠦ [K[?25h[?2026l[?2026h[?25l[A[A[A[A[A[1Gpulling manifest [K
pulling de20d2cf2dc4: 100% ▕█████████████████ ▏  42 GB/ 42 GB  641 MB/s      0s[K
pulling 948af2743fc7: 100% ▕██████████████████▏ 1.5 KB                         [K
pulling 0ba8f0e314b4: 100% ▕██████████████████▏  12 KB                         [K
pulling 56bb8bd477a5: 100% ▕██████████████████▏   96 B                         [K
verifying sha256 digest ⠧ [K[?25h[?2026l[?2026h[?25l[A[A[A[A[A[1Gpulling manifest [K
pulling de20d2cf2dc4: 100% ▕█████████████████ ▏  42 GB/ 42 GB  641 MB/s      0s[K
pulling 948af2743fc7: 100% ▕██████████████████▏ 1.5 KB                         [K
pulling 0ba8f0e314b4: 100% ▕██████████████████▏  12 KB                         [K
pulling 56bb8bd477a5: 100% ▕██████████████████▏   96 B                         [K
verifying sha256 digest ⠇ [K[?25h[?2026l[?2026h[?25l[A[A[A[A[A[1Gpulling manifest [K
pulling de20d2cf2dc4: 100% ▕█████████████████ ▏  42 GB/ 42 GB  641 MB/s      0s[K
pulling 948af2743fc7: 100% ▕██████████████████▏ 1.5 KB                         [K
pulling 0ba8f0e314b4: 100% ▕██████████████████▏  12 KB                         [K
pulling 56bb8bd477a5: 100% ▕██████████████████▏   96 B                         [K
verifying sha256 digest ⠏ [K[?25h[?2026l[?2026h[?25l[A[A[A[A[A[1Gpulling manifest [K
pulling de20d2cf2dc4: 100% ▕█████████████████ ▏  42 GB/ 42 GB  641 MB/s      0s[K
pulling 948af2743fc7: 100% ▕██████████████████▏ 1.5 KB                         [K
pulling 0ba8f0e314b4: 100% ▕██████████████████▏  12 KB                         [K
pulling 56bb8bd477a5: 100% ▕██████████████████▏   96 B                         [K
verifying sha256 digest ⠋ [K[?25h[?2026l[?2026h[?25l[A[A[A[A[A[1Gpulling manifest [K
pulling de20d2cf2dc4: 100% ▕█████████████████ ▏  42 GB/ 42 GB  641 MB/s      0s[K
pulling 948af2743fc7: 100% ▕██████████████████▏ 1.5 KB                         [K
pulling 0ba8f0e314b4: 100% ▕██████████████████▏  12 KB                         [K
pulling 56bb8bd477a5: 100% ▕██████████████████▏   96 B                         [K
verifying sha256 digest ⠙ [K[?25h[?2026l[?2026h[?25l[A[A[A[A[A[1Gpulling manifest [K
pulling de20d2cf2dc4: 100% ▕█████████████████ ▏  42 GB/ 42 GB  641 MB/s      0s[K
pulling 948af2743fc7: 100% ▕██████████████████▏ 1.5 KB                         [K
pulling 0ba8f0e314b4: 100% ▕██████████████████▏  12 KB                         [K
pulling 56bb8bd477a5: 100% ▕██████████████████▏   96 B                         [K
verifying sha256 digest ⠹ [K[?25h[?2026l[?2026h[?25l[A[A[A[A[A[1Gpulling manifest [K
pulling de20d2cf2dc4: 100% ▕█████████████████ ▏  42 GB/ 42 GB  641 MB/s      0s[K
pulling 948af2743fc7: 100% ▕██████████████████▏ 1.5 KB                         [K
pulling 0ba8f0e314b4: 100% ▕██████████████████▏  12 KB                         [K
pulling 56bb8bd477a5: 100% ▕██████████████████▏   96 B                         [K
verifying sha256 digest ⠸ [K[?25h[?2026l[?2026h[?25l[A[A[A[A[A[1Gpulling manifest [K
pulling de20d2cf2dc4: 100% ▕█████████████████ ▏  42 GB/ 42 GB  641 MB/s      0s[K
pulling 948af2743fc7: 100% ▕██████████████████▏ 1.5 KB                         [K
pulling 0ba8f0e314b4: 100% ▕██████████████████▏  12 KB                         [K
pulling 56bb8bd477a5: 100% ▕██████████████████▏   96 B                         [K
verifying sha256 digest ⠼ [K[?25h[?2026l[?2026h[?25l[A[A[A[A[A[1Gpulling manifest [K
pulling de20d2cf2dc4: 100% ▕█████████████████ ▏  42 GB/ 42 GB  641 MB/s      0s[K
pulling 948af2743fc7: 100% ▕██████████████████▏ 1.5 KB                         [K
pulling 0ba8f0e314b4: 100% ▕██████████████████▏  12 KB                         [K
pulling 56bb8bd477a5: 100% ▕██████████████████▏   96 B                         [K
verifying sha256 digest ⠴ [K[?25h[?2026l[?2026h[?25l[A[A[A[A[A[1Gpulling manifest [K
pulling de20d2cf2dc4: 100% ▕█████████████████ ▏  42 GB/ 42 GB  641 MB/s      0s[K
pulling 948af2743fc7: 100% ▕██████████████████▏ 1.5 KB                         [K
pulling 0ba8f0e314b4: 100% ▕██████████████████▏  12 KB                         [K
pulling 56bb8bd477a5: 100% ▕██████████████████▏   96 B                         [K
verifying sha256 digest ⠦ [K[?25h[?2026l[?2026h[?25l[A[A[A[A[A[1Gpulling manifest [K
pulling de20d2cf2dc4: 100% ▕█████████████████ ▏  42 GB/ 42 GB  641 MB/s      0s[K
pulling 948af2743fc7: 100% ▕██████████████████▏ 1.5 KB                         [K
pulling 0ba8f0e314b4: 100% ▕██████████████████▏  12 KB                         [K
pulling 56bb8bd477a5: 100% ▕██████████████████▏   96 B                         [K
verifying sha256 digest ⠧ [K[?25h[?2026l[?2026h[?25l[A[A[A[A[A[1Gpulling manifest [K
pulling de20d2cf2dc4: 100% ▕█████████████████ ▏  42 GB/ 42 GB  641 MB/s      0s[K
pulling 948af2743fc7: 100% ▕██████████████████▏ 1.5 KB                         [K
pulling 0ba8f0e314b4: 100% ▕██████████████████▏  12 KB                         [K
pulling 56bb8bd477a5: 100% ▕██████████████████▏   96 B                         [K
verifying sha256 digest ⠇ [K[?25h[?2026l[?2026h[?25l[A[A[A[A[A[1Gpulling manifest [K
pulling de20d2cf2dc4: 100% ▕█████████████████ ▏  42 GB/ 42 GB  641 MB/s      0s[K
pulling 948af2743fc7: 100% ▕██████████████████▏ 1.5 KB                         [K
pulling 0ba8f0e314b4: 100% ▕██████████████████▏  12 KB                         [K
pulling 56bb8bd477a5: 100% ▕██████████████████▏   96 B                         [K
verifying sha256 digest ⠏ [K[?25h[?2026l[?2026h[?25l[A[A[A[A[A[1Gpulling manifest [K
pulling de20d2cf2dc4: 100% ▕█████████████████ ▏  42 GB/ 42 GB  641 MB/s      0s[K
pulling 948af2743fc7: 100% ▕██████████████████▏ 1.5 KB                         [K
pulling 0ba8f0e314b4: 100% ▕██████████████████▏  12 KB                         [K
pulling 56bb8bd477a5: 100% ▕██████████████████▏   96 B                         [K
verifying sha256 digest ⠋ [K[?25h[?2026l[?2026h[?25l[A[A[A[A[A[1Gpulling manifest [K
pulling de20d2cf2dc4: 100% ▕█████████████████ ▏  42 GB/ 42 GB  641 MB/s      0s[K
pulling 948af2743fc7: 100% ▕██████████████████▏ 1.5 KB                         [K
pulling 0ba8f0e314b4: 100% ▕██████████████████▏  12 KB                         [K
pulling 56bb8bd477a5: 100% ▕██████████████████▏   96 B                         [K
verifying sha256 digest ⠙ [K[?25h[?2026l[?2026h[?25l[A[A[A[A[A[1Gpulling manifest [K
pulling de20d2cf2dc4: 100% ▕█████████████████ ▏  42 GB/ 42 GB  641 MB/s      0s[K
pulling 948af2743fc7: 100% ▕██████████████████▏ 1.5 KB                         [K
pulling 0ba8f0e314b4: 100% ▕██████████████████▏  12 KB                         [K
pulling 56bb8bd477a5: 100% ▕██████████████████▏   96 B                         [K
verifying sha256 digest ⠹ [K[?25h[?2026l[?2026h[?25l[A[A[A[A[A[1Gpulling manifest [K
pulling de20d2cf2dc4: 100% ▕█████████████████ ▏  42 GB/ 42 GB  641 MB/s      0s[K
pulling 948af2743fc7: 100% ▕██████████████████▏ 1.5 KB                         [K
pulling 0ba8f0e314b4: 100% ▕██████████████████▏  12 KB                         [K
pulling 56bb8bd477a5: 100% ▕██████████████████▏   96 B                         [K
verifying sha256 digest ⠸ [K[?25h[?2026l[?2026h[?25l[A[A[A[A[A[1Gpulling manifest [K
pulling de20d2cf2dc4: 100% ▕█████████████████ ▏  42 GB/ 42 GB  641 MB/s      0s[K
pulling 948af2743fc7: 100% ▕██████████████████▏ 1.5 KB                         [K
pulling 0ba8f0e314b4: 100% ▕██████████████████▏  12 KB                         [K
pulling 56bb8bd477a5: 100% ▕██████████████████▏   96 B                         [K
verifying sha256 digest ⠼ [K[?25h[?2026l[?2026h[?25l[A[A[A[A[A[1Gpulling manifest [K
pulling de20d2cf2dc4: 100% ▕█████████████████ ▏  42 GB/ 42 GB  641 MB/s      0s[K
pulling 948af2743fc7: 100% ▕██████████████████▏ 1.5 KB                         [K
pulling 0ba8f0e314b4: 100% ▕██████████████████▏  12 KB                         [K
pulling 56bb8bd477a5: 100% ▕██████████████████▏   96 B                         [K
verifying sha256 digest ⠴ [K[?25h[?2026l[?2026h[?25l[A[A[A[A[A[1Gpulling manifest [K
pulling de20d2cf2dc4: 100% ▕█████████████████ ▏  42 GB/ 42 GB  641 MB/s      0s[K
pulling 948af2743fc7: 100% ▕██████████████████▏ 1.5 KB                         [K
pulling 0ba8f0e314b4: 100% ▕██████████████████▏  12 KB                         [K
pulling 56bb8bd477a5: 100% ▕██████████████████▏   96 B                         [K
verifying sha256 digest ⠦ [K[?25h[?2026l[?2026h[?25l[A[A[A[A[A[1Gpulling manifest [K
pulling de20d2cf2dc4: 100% ▕█████████████████ ▏  42 GB/ 42 GB  641 MB/s      0s[K
pulling 948af2743fc7: 100% ▕██████████████████▏ 1.5 KB                         [K
pulling 0ba8f0e314b4: 100% ▕██████████████████▏  12 KB                         [K
pulling 56bb8bd477a5: 100% ▕██████████████████▏   96 B                         [K
verifying sha256 digest ⠧ [K[?25h[?2026l[?2026h[?25l[A[A[A[A[A[1Gpulling manifest [K
pulling de20d2cf2dc4: 100% ▕█████████████████ ▏  42 GB/ 42 GB  641 MB/s      0s[K
pulling 948af2743fc7: 100% ▕██████████████████▏ 1.5 KB                         [K
pulling 0ba8f0e314b4: 100% ▕██████████████████▏  12 KB                         [K
pulling 56bb8bd477a5: 100% ▕██████████████████▏   96 B                         [K
verifying sha256 digest ⠇ [K[?25h[?2026l[?2026h[?25l[A[A[A[A[A[1Gpulling manifest [K
pulling de20d2cf2dc4: 100% ▕█████████████████ ▏  42 GB/ 42 GB  641 MB/s      0s[K
pulling 948af2743fc7: 100% ▕██████████████████▏ 1.5 KB                         [K
pulling 0ba8f0e314b4: 100% ▕██████████████████▏  12 KB                         [K
pulling 56bb8bd477a5: 100% ▕██████████████████▏   96 B                         [K
verifying sha256 digest ⠏ [K[?25h[?2026l[?2026h[?25l[A[A[A[A[A[1Gpulling manifest [K
pulling de20d2cf2dc4: 100% ▕█████████████████ ▏  42 GB/ 42 GB  641 MB/s      0s[K
pulling 948af2743fc7: 100% ▕██████████████████▏ 1.5 KB                         [K
pulling 0ba8f0e314b4: 100% ▕██████████████████▏  12 KB                         [K
pulling 56bb8bd477a5: 100% ▕██████████████████▏   96 B                         [K
verifying sha256 digest ⠋ [K[?25h[?2026l[?2026h[?25l[A[A[A[A[A[1Gpulling manifest [K
pulling de20d2cf2dc4: 100% ▕█████████████████ ▏  42 GB/ 42 GB  641 MB/s      0s[K
pulling 948af2743fc7: 100% ▕██████████████████▏ 1.5 KB                         [K
pulling 0ba8f0e314b4: 100% ▕██████████████████▏  12 KB                         [K
pulling 56bb8bd477a5: 100% ▕██████████████████▏   96 B                         [K
verifying sha256 digest ⠙ [K[?25h[?2026l[?2026h[?25l[A[A[A[A[A[1Gpulling manifest [K
pulling de20d2cf2dc4: 100% ▕█████████████████ ▏  42 GB/ 42 GB  641 MB/s      0s[K
pulling 948af2743fc7: 100% ▕██████████████████▏ 1.5 KB                         [K
pulling 0ba8f0e314b4: 100% ▕██████████████████▏  12 KB                         [K
pulling 56bb8bd477a5: 100% ▕██████████████████▏   96 B                         [K
verifying sha256 digest ⠹ [K[?25h[?2026l[?2026h[?25l[A[A[A[A[A[1Gpulling manifest [K
pulling de20d2cf2dc4: 100% ▕█████████████████ ▏  42 GB/ 42 GB  641 MB/s      0s[K
pulling 948af2743fc7: 100% ▕██████████████████▏ 1.5 KB                         [K
pulling 0ba8f0e314b4: 100% ▕██████████████████▏  12 KB                         [K
pulling 56bb8bd477a5: 100% ▕██████████████████▏   96 B                         [K
verifying sha256 digest ⠸ [K[?25h[?2026l[?2026h[?25l[A[A[A[A[A[1Gpulling manifest [K
pulling de20d2cf2dc4: 100% ▕█████████████████ ▏  42 GB/ 42 GB  641 MB/s      0s[K
pulling 948af2743fc7: 100% ▕██████████████████▏ 1.5 KB                         [K
pulling 0ba8f0e314b4: 100% ▕██████████████████▏  12 KB                         [K
pulling 56bb8bd477a5: 100% ▕██████████████████▏   96 B                         [K
verifying sha256 digest ⠼ [K[?25h[?2026l[?2026h[?25l[A[A[A[A[A[1Gpulling manifest [K
pulling de20d2cf2dc4: 100% ▕█████████████████ ▏  42 GB/ 42 GB  641 MB/s      0s[K
pulling 948af2743fc7: 100% ▕██████████████████▏ 1.5 KB                         [K
pulling 0ba8f0e314b4: 100% ▕██████████████████▏  12 KB                         [K
pulling 56bb8bd477a5: 100% ▕██████████████████▏   96 B                         [K
verifying sha256 digest ⠴ [K[?25h[?2026l[?2026h[?25l[A[A[A[A[A[1Gpulling manifest [K
pulling de20d2cf2dc4: 100% ▕█████████████████ ▏  42 GB/ 42 GB  641 MB/s      0s[K
pulling 948af2743fc7: 100% ▕██████████████████▏ 1.5 KB                         [K
pulling 0ba8f0e314b4: 100% ▕██████████████████▏  12 KB                         [K
pulling 56bb8bd477a5: 100% ▕██████████████████▏   96 B                         [K
verifying sha256 digest ⠦ [K[?25h[?2026l[?2026h[?25l[A[A[A[A[A[1Gpulling manifest [K
pulling de20d2cf2dc4: 100% ▕█████████████████ ▏  42 GB/ 42 GB  641 MB/s      0s[K
pulling 948af2743fc7: 100% ▕██████████████████▏ 1.5 KB                         [K
pulling 0ba8f0e314b4: 100% ▕██████████████████▏  12 KB                         [K
pulling 56bb8bd477a5: 100% ▕██████████████████▏   96 B                         [K
verifying sha256 digest ⠧ [K[?25h[?2026l[?2026h[?25l[A[A[A[A[A[1Gpulling manifest [K
pulling de20d2cf2dc4: 100% ▕█████████████████ ▏  42 GB/ 42 GB  641 MB/s      0s[K
pulling 948af2743fc7: 100% ▕██████████████████▏ 1.5 KB                         [K
pulling 0ba8f0e314b4: 100% ▕██████████████████▏  12 KB                         [K
pulling 56bb8bd477a5: 100% ▕██████████████████▏   96 B                         [K
verifying sha256 digest ⠇ [K[?25h[?2026l[?2026h[?25l[A[A[A[A[A[1Gpulling manifest [K
pulling de20d2cf2dc4: 100% ▕█████████████████ ▏  42 GB/ 42 GB  641 MB/s      0s[K
pulling 948af2743fc7: 100% ▕██████████████████▏ 1.5 KB                         [K
pulling 0ba8f0e314b4: 100% ▕██████████████████▏  12 KB                         [K
pulling 56bb8bd477a5: 100% ▕██████████████████▏   96 B                         [K
verifying sha256 digest ⠏ [K[?25h[?2026l[?2026h[?25l[A[A[A[A[A[1Gpulling manifest [K
pulling de20d2cf2dc4: 100% ▕█████████████████ ▏  42 GB/ 42 GB  641 MB/s      0s[K
pulling 948af2743fc7: 100% ▕██████████████████▏ 1.5 KB                         [K
pulling 0ba8f0e314b4: 100% ▕██████████████████▏  12 KB                         [K
pulling 56bb8bd477a5: 100% ▕██████████████████▏   96 B                         [K
verifying sha256 digest ⠋ [K[?25h[?2026l[?2026h[?25l[A[A[A[A[A[1Gpulling manifest [K
pulling de20d2cf2dc4: 100% ▕█████████████████ ▏  42 GB/ 42 GB  641 MB/s      0s[K
pulling 948af2743fc7: 100% ▕██████████████████▏ 1.5 KB                         [K
pulling 0ba8f0e314b4: 100% ▕██████████████████▏  12 KB                         [K
pulling 56bb8bd477a5: 100% ▕██████████████████▏   96 B                         [K
verifying sha256 digest ⠙ [K[?25h[?2026l[?2026h[?25l[A[A[A[A[A[1Gpulling manifest [K
pulling de20d2cf2dc4: 100% ▕█████████████████ ▏  42 GB/ 42 GB  641 MB/s      0s[K
pulling 948af2743fc7: 100% ▕██████████████████▏ 1.5 KB                         [K
pulling 0ba8f0e314b4: 100% ▕██████████████████▏  12 KB                         [K
pulling 56bb8bd477a5: 100% ▕██████████████████▏   96 B                         [K
verifying sha256 digest ⠹ [K[?25h[?2026l[?2026h[?25l[A[A[A[A[A[1Gpulling manifest [K
pulling de20d2cf2dc4: 100% ▕█████████████████ ▏  42 GB/ 42 GB  641 MB/s      0s[K
pulling 948af2743fc7: 100% ▕██████████████████▏ 1.5 KB                         [K
pulling 0ba8f0e314b4: 100% ▕██████████████████▏  12 KB                         [K
pulling 56bb8bd477a5: 100% ▕██████████████████▏   96 B                         [K
verifying sha256 digest ⠸ [K[?25h[?2026l[?2026h[?25l[A[A[A[A[A[1Gpulling manifest [K
pulling de20d2cf2dc4: 100% ▕█████████████████ ▏  42 GB/ 42 GB  641 MB/s      0s[K
pulling 948af2743fc7: 100% ▕██████████████████▏ 1.5 KB                         [K
pulling 0ba8f0e314b4: 100% ▕██████████████████▏  12 KB                         [K
pulling 56bb8bd477a5: 100% ▕██████████████████▏   96 B                         [K
verifying sha256 digest ⠼ [K[?25h[?2026l[?2026h[?25l[A[A[A[A[A[1Gpulling manifest [K
pulling de20d2cf2dc4: 100% ▕█████████████████ ▏  42 GB/ 42 GB  641 MB/s      0s[K
pulling 948af2743fc7: 100% ▕██████████████████▏ 1.5 KB                         [K
pulling 0ba8f0e314b4: 100% ▕██████████████████▏  12 KB                         [K
pulling 56bb8bd477a5: 100% ▕██████████████████▏   96 B                         [K
verifying sha256 digest ⠴ [K[?25h[?2026l[?2026h[?25l[A[A[A[A[A[1Gpulling manifest [K
pulling de20d2cf2dc4: 100% ▕█████████████████ ▏  42 GB/ 42 GB  641 MB/s      0s[K
pulling 948af2743fc7: 100% ▕██████████████████▏ 1.5 KB                         [K
pulling 0ba8f0e314b4: 100% ▕██████████████████▏  12 KB                         [K
pulling 56bb8bd477a5: 100% ▕██████████████████▏   96 B                         [K
verifying sha256 digest ⠦ [K[?25h[?2026l[?2026h[?25l[A[A[A[A[A[1Gpulling manifest [K
pulling de20d2cf2dc4: 100% ▕█████████████████ ▏  42 GB/ 42 GB  641 MB/s      0s[K
pulling 948af2743fc7: 100% ▕██████████████████▏ 1.5 KB                         [K
pulling 0ba8f0e314b4: 100% ▕██████████████████▏  12 KB                         [K
pulling 56bb8bd477a5: 100% ▕██████████████████▏   96 B                         [K
verifying sha256 digest ⠧ [K[?25h[?2026l[?2026h[?25l[A[A[A[A[A[1Gpulling manifest [K
pulling de20d2cf2dc4: 100% ▕█████████████████ ▏  42 GB/ 42 GB  641 MB/s      0s[K
pulling 948af2743fc7: 100% ▕██████████████████▏ 1.5 KB                         [K
pulling 0ba8f0e314b4: 100% ▕██████████████████▏  12 KB                         [K
pulling 56bb8bd477a5: 100% ▕██████████████████▏   96 B                         [K
verifying sha256 digest ⠇ [K[?25h[?2026l[?2026h[?25l[A[A[A[A[A[1Gpulling manifest [K
pulling de20d2cf2dc4: 100% ▕█████████████████ ▏  42 GB/ 42 GB  641 MB/s      0s[K
pulling 948af2743fc7: 100% ▕██████████████████▏ 1.5 KB                         [K
pulling 0ba8f0e314b4: 100% ▕██████████████████▏  12 KB                         [K
pulling 56bb8bd477a5: 100% ▕██████████████████▏   96 B                         [K
verifying sha256 digest ⠏ [K[?25h[?2026l[?2026h[?25l[A[A[A[A[A[1Gpulling manifest [K
pulling de20d2cf2dc4: 100% ▕█████████████████ ▏  42 GB/ 42 GB  641 MB/s      0s[K
pulling 948af2743fc7: 100% ▕██████████████████▏ 1.5 KB                         [K
pulling 0ba8f0e314b4: 100% ▕██████████████████▏  12 KB                         [K
pulling 56bb8bd477a5: 100% ▕██████████████████▏   96 B                         [K
verifying sha256 digest ⠋ [K[?25h[?2026l[?2026h[?25l[A[A[A[A[A[1Gpulling manifest [K
pulling de20d2cf2dc4: 100% ▕█████████████████ ▏  42 GB/ 42 GB  641 MB/s      0s[K
pulling 948af2743fc7: 100% ▕██████████████████▏ 1.5 KB                         [K
pulling 0ba8f0e314b4: 100% ▕██████████████████▏  12 KB                         [K
pulling 56bb8bd477a5: 100% ▕██████████████████▏   96 B                         [K
verifying sha256 digest ⠙ [K[?25h[?2026l[?2026h[?25l[A[A[A[A[A[1Gpulling manifest [K
pulling de20d2cf2dc4: 100% ▕█████████████████ ▏  42 GB/ 42 GB  641 MB/s      0s[K
pulling 948af2743fc7: 100% ▕██████████████████▏ 1.5 KB                         [K
pulling 0ba8f0e314b4: 100% ▕██████████████████▏  12 KB                         [K
pulling 56bb8bd477a5: 100% ▕██████████████████▏   96 B                         [K
verifying sha256 digest ⠹ [K[?25h[?2026l[?2026h[?25l[A[A[A[A[A[1Gpulling manifest [K
pulling de20d2cf2dc4: 100% ▕█████████████████ ▏  42 GB/ 42 GB  641 MB/s      0s[K
pulling 948af2743fc7: 100% ▕██████████████████▏ 1.5 KB                         [K
pulling 0ba8f0e314b4: 100% ▕██████████████████▏  12 KB                         [K
pulling 56bb8bd477a5: 100% ▕██████████████████▏   96 B                         [K
verifying sha256 digest ⠸ [K[?25h[?2026l[?2026h[?25l[A[A[A[A[A[1Gpulling manifest [K
pulling de20d2cf2dc4: 100% ▕█████████████████ ▏  42 GB/ 42 GB  641 MB/s      0s[K
pulling 948af2743fc7: 100% ▕██████████████████▏ 1.5 KB                         [K
pulling 0ba8f0e314b4: 100% ▕██████████████████▏  12 KB                         [K
pulling 56bb8bd477a5: 100% ▕██████████████████▏   96 B                         [K
verifying sha256 digest ⠼ [K[?25h[?2026l[?2026h[?25l[A[A[A[A[A[1Gpulling manifest [K
pulling de20d2cf2dc4: 100% ▕█████████████████ ▏  42 GB/ 42 GB  641 MB/s      0s[K
pulling 948af2743fc7: 100% ▕██████████████████▏ 1.5 KB                         [K
pulling 0ba8f0e314b4: 100% ▕██████████████████▏  12 KB                         [K
pulling 56bb8bd477a5: 100% ▕██████████████████▏   96 B                         [K
verifying sha256 digest ⠴ [K[?25h[?2026l[?2026h[?25l[A[A[A[A[A[1Gpulling manifest [K
pulling de20d2cf2dc4: 100% ▕█████████████████ ▏  42 GB/ 42 GB  641 MB/s      0s[K
pulling 948af2743fc7: 100% ▕██████████████████▏ 1.5 KB                         [K
pulling 0ba8f0e314b4: 100% ▕██████████████████▏  12 KB                         [K
pulling 56bb8bd477a5: 100% ▕██████████████████▏   96 B                         [K
verifying sha256 digest ⠦ [K[?25h[?2026l[?2026h[?25l[A[A[A[A[A[1Gpulling manifest [K
pulling de20d2cf2dc4: 100% ▕█████████████████ ▏  42 GB/ 42 GB  641 MB/s      0s[K
pulling 948af2743fc7: 100% ▕██████████████████▏ 1.5 KB                         [K
pulling 0ba8f0e314b4: 100% ▕██████████████████▏  12 KB                         [K
pulling 56bb8bd477a5: 100% ▕██████████████████▏   96 B                         [K
verifying sha256 digest ⠧ [K[?25h[?2026l[?2026h[?25l[A[A[A[A[A[1Gpulling manifest [K
pulling de20d2cf2dc4: 100% ▕█████████████████ ▏  42 GB/ 42 GB  641 MB/s      0s[K
pulling 948af2743fc7: 100% ▕██████████████████▏ 1.5 KB                         [K
pulling 0ba8f0e314b4: 100% ▕██████████████████▏  12 KB                         [K
pulling 56bb8bd477a5: 100% ▕██████████████████▏   96 B                         [K
verifying sha256 digest ⠇ [K[?25h[?2026l[?2026h[?25l[A[A[A[A[A[1Gpulling manifest [K
pulling de20d2cf2dc4: 100% ▕█████████████████ ▏  42 GB/ 42 GB  641 MB/s      0s[K
pulling 948af2743fc7: 100% ▕██████████████████▏ 1.5 KB                         [K
pulling 0ba8f0e314b4: 100% ▕██████████████████▏  12 KB                         [K
pulling 56bb8bd477a5: 100% ▕██████████████████▏   96 B                         [K
verifying sha256 digest ⠏ [K[?25h[?2026l[?2026h[?25l[A[A[A[A[A[1Gpulling manifest [K
pulling de20d2cf2dc4: 100% ▕█████████████████ ▏  42 GB/ 42 GB  641 MB/s      0s[K
pulling 948af2743fc7: 100% ▕██████████████████▏ 1.5 KB                         [K
pulling 0ba8f0e314b4: 100% ▕██████████████████▏  12 KB                         [K
pulling 56bb8bd477a5: 100% ▕██████████████████▏   96 B                         [K
verifying sha256 digest ⠋ [K[?25h[?2026l[?2026h[?25l[A[A[A[A[A[1Gpulling manifest [K
pulling de20d2cf2dc4: 100% ▕█████████████████ ▏  42 GB/ 42 GB  641 MB/s      0s[K
pulling 948af2743fc7: 100% ▕██████████████████▏ 1.5 KB                         [K
pulling 0ba8f0e314b4: 100% ▕██████████████████▏  12 KB                         [K
pulling 56bb8bd477a5: 100% ▕██████████████████▏   96 B                         [K
verifying sha256 digest ⠙ [K[?25h[?2026l[?2026h[?25l[A[A[A[A[A[1Gpulling manifest [K
pulling de20d2cf2dc4: 100% ▕█████████████████ ▏  42 GB/ 42 GB  641 MB/s      0s[K
pulling 948af2743fc7: 100% ▕██████████████████▏ 1.5 KB                         [K
pulling 0ba8f0e314b4: 100% ▕██████████████████▏  12 KB                         [K
pulling 56bb8bd477a5: 100% ▕██████████████████▏   96 B                         [K
verifying sha256 digest ⠹ [K[?25h[?2026l[?2026h[?25l[A[A[A[A[A[1Gpulling manifest [K
pulling de20d2cf2dc4: 100% ▕█████████████████ ▏  42 GB/ 42 GB  641 MB/s      0s[K
pulling 948af2743fc7: 100% ▕██████████████████▏ 1.5 KB                         [K
pulling 0ba8f0e314b4: 100% ▕██████████████████▏  12 KB                         [K
pulling 56bb8bd477a5: 100% ▕██████████████████▏   96 B                         [K
verifying sha256 digest ⠸ [K[?25h[?2026l[?2026h[?25l[A[A[A[A[A[1Gpulling manifest [K
pulling de20d2cf2dc4: 100% ▕█████████████████ ▏  42 GB/ 42 GB  641 MB/s      0s[K
pulling 948af2743fc7: 100% ▕██████████████████▏ 1.5 KB                         [K
pulling 0ba8f0e314b4: 100% ▕██████████████████▏  12 KB                         [K
pulling 56bb8bd477a5: 100% ▕██████████████████▏   96 B                         [K
verifying sha256 digest ⠼ [K[?25h[?2026l[?2026h[?25l[A[A[A[A[A[1Gpulling manifest [K
pulling de20d2cf2dc4: 100% ▕█████████████████ ▏  42 GB/ 42 GB  641 MB/s      0s[K
pulling 948af2743fc7: 100% ▕██████████████████▏ 1.5 KB                         [K
pulling 0ba8f0e314b4: 100% ▕██████████████████▏  12 KB                         [K
pulling 56bb8bd477a5: 100% ▕██████████████████▏   96 B                         [K
verifying sha256 digest ⠴ [K[?25h[?2026l[?2026h[?25l[A[A[A[A[A[1Gpulling manifest [K
pulling de20d2cf2dc4: 100% ▕█████████████████ ▏  42 GB/ 42 GB  641 MB/s      0s[K
pulling 948af2743fc7: 100% ▕██████████████████▏ 1.5 KB                         [K
pulling 0ba8f0e314b4: 100% ▕██████████████████▏  12 KB                         [K
pulling 56bb8bd477a5: 100% ▕██████████████████▏   96 B                         [K
verifying sha256 digest ⠦ [K[?25h[?2026l[?2026h[?25l[A[A[A[A[A[1Gpulling manifest [K
pulling de20d2cf2dc4: 100% ▕█████████████████ ▏  42 GB/ 42 GB  641 MB/s      0s[K
pulling 948af2743fc7: 100% ▕██████████████████▏ 1.5 KB                         [K
pulling 0ba8f0e314b4: 100% ▕██████████████████▏  12 KB                         [K
pulling 56bb8bd477a5: 100% ▕██████████████████▏   96 B                         [K
verifying sha256 digest ⠧ [K[?25h[?2026l[?2026h[?25l[A[A[A[A[A[1Gpulling manifest [K
pulling de20d2cf2dc4: 100% ▕█████████████████ ▏  42 GB/ 42 GB  641 MB/s      0s[K
pulling 948af2743fc7: 100% ▕██████████████████▏ 1.5 KB                         [K
pulling 0ba8f0e314b4: 100% ▕██████████████████▏  12 KB                         [K
pulling 56bb8bd477a5: 100% ▕██████████████████▏   96 B                         [K
verifying sha256 digest ⠇ [K[?25h[?2026l[?2026h[?25l[A[A[A[A[A[1Gpulling manifest [K
pulling de20d2cf2dc4: 100% ▕█████████████████ ▏  42 GB/ 42 GB  641 MB/s      0s[K
pulling 948af2743fc7: 100% ▕██████████████████▏ 1.5 KB                         [K
pulling 0ba8f0e314b4: 100% ▕██████████████████▏  12 KB                         [K
pulling 56bb8bd477a5: 100% ▕██████████████████▏   96 B                         [K
verifying sha256 digest ⠏ [K[?25h[?2026l[?2026h[?25l[A[A[A[A[A[1Gpulling manifest [K
pulling de20d2cf2dc4: 100% ▕█████████████████ ▏  42 GB/ 42 GB  641 MB/s      0s[K
pulling 948af2743fc7: 100% ▕██████████████████▏ 1.5 KB                         [K
pulling 0ba8f0e314b4: 100% ▕██████████████████▏  12 KB                         [K
pulling 56bb8bd477a5: 100% ▕██████████████████▏   96 B                         [K
verifying sha256 digest ⠋ [K[?25h[?2026l[?2026h[?25l[A[A[A[A[A[1Gpulling manifest [K
pulling de20d2cf2dc4: 100% ▕█████████████████ ▏  42 GB/ 42 GB  641 MB/s      0s[K
pulling 948af2743fc7: 100% ▕██████████████████▏ 1.5 KB                         [K
pulling 0ba8f0e314b4: 100% ▕██████████████████▏  12 KB                         [K
pulling 56bb8bd477a5: 100% ▕██████████████████▏   96 B                         [K
verifying sha256 digest ⠙ [K[?25h[?2026l[?2026h[?25l[A[A[A[A[A[1Gpulling manifest [K
pulling de20d2cf2dc4: 100% ▕█████████████████ ▏  42 GB/ 42 GB  641 MB/s      0s[K
pulling 948af2743fc7: 100% ▕██████████████████▏ 1.5 KB                         [K
pulling 0ba8f0e314b4: 100% ▕██████████████████▏  12 KB                         [K
pulling 56bb8bd477a5: 100% ▕██████████████████▏   96 B                         [K
verifying sha256 digest ⠹ [K[?25h[?2026l[?2026h[?25l[A[A[A[A[A[1Gpulling manifest [K
pulling de20d2cf2dc4: 100% ▕█████████████████ ▏  42 GB/ 42 GB  641 MB/s      0s[K
pulling 948af2743fc7: 100% ▕██████████████████▏ 1.5 KB                         [K
pulling 0ba8f0e314b4: 100% ▕██████████████████▏  12 KB                         [K
pulling 56bb8bd477a5: 100% ▕██████████████████▏   96 B                         [K
verifying sha256 digest ⠸ [K[?25h[?2026l[?2026h[?25l[A[A[A[A[A[1Gpulling manifest [K
pulling de20d2cf2dc4: 100% ▕█████████████████ ▏  42 GB/ 42 GB  641 MB/s      0s[K
pulling 948af2743fc7: 100% ▕██████████████████▏ 1.5 KB                         [K
pulling 0ba8f0e314b4: 100% ▕██████████████████▏  12 KB                         [K
pulling 56bb8bd477a5: 100% ▕██████████████████▏   96 B                         [K
verifying sha256 digest ⠼ [K[?25h[?2026l[?2026h[?25l[A[A[A[A[A[1Gpulling manifest [K
pulling de20d2cf2dc4: 100% ▕█████████████████ ▏  42 GB/ 42 GB  641 MB/s      0s[K
pulling 948af2743fc7: 100% ▕██████████████████▏ 1.5 KB                         [K
pulling 0ba8f0e314b4: 100% ▕██████████████████▏  12 KB                         [K
pulling 56bb8bd477a5: 100% ▕██████████████████▏   96 B                         [K
verifying sha256 digest ⠴ [K[?25h[?2026l[?2026h[?25l[A[A[A[A[A[1Gpulling manifest [K
pulling de20d2cf2dc4: 100% ▕█████████████████ ▏  42 GB/ 42 GB  641 MB/s      0s[K
pulling 948af2743fc7: 100% ▕██████████████████▏ 1.5 KB                         [K
pulling 0ba8f0e314b4: 100% ▕██████████████████▏  12 KB                         [K
pulling 56bb8bd477a5: 100% ▕██████████████████▏   96 B                         [K
verifying sha256 digest ⠦ [K[?25h[?2026l[?2026h[?25l[A[A[A[A[A[1Gpulling manifest [K
pulling de20d2cf2dc4: 100% ▕█████████████████ ▏  42 GB/ 42 GB  641 MB/s      0s[K
pulling 948af2743fc7: 100% ▕██████████████████▏ 1.5 KB                         [K
pulling 0ba8f0e314b4: 100% ▕██████████████████▏  12 KB                         [K
pulling 56bb8bd477a5: 100% ▕██████████████████▏   96 B                         [K
verifying sha256 digest ⠧ [K[?25h[?2026l[?2026h[?25l[A[A[A[A[A[1Gpulling manifest [K
pulling de20d2cf2dc4: 100% ▕█████████████████ ▏  42 GB/ 42 GB  641 MB/s      0s[K
pulling 948af2743fc7: 100% ▕██████████████████▏ 1.5 KB                         [K
pulling 0ba8f0e314b4: 100% ▕██████████████████▏  12 KB                         [K
pulling 56bb8bd477a5: 100% ▕██████████████████▏   96 B                         [K
verifying sha256 digest ⠇ [K[?25h[?2026l[?2026h[?25l[A[A[A[A[A[1Gpulling manifest [K
pulling de20d2cf2dc4: 100% ▕█████████████████ ▏  42 GB/ 42 GB  641 MB/s      0s[K
pulling 948af2743fc7: 100% ▕██████████████████▏ 1.5 KB                         [K
pulling 0ba8f0e314b4: 100% ▕██████████████████▏  12 KB                         [K
pulling 56bb8bd477a5: 100% ▕██████████████████▏   96 B                         [K
verifying sha256 digest ⠏ [K[?25h[?2026l[?2026h[?25l[A[A[A[A[A[1Gpulling manifest [K
pulling de20d2cf2dc4: 100% ▕█████████████████ ▏  42 GB/ 42 GB  641 MB/s      0s[K
pulling 948af2743fc7: 100% ▕██████████████████▏ 1.5 KB                         [K
pulling 0ba8f0e314b4: 100% ▕██████████████████▏  12 KB                         [K
pulling 56bb8bd477a5: 100% ▕██████████████████▏   96 B                         [K
verifying sha256 digest ⠋ [K[?25h[?2026l[?2026h[?25l[A[A[A[A[A[1Gpulling manifest [K
pulling de20d2cf2dc4: 100% ▕█████████████████ ▏  42 GB/ 42 GB  641 MB/s      0s[K
pulling 948af2743fc7: 100% ▕██████████████████▏ 1.5 KB                         [K
pulling 0ba8f0e314b4: 100% ▕██████████████████▏  12 KB                         [K
pulling 56bb8bd477a5: 100% ▕██████████████████▏   96 B                         [K
verifying sha256 digest ⠙ [K[?25h[?2026l[?2026h[?25l[A[A[A[A[A[1Gpulling manifest [K
pulling de20d2cf2dc4: 100% ▕█████████████████ ▏  42 GB/ 42 GB  641 MB/s      0s[K
pulling 948af2743fc7: 100% ▕██████████████████▏ 1.5 KB                         [K
pulling 0ba8f0e314b4: 100% ▕██████████████████▏  12 KB                         [K
pulling 56bb8bd477a5: 100% ▕██████████████████▏   96 B                         [K
verifying sha256 digest ⠹ [K[?25h[?2026l[?2026h[?25l[A[A[A[A[A[1Gpulling manifest [K
pulling de20d2cf2dc4: 100% ▕█████████████████ ▏  42 GB/ 42 GB  641 MB/s      0s[K
pulling 948af2743fc7: 100% ▕██████████████████▏ 1.5 KB                         [K
pulling 0ba8f0e314b4: 100% ▕██████████████████▏  12 KB                         [K
pulling 56bb8bd477a5: 100% ▕██████████████████▏   96 B                         [K
verifying sha256 digest ⠸ [K[?25h[?2026l[?2026h[?25l[A[A[A[A[A[1Gpulling manifest [K
pulling de20d2cf2dc4: 100% ▕█████████████████ ▏  42 GB/ 42 GB  641 MB/s      0s[K
pulling 948af2743fc7: 100% ▕██████████████████▏ 1.5 KB                         [K
pulling 0ba8f0e314b4: 100% ▕██████████████████▏  12 KB                         [K
pulling 56bb8bd477a5: 100% ▕██████████████████▏   96 B                         [K
verifying sha256 digest ⠼ [K[?25h[?2026l[?2026h[?25l[A[A[A[A[A[1Gpulling manifest [K
pulling de20d2cf2dc4: 100% ▕█████████████████ ▏  42 GB/ 42 GB  641 MB/s      0s[K
pulling 948af2743fc7: 100% ▕██████████████████▏ 1.5 KB                         [K
pulling 0ba8f0e314b4: 100% ▕██████████████████▏  12 KB                         [K
pulling 56bb8bd477a5: 100% ▕██████████████████▏   96 B                         [K
verifying sha256 digest ⠴ [K[?25h[?2026l[?2026h[?25l[A[A[A[A[A[1Gpulling manifest [K
pulling de20d2cf2dc4: 100% ▕█████████████████ ▏  42 GB/ 42 GB  641 MB/s      0s[K
pulling 948af2743fc7: 100% ▕██████████████████▏ 1.5 KB                         [K
pulling 0ba8f0e314b4: 100% ▕██████████████████▏  12 KB                         [K
pulling 56bb8bd477a5: 100% ▕██████████████████▏   96 B                         [K
verifying sha256 digest ⠦ [K[?25h[?2026l[?2026h[?25l[A[A[A[A[A[1Gpulling manifest [K
pulling de20d2cf2dc4: 100% ▕█████████████████ ▏  42 GB/ 42 GB  641 MB/s      0s[K
pulling 948af2743fc7: 100% ▕██████████████████▏ 1.5 KB                         [K
pulling 0ba8f0e314b4: 100% ▕██████████████████▏  12 KB                         [K
pulling 56bb8bd477a5: 100% ▕██████████████████▏   96 B                         [K
verifying sha256 digest ⠧ [K[?25h[?2026l[?2026h[?25l[A[A[A[A[A[1Gpulling manifest [K
pulling de20d2cf2dc4: 100% ▕█████████████████ ▏  42 GB/ 42 GB  641 MB/s      0s[K
pulling 948af2743fc7: 100% ▕██████████████████▏ 1.5 KB                         [K
pulling 0ba8f0e314b4: 100% ▕██████████████████▏  12 KB                         [K
pulling 56bb8bd477a5: 100% ▕██████████████████▏   96 B                         [K
verifying sha256 digest ⠇ [K[?25h[?2026l[?2026h[?25l[A[A[A[A[A[1Gpulling manifest [K
pulling de20d2cf2dc4: 100% ▕█████████████████ ▏  42 GB/ 42 GB  641 MB/s      0s[K
pulling 948af2743fc7: 100% ▕██████████████████▏ 1.5 KB                         [K
pulling 0ba8f0e314b4: 100% ▕██████████████████▏  12 KB                         [K
pulling 56bb8bd477a5: 100% ▕██████████████████▏   96 B                         [K
verifying sha256 digest ⠏ [K[?25h[?2026l[?2026h[?25l[A[A[A[A[A[1Gpulling manifest [K
pulling de20d2cf2dc4: 100% ▕█████████████████ ▏  42 GB/ 42 GB  641 MB/s      0s[K
pulling 948af2743fc7: 100% ▕██████████████████▏ 1.5 KB                         [K
pulling 0ba8f0e314b4: 100% ▕██████████████████▏  12 KB                         [K
pulling 56bb8bd477a5: 100% ▕██████████████████▏   96 B                         [K
verifying sha256 digest ⠋ [K[?25h[?2026l[?2026h[?25l[A[A[A[A[A[1Gpulling manifest [K
pulling de20d2cf2dc4: 100% ▕█████████████████ ▏  42 GB/ 42 GB  641 MB/s      0s[K
pulling 948af2743fc7: 100% ▕██████████████████▏ 1.5 KB                         [K
pulling 0ba8f0e314b4: 100% ▕██████████████████▏  12 KB                         [K
pulling 56bb8bd477a5: 100% ▕██████████████████▏   96 B                         [K
verifying sha256 digest ⠙ [K[?25h[?2026l[?2026h[?25l[A[A[A[A[A[1Gpulling manifest [K
pulling de20d2cf2dc4: 100% ▕█████████████████ ▏  42 GB/ 42 GB  641 MB/s      0s[K
pulling 948af2743fc7: 100% ▕██████████████████▏ 1.5 KB                         [K
pulling 0ba8f0e314b4: 100% ▕██████████████████▏  12 KB                         [K
pulling 56bb8bd477a5: 100% ▕██████████████████▏   96 B                         [K
verifying sha256 digest ⠹ [K[?25h[?2026l[?2026h[?25l[A[A[A[A[A[1Gpulling manifest [K
pulling de20d2cf2dc4: 100% ▕█████████████████ ▏  42 GB/ 42 GB  641 MB/s      0s[K
pulling 948af2743fc7: 100% ▕██████████████████▏ 1.5 KB                         [K
pulling 0ba8f0e314b4: 100% ▕██████████████████▏  12 KB                         [K
pulling 56bb8bd477a5: 100% ▕██████████████████▏   96 B                         [K
verifying sha256 digest ⠸ [K[?25h[?2026l[?2026h[?25l[A[A[A[A[A[1Gpulling manifest [K
pulling de20d2cf2dc4: 100% ▕█████████████████ ▏  42 GB/ 42 GB  641 MB/s      0s[K
pulling 948af2743fc7: 100% ▕██████████████████▏ 1.5 KB                         [K
pulling 0ba8f0e314b4: 100% ▕██████████████████▏  12 KB                         [K
pulling 56bb8bd477a5: 100% ▕██████████████████▏   96 B                         [K
verifying sha256 digest ⠼ [K[?25h[?2026l[?2026h[?25l[A[A[A[A[A[1Gpulling manifest [K
pulling de20d2cf2dc4: 100% ▕█████████████████ ▏  42 GB/ 42 GB  641 MB/s      0s[K
pulling 948af2743fc7: 100% ▕██████████████████▏ 1.5 KB                         [K
pulling 0ba8f0e314b4: 100% ▕██████████████████▏  12 KB                         [K
pulling 56bb8bd477a5: 100% ▕██████████████████▏   96 B                         [K
verifying sha256 digest ⠴ [K[?25h[?2026l[?2026h[?25l[A[A[A[A[A[1Gpulling manifest [K
pulling de20d2cf2dc4: 100% ▕█████████████████ ▏  42 GB/ 42 GB  641 MB/s      0s[K
pulling 948af2743fc7: 100% ▕██████████████████▏ 1.5 KB                         [K
pulling 0ba8f0e314b4: 100% ▕██████████████████▏  12 KB                         [K
pulling 56bb8bd477a5: 100% ▕██████████████████▏   96 B                         [K
verifying sha256 digest ⠦ [K[?25h[?2026l[?2026h[?25l[A[A[A[A[A[1Gpulling manifest [K
pulling de20d2cf2dc4: 100% ▕█████████████████ ▏  42 GB/ 42 GB  641 MB/s      0s[K
pulling 948af2743fc7: 100% ▕██████████████████▏ 1.5 KB                         [K
pulling 0ba8f0e314b4: 100% ▕██████████████████▏  12 KB                         [K
pulling 56bb8bd477a5: 100% ▕██████████████████▏   96 B                         [K
verifying sha256 digest ⠧ [K[?25h[?2026l[?2026h[?25l[A[A[A[A[A[1Gpulling manifest [K
pulling de20d2cf2dc4: 100% ▕█████████████████ ▏  42 GB/ 42 GB  641 MB/s      0s[K
pulling 948af2743fc7: 100% ▕██████████████████▏ 1.5 KB                         [K
pulling 0ba8f0e314b4: 100% ▕██████████████████▏  12 KB                         [K
pulling 56bb8bd477a5: 100% ▕██████████████████▏   96 B                         [K
verifying sha256 digest ⠇ [K[?25h[?2026l[?2026h[?25l[A[A[A[A[A[1Gpulling manifest [K
pulling de20d2cf2dc4: 100% ▕█████████████████ ▏  42 GB/ 42 GB  641 MB/s      0s[K
pulling 948af2743fc7: 100% ▕██████████████████▏ 1.5 KB                         [K
pulling 0ba8f0e314b4: 100% ▕██████████████████▏  12 KB                         [K
pulling 56bb8bd477a5: 100% ▕██████████████████▏   96 B                         [K
verifying sha256 digest ⠏ [K[?25h[?2026l[?2026h[?25l[A[A[A[A[A[1Gpulling manifest [K
pulling de20d2cf2dc4: 100% ▕█████████████████ ▏  42 GB/ 42 GB  641 MB/s      0s[K
pulling 948af2743fc7: 100% ▕██████████████████▏ 1.5 KB                         [K
pulling 0ba8f0e314b4: 100% ▕██████████████████▏  12 KB                         [K
pulling 56bb8bd477a5: 100% ▕██████████████████▏   96 B                         [K
verifying sha256 digest ⠋ [K[?25h[?2026l[?2026h[?25l[A[A[A[A[A[1Gpulling manifest [K
pulling de20d2cf2dc4: 100% ▕█████████████████ ▏  42 GB/ 42 GB  641 MB/s      0s[K
pulling 948af2743fc7: 100% ▕██████████████████▏ 1.5 KB                         [K
pulling 0ba8f0e314b4: 100% ▕██████████████████▏  12 KB                         [K
pulling 56bb8bd477a5: 100% ▕██████████████████▏   96 B                         [K
verifying sha256 digest ⠙ [K[?25h[?2026l[?2026h[?25l[A[A[A[A[A[1Gpulling manifest [K
pulling de20d2cf2dc4: 100% ▕█████████████████ ▏  42 GB/ 42 GB  641 MB/s      0s[K
pulling 948af2743fc7: 100% ▕██████████████████▏ 1.5 KB                         [K
pulling 0ba8f0e314b4: 100% ▕██████████████████▏  12 KB                         [K
pulling 56bb8bd477a5: 100% ▕██████████████████▏   96 B                         [K
verifying sha256 digest ⠹ [K[?25h[?2026l[?2026h[?25l[A[A[A[A[A[1Gpulling manifest [K
pulling de20d2cf2dc4: 100% ▕█████████████████ ▏  42 GB/ 42 GB  641 MB/s      0s[K
pulling 948af2743fc7: 100% ▕██████████████████▏ 1.5 KB                         [K
pulling 0ba8f0e314b4: 100% ▕██████████████████▏  12 KB                         [K
pulling 56bb8bd477a5: 100% ▕██████████████████▏   96 B                         [K
verifying sha256 digest ⠸ [K[?25h[?2026l[?2026h[?25l[A[A[A[A[A[1Gpulling manifest [K
pulling de20d2cf2dc4: 100% ▕█████████████████ ▏  42 GB/ 42 GB  641 MB/s      0s[K
pulling 948af2743fc7: 100% ▕██████████████████▏ 1.5 KB                         [K
pulling 0ba8f0e314b4: 100% ▕██████████████████▏  12 KB                         [K
pulling 56bb8bd477a5: 100% ▕██████████████████▏   96 B                         [K
verifying sha256 digest ⠼ [K[?25h[?2026l[?2026h[?25l[A[A[A[A[A[1Gpulling manifest [K
pulling de20d2cf2dc4: 100% ▕█████████████████ ▏  42 GB/ 42 GB  641 MB/s      0s[K
pulling 948af2743fc7: 100% ▕██████████████████▏ 1.5 KB                         [K
pulling 0ba8f0e314b4: 100% ▕██████████████████▏  12 KB                         [K
pulling 56bb8bd477a5: 100% ▕██████████████████▏   96 B                         [K
verifying sha256 digest ⠴ [K[?25h[?2026l[?2026h[?25l[A[A[A[A[A[1Gpulling manifest [K
pulling de20d2cf2dc4: 100% ▕█████████████████ ▏  42 GB/ 42 GB  641 MB/s      0s[K
pulling 948af2743fc7: 100% ▕██████████████████▏ 1.5 KB                         [K
pulling 0ba8f0e314b4: 100% ▕██████████████████▏  12 KB                         [K
pulling 56bb8bd477a5: 100% ▕██████████████████▏   96 B                         [K
verifying sha256 digest ⠦ [K[?25h[?2026l[?2026h[?25l[A[A[A[A[A[1Gpulling manifest [K
pulling de20d2cf2dc4: 100% ▕█████████████████ ▏  42 GB/ 42 GB  641 MB/s      0s[K
pulling 948af2743fc7: 100% ▕██████████████████▏ 1.5 KB                         [K
pulling 0ba8f0e314b4: 100% ▕██████████████████▏  12 KB                         [K
pulling 56bb8bd477a5: 100% ▕██████████████████▏   96 B                         [K
verifying sha256 digest ⠧ [K[?25h[?2026l[?2026h[?25l[A[A[A[A[A[1Gpulling manifest [K
pulling de20d2cf2dc4: 100% ▕█████████████████ ▏  42 GB/ 42 GB  641 MB/s      0s[K
pulling 948af2743fc7: 100% ▕██████████████████▏ 1.5 KB                         [K
pulling 0ba8f0e314b4: 100% ▕██████████████████▏  12 KB                         [K
pulling 56bb8bd477a5: 100% ▕██████████████████▏   96 B                         [K
verifying sha256 digest ⠇ [K[?25h[?2026l[?2026h[?25l[A[A[A[A[A[1Gpulling manifest [K
pulling de20d2cf2dc4: 100% ▕█████████████████ ▏  42 GB/ 42 GB  641 MB/s      0s[K
pulling 948af2743fc7: 100% ▕██████████████████▏ 1.5 KB                         [K
pulling 0ba8f0e314b4: 100% ▕██████████████████▏  12 KB                         [K
pulling 56bb8bd477a5: 100% ▕██████████████████▏   96 B                         [K
verifying sha256 digest ⠏ [K[?25h[?2026l[?2026h[?25l[A[A[A[A[A[1Gpulling manifest [K
pulling de20d2cf2dc4: 100% ▕█████████████████ ▏  42 GB/ 42 GB  641 MB/s      0s[K
pulling 948af2743fc7: 100% ▕██████████████████▏ 1.5 KB                         [K
pulling 0ba8f0e314b4: 100% ▕██████████████████▏  12 KB                         [K
pulling 56bb8bd477a5: 100% ▕██████████████████▏   96 B                         [K
verifying sha256 digest ⠋ [K[?25h[?2026l[?2026h[?25l[A[A[A[A[A[1Gpulling manifest [K
pulling de20d2cf2dc4: 100% ▕█████████████████ ▏  42 GB/ 42 GB  641 MB/s      0s[K
pulling 948af2743fc7: 100% ▕██████████████████▏ 1.5 KB                         [K
pulling 0ba8f0e314b4: 100% ▕██████████████████▏  12 KB                         [K
pulling 56bb8bd477a5: 100% ▕██████████████████▏   96 B                         [K
verifying sha256 digest ⠙ [K[?25h[?2026l[?2026h[?25l[A[A[A[A[A[1Gpulling manifest [K
pulling de20d2cf2dc4: 100% ▕█████████████████ ▏  42 GB/ 42 GB  641 MB/s      0s[K
pulling 948af2743fc7: 100% ▕██████████████████▏ 1.5 KB                         [K
pulling 0ba8f0e314b4: 100% ▕██████████████████▏  12 KB                         [K
pulling 56bb8bd477a5: 100% ▕██████████████████▏   96 B                         [K
verifying sha256 digest ⠹ [K[?25h[?2026l[?2026h[?25l[A[A[A[A[A[1Gpulling manifest [K
pulling de20d2cf2dc4: 100% ▕█████████████████ ▏  42 GB/ 42 GB  641 MB/s      0s[K
pulling 948af2743fc7: 100% ▕██████████████████▏ 1.5 KB                         [K
pulling 0ba8f0e314b4: 100% ▕██████████████████▏  12 KB                         [K
pulling 56bb8bd477a5: 100% ▕██████████████████▏   96 B                         [K
verifying sha256 digest ⠸ [K[?25h[?2026l[?2026h[?25l[A[A[A[A[A[1Gpulling manifest [K
pulling de20d2cf2dc4: 100% ▕█████████████████ ▏  42 GB/ 42 GB  641 MB/s      0s[K
pulling 948af2743fc7: 100% ▕██████████████████▏ 1.5 KB                         [K
pulling 0ba8f0e314b4: 100% ▕██████████████████▏  12 KB                         [K
pulling 56bb8bd477a5: 100% ▕██████████████████▏   96 B                         [K
verifying sha256 digest ⠼ [K[?25h[?2026l[?2026h[?25l[A[A[A[A[A[1Gpulling manifest [K
pulling de20d2cf2dc4: 100% ▕█████████████████ ▏  42 GB/ 42 GB  641 MB/s      0s[K
pulling 948af2743fc7: 100% ▕██████████████████▏ 1.5 KB                         [K
pulling 0ba8f0e314b4: 100% ▕██████████████████▏  12 KB                         [K
pulling 56bb8bd477a5: 100% ▕██████████████████▏   96 B                         [K
verifying sha256 digest ⠴ [K[?25h[?2026l[?2026h[?25l[A[A[A[A[A[1Gpulling manifest [K
pulling de20d2cf2dc4: 100% ▕█████████████████ ▏  42 GB/ 42 GB  641 MB/s      0s[K
pulling 948af2743fc7: 100% ▕██████████████████▏ 1.5 KB                         [K
pulling 0ba8f0e314b4: 100% ▕██████████████████▏  12 KB                         [K
pulling 56bb8bd477a5: 100% ▕██████████████████▏   96 B                         [K
verifying sha256 digest ⠦ [K[?25h[?2026l[?2026h[?25l[A[A[A[A[A[1Gpulling manifest [K
pulling de20d2cf2dc4: 100% ▕█████████████████ ▏  42 GB/ 42 GB  641 MB/s      0s[K
pulling 948af2743fc7: 100% ▕██████████████████▏ 1.5 KB                         [K
pulling 0ba8f0e314b4: 100% ▕██████████████████▏  12 KB                         [K
pulling 56bb8bd477a5: 100% ▕██████████████████▏   96 B                         [K
verifying sha256 digest ⠧ [K[?25h[?2026l[?2026h[?25l[A[A[A[A[A[1Gpulling manifest [K
pulling de20d2cf2dc4: 100% ▕█████████████████ ▏  42 GB/ 42 GB  641 MB/s      0s[K
pulling 948af2743fc7: 100% ▕██████████████████▏ 1.5 KB                         [K
pulling 0ba8f0e314b4: 100% ▕██████████████████▏  12 KB                         [K
pulling 56bb8bd477a5: 100% ▕██████████████████▏   96 B                         [K
verifying sha256 digest ⠇ [K[?25h[?2026l[?2026h[?25l[A[A[A[A[A[1Gpulling manifest [K
pulling de20d2cf2dc4: 100% ▕█████████████████ ▏  42 GB/ 42 GB  641 MB/s      0s[K
pulling 948af2743fc7: 100% ▕██████████████████▏ 1.5 KB                         [K
pulling 0ba8f0e314b4: 100% ▕██████████████████▏  12 KB                         [K
pulling 56bb8bd477a5: 100% ▕██████████████████▏   96 B                         [K
verifying sha256 digest ⠏ [K[?25h[?2026l[?2026h[?25l[A[A[A[A[A[1Gpulling manifest [K
pulling de20d2cf2dc4: 100% ▕█████████████████ ▏  42 GB/ 42 GB  641 MB/s      0s[K
pulling 948af2743fc7: 100% ▕██████████████████▏ 1.5 KB                         [K
pulling 0ba8f0e314b4: 100% ▕██████████████████▏  12 KB                         [K
pulling 56bb8bd477a5: 100% ▕██████████████████▏   96 B                         [K
verifying sha256 digest ⠋ [K[?25h[?2026l[?2026h[?25l[A[A[A[A[A[1Gpulling manifest [K
pulling de20d2cf2dc4: 100% ▕█████████████████ ▏  42 GB/ 42 GB  641 MB/s      0s[K
pulling 948af2743fc7: 100% ▕██████████████████▏ 1.5 KB                         [K
pulling 0ba8f0e314b4: 100% ▕██████████████████▏  12 KB                         [K
pulling 56bb8bd477a5: 100% ▕██████████████████▏   96 B                         [K
verifying sha256 digest ⠙ [K[?25h[?2026l[?2026h[?25l[A[A[A[A[A[1Gpulling manifest [K
pulling de20d2cf2dc4: 100% ▕█████████████████ ▏  42 GB/ 42 GB  641 MB/s      0s[K
pulling 948af2743fc7: 100% ▕██████████████████▏ 1.5 KB                         [K
pulling 0ba8f0e314b4: 100% ▕██████████████████▏  12 KB                         [K
pulling 56bb8bd477a5: 100% ▕██████████████████▏   96 B                         [K
verifying sha256 digest ⠹ [K[?25h[?2026l[?2026h[?25l[A[A[A[A[A[1Gpulling manifest [K
pulling de20d2cf2dc4: 100% ▕█████████████████ ▏  42 GB/ 42 GB  641 MB/s      0s[K
pulling 948af2743fc7: 100% ▕██████████████████▏ 1.5 KB                         [K
pulling 0ba8f0e314b4: 100% ▕██████████████████▏  12 KB                         [K
pulling 56bb8bd477a5: 100% ▕██████████████████▏   96 B                         [K
verifying sha256 digest ⠸ [K[?25h[?2026l[?2026h[?25l[A[A[A[A[A[1Gpulling manifest [K
pulling de20d2cf2dc4: 100% ▕█████████████████ ▏  42 GB/ 42 GB  641 MB/s      0s[K
pulling 948af2743fc7: 100% ▕██████████████████▏ 1.5 KB                         [K
pulling 0ba8f0e314b4: 100% ▕██████████████████▏  12 KB                         [K
pulling 56bb8bd477a5: 100% ▕██████████████████▏   96 B                         [K
verifying sha256 digest ⠼ [K[?25h[?2026l[?2026h[?25l[A[A[A[A[A[1Gpulling manifest [K
pulling de20d2cf2dc4: 100% ▕█████████████████ ▏  42 GB/ 42 GB  641 MB/s      0s[K
pulling 948af2743fc7: 100% ▕██████████████████▏ 1.5 KB                         [K
pulling 0ba8f0e314b4: 100% ▕██████████████████▏  12 KB                         [K
pulling 56bb8bd477a5: 100% ▕██████████████████▏   96 B                         [K
verifying sha256 digest ⠴ [K[?25h[?2026l[?2026h[?25l[A[A[A[A[A[1Gpulling manifest [K
pulling de20d2cf2dc4: 100% ▕█████████████████ ▏  42 GB/ 42 GB  641 MB/s      0s[K
pulling 948af2743fc7: 100% ▕██████████████████▏ 1.5 KB                         [K
pulling 0ba8f0e314b4: 100% ▕██████████████████▏  12 KB                         [K
pulling 56bb8bd477a5: 100% ▕██████████████████▏   96 B                         [K
verifying sha256 digest ⠦ [K[?25h[?2026l[?2026h[?25l[A[A[A[A[A[1Gpulling manifest [K
pulling de20d2cf2dc4: 100% ▕█████████████████ ▏  42 GB/ 42 GB  641 MB/s      0s[K
pulling 948af2743fc7: 100% ▕██████████████████▏ 1.5 KB                         [K
pulling 0ba8f0e314b4: 100% ▕██████████████████▏  12 KB                         [K
pulling 56bb8bd477a5: 100% ▕██████████████████▏   96 B                         [K
verifying sha256 digest ⠧ [K[?25h[?2026l[?2026h[?25l[A[A[A[A[A[1Gpulling manifest [K
pulling de20d2cf2dc4: 100% ▕█████████████████ ▏  42 GB/ 42 GB  641 MB/s      0s[K
pulling 948af2743fc7: 100% ▕██████████████████▏ 1.5 KB                         [K
pulling 0ba8f0e314b4: 100% ▕██████████████████▏  12 KB                         [K
pulling 56bb8bd477a5: 100% ▕██████████████████▏   96 B                         [K
verifying sha256 digest ⠇ [K[?25h[?2026l[?2026h[?25l[A[A[A[A[A[1Gpulling manifest [K
pulling de20d2cf2dc4: 100% ▕█████████████████ ▏  42 GB/ 42 GB  641 MB/s      0s[K
pulling 948af2743fc7: 100% ▕██████████████████▏ 1.5 KB                         [K
pulling 0ba8f0e314b4: 100% ▕██████████████████▏  12 KB                         [K
pulling 56bb8bd477a5: 100% ▕██████████████████▏   96 B                         [K
verifying sha256 digest ⠏ [K[?25h[?2026l[?2026h[?25l[A[A[A[A[A[1Gpulling manifest [K
pulling de20d2cf2dc4: 100% ▕█████████████████ ▏  42 GB/ 42 GB  641 MB/s      0s[K
pulling 948af2743fc7: 100% ▕██████████████████▏ 1.5 KB                         [K
pulling 0ba8f0e314b4: 100% ▕██████████████████▏  12 KB                         [K
pulling 56bb8bd477a5: 100% ▕██████████████████▏   96 B                         [K
verifying sha256 digest ⠋ [K[?25h[?2026l[?2026h[?25l[A[A[A[A[A[1Gpulling manifest [K
pulling de20d2cf2dc4: 100% ▕█████████████████ ▏  42 GB/ 42 GB  641 MB/s      0s[K
pulling 948af2743fc7: 100% ▕██████████████████▏ 1.5 KB                         [K
pulling 0ba8f0e314b4: 100% ▕██████████████████▏  12 KB                         [K
pulling 56bb8bd477a5: 100% ▕██████████████████▏   96 B                         [K
verifying sha256 digest ⠙ [K[?25h[?2026l[?2026h[?25l[A[A[A[A[A[1Gpulling manifest [K
pulling de20d2cf2dc4: 100% ▕█████████████████ ▏  42 GB/ 42 GB  641 MB/s      0s[K
pulling 948af2743fc7: 100% ▕██████████████████▏ 1.5 KB                         [K
pulling 0ba8f0e314b4: 100% ▕██████████████████▏  12 KB                         [K
pulling 56bb8bd477a5: 100% ▕██████████████████▏   96 B                         [K
verifying sha256 digest ⠹ [K[?25h[?2026l[?2026h[?25l[A[A[A[A[A[1Gpulling manifest [K
pulling de20d2cf2dc4: 100% ▕█████████████████ ▏  42 GB/ 42 GB  641 MB/s      0s[K
pulling 948af2743fc7: 100% ▕██████████████████▏ 1.5 KB                         [K
pulling 0ba8f0e314b4: 100% ▕██████████████████▏  12 KB                         [K
pulling 56bb8bd477a5: 100% ▕██████████████████▏   96 B                         [K
verifying sha256 digest ⠸ [K[?25h[?2026l[?2026h[?25l[A[A[A[A[A[1Gpulling manifest [K
pulling de20d2cf2dc4: 100% ▕█████████████████ ▏  42 GB/ 42 GB  641 MB/s      0s[K
pulling 948af2743fc7: 100% ▕██████████████████▏ 1.5 KB                         [K
pulling 0ba8f0e314b4: 100% ▕██████████████████▏  12 KB                         [K
pulling 56bb8bd477a5: 100% ▕██████████████████▏   96 B                         [K
verifying sha256 digest ⠼ [K[?25h[?2026l[?2026h[?25l[A[A[A[A[A[1Gpulling manifest [K
pulling de20d2cf2dc4: 100% ▕█████████████████ ▏  42 GB/ 42 GB  641 MB/s      0s[K
pulling 948af2743fc7: 100% ▕██████████████████▏ 1.5 KB                         [K
pulling 0ba8f0e314b4: 100% ▕██████████████████▏  12 KB                         [K
pulling 56bb8bd477a5: 100% ▕██████████████████▏   96 B                         [K
verifying sha256 digest ⠴ [K[?25h[?2026l[?2026h[?25l[A[A[A[A[A[1Gpulling manifest [K
pulling de20d2cf2dc4: 100% ▕█████████████████ ▏  42 GB/ 42 GB  641 MB/s      0s[K
pulling 948af2743fc7: 100% ▕██████████████████▏ 1.5 KB                         [K
pulling 0ba8f0e314b4: 100% ▕██████████████████▏  12 KB                         [K
pulling 56bb8bd477a5: 100% ▕██████████████████▏   96 B                         [K
verifying sha256 digest ⠦ [K[?25h[?2026l[?2026h[?25l[A[A[A[A[A[1Gpulling manifest [K
pulling de20d2cf2dc4: 100% ▕█████████████████ ▏  42 GB/ 42 GB  641 MB/s      0s[K
pulling 948af2743fc7: 100% ▕██████████████████▏ 1.5 KB                         [K
pulling 0ba8f0e314b4: 100% ▕██████████████████▏  12 KB                         [K
pulling 56bb8bd477a5: 100% ▕██████████████████▏   96 B                         [K
verifying sha256 digest ⠧ [K[?25h[?2026l[?2026h[?25l[A[A[A[A[A[1Gpulling manifest [K
pulling de20d2cf2dc4: 100% ▕█████████████████ ▏  42 GB/ 42 GB  641 MB/s      0s[K
pulling 948af2743fc7: 100% ▕██████████████████▏ 1.5 KB                         [K
pulling 0ba8f0e314b4: 100% ▕██████████████████▏  12 KB                         [K
pulling 56bb8bd477a5: 100% ▕██████████████████▏   96 B                         [K
verifying sha256 digest ⠇ [K[?25h[?2026l[?2026h[?25l[A[A[A[A[A[1Gpulling manifest [K
pulling de20d2cf2dc4: 100% ▕█████████████████ ▏  42 GB/ 42 GB  641 MB/s      0s[K
pulling 948af2743fc7: 100% ▕██████████████████▏ 1.5 KB                         [K
pulling 0ba8f0e314b4: 100% ▕██████████████████▏  12 KB                         [K
pulling 56bb8bd477a5: 100% ▕██████████████████▏   96 B                         [K
verifying sha256 digest ⠏ [K[?25h[?2026l[?2026h[?25l[A[A[A[A[A[1Gpulling manifest [K
pulling de20d2cf2dc4: 100% ▕█████████████████ ▏  42 GB/ 42 GB  641 MB/s      0s[K
pulling 948af2743fc7: 100% ▕██████████████████▏ 1.5 KB                         [K
pulling 0ba8f0e314b4: 100% ▕██████████████████▏  12 KB                         [K
pulling 56bb8bd477a5: 100% ▕██████████████████▏   96 B                         [K
verifying sha256 digest ⠋ [K[?25h[?2026l[?2026h[?25l[A[A[A[A[A[1Gpulling manifest [K
pulling de20d2cf2dc4: 100% ▕█████████████████ ▏  42 GB/ 42 GB  641 MB/s      0s[K
pulling 948af2743fc7: 100% ▕██████████████████▏ 1.5 KB                         [K
pulling 0ba8f0e314b4: 100% ▕██████████████████▏  12 KB                         [K
pulling 56bb8bd477a5: 100% ▕██████████████████▏   96 B                         [K
verifying sha256 digest ⠙ [K[?25h[?2026l[?2026h[?25l[A[A[A[A[A[1Gpulling manifest [K
pulling de20d2cf2dc4: 100% ▕█████████████████ ▏  42 GB/ 42 GB  641 MB/s      0s[K
pulling 948af2743fc7: 100% ▕██████████████████▏ 1.5 KB                         [K
pulling 0ba8f0e314b4: 100% ▕██████████████████▏  12 KB                         [K
pulling 56bb8bd477a5: 100% ▕██████████████████▏   96 B                         [K
verifying sha256 digest ⠹ [K[?25h[?2026l[?2026h[?25l[A[A[A[A[A[1Gpulling manifest [K
pulling de20d2cf2dc4: 100% ▕█████████████████ ▏  42 GB/ 42 GB  641 MB/s      0s[K
pulling 948af2743fc7: 100% ▕██████████████████▏ 1.5 KB                         [K
pulling 0ba8f0e314b4: 100% ▕██████████████████▏  12 KB                         [K
pulling 56bb8bd477a5: 100% ▕██████████████████▏   96 B                         [K
verifying sha256 digest ⠸ [K[?25h[?2026l[?2026h[?25l[A[A[A[A[A[1Gpulling manifest [K
pulling de20d2cf2dc4: 100% ▕█████████████████ ▏  42 GB/ 42 GB  641 MB/s      0s[K
pulling 948af2743fc7: 100% ▕██████████████████▏ 1.5 KB                         [K
pulling 0ba8f0e314b4: 100% ▕██████████████████▏  12 KB                         [K
pulling 56bb8bd477a5: 100% ▕██████████████████▏   96 B                         [K
verifying sha256 digest ⠼ [K[?25h[?2026l[?2026h[?25l[A[A[A[A[A[1Gpulling manifest [K
pulling de20d2cf2dc4: 100% ▕█████████████████ ▏  42 GB/ 42 GB  641 MB/s      0s[K
pulling 948af2743fc7: 100% ▕██████████████████▏ 1.5 KB                         [K
pulling 0ba8f0e314b4: 100% ▕██████████████████▏  12 KB                         [K
pulling 56bb8bd477a5: 100% ▕██████████████████▏   96 B                         [K
verifying sha256 digest ⠴ [K[?25h[?2026l[?2026h[?25l[A[A[A[A[A[1Gpulling manifest [K
pulling de20d2cf2dc4: 100% ▕█████████████████ ▏  42 GB/ 42 GB  641 MB/s      0s[K
pulling 948af2743fc7: 100% ▕██████████████████▏ 1.5 KB                         [K
pulling 0ba8f0e314b4: 100% ▕██████████████████▏  12 KB                         [K
pulling 56bb8bd477a5: 100% ▕██████████████████▏   96 B                         [K
verifying sha256 digest ⠦ [K[?25h[?2026l[?2026h[?25l[A[A[A[A[A[1Gpulling manifest [K
pulling de20d2cf2dc4: 100% ▕█████████████████ ▏  42 GB/ 42 GB  641 MB/s      0s[K
pulling 948af2743fc7: 100% ▕██████████████████▏ 1.5 KB                         [K
pulling 0ba8f0e314b4: 100% ▕██████████████████▏  12 KB                         [K
pulling 56bb8bd477a5: 100% ▕██████████████████▏   96 B                         [K
verifying sha256 digest ⠧ [K[?25h[?2026l[?2026h[?25l[A[A[A[A[A[1Gpulling manifest [K
pulling de20d2cf2dc4: 100% ▕█████████████████ ▏  42 GB/ 42 GB  641 MB/s      0s[K
pulling 948af2743fc7: 100% ▕██████████████████▏ 1.5 KB                         [K
pulling 0ba8f0e314b4: 100% ▕██████████████████▏  12 KB                         [K
pulling 56bb8bd477a5: 100% ▕██████████████████▏   96 B                         [K
verifying sha256 digest ⠇ [K[?25h[?2026l[?2026h[?25l[A[A[A[A[A[1Gpulling manifest [K
pulling de20d2cf2dc4: 100% ▕█████████████████ ▏  42 GB/ 42 GB  641 MB/s      0s[K
pulling 948af2743fc7: 100% ▕██████████████████▏ 1.5 KB                         [K
pulling 0ba8f0e314b4: 100% ▕██████████████████▏  12 KB                         [K
pulling 56bb8bd477a5: 100% ▕██████████████████▏   96 B                         [K
verifying sha256 digest ⠏ [K[?25h[?2026l[?2026h[?25l[A[A[A[A[A[1Gpulling manifest [K
pulling de20d2cf2dc4: 100% ▕█████████████████ ▏  42 GB/ 42 GB  641 MB/s      0s[K
pulling 948af2743fc7: 100% ▕██████████████████▏ 1.5 KB                         [K
pulling 0ba8f0e314b4: 100% ▕██████████████████▏  12 KB                         [K
pulling 56bb8bd477a5: 100% ▕██████████████████▏   96 B                         [K
verifying sha256 digest ⠋ [K[?25h[?2026l[?2026h[?25l[A[A[A[A[A[1Gpulling manifest [K
pulling de20d2cf2dc4: 100% ▕█████████████████ ▏  42 GB/ 42 GB  641 MB/s      0s[K
pulling 948af2743fc7: 100% ▕██████████████████▏ 1.5 KB                         [K
pulling 0ba8f0e314b4: 100% ▕██████████████████▏  12 KB                         [K
pulling 56bb8bd477a5: 100% ▕██████████████████▏   96 B                         [K
verifying sha256 digest ⠙ [K[?25h[?2026l[?2026h[?25l[A[A[A[A[A[1Gpulling manifest [K
pulling de20d2cf2dc4: 100% ▕█████████████████ ▏  42 GB/ 42 GB  641 MB/s      0s[K
pulling 948af2743fc7: 100% ▕██████████████████▏ 1.5 KB                         [K
pulling 0ba8f0e314b4: 100% ▕██████████████████▏  12 KB                         [K
pulling 56bb8bd477a5: 100% ▕██████████████████▏   96 B                         [K
verifying sha256 digest ⠹ [K[?25h[?2026l[?2026h[?25l[A[A[A[A[A[1Gpulling manifest [K
pulling de20d2cf2dc4: 100% ▕█████████████████ ▏  42 GB/ 42 GB  641 MB/s      0s[K
pulling 948af2743fc7: 100% ▕██████████████████▏ 1.5 KB                         [K
pulling 0ba8f0e314b4: 100% ▕██████████████████▏  12 KB                         [K
pulling 56bb8bd477a5: 100% ▕██████████████████▏   96 B                         [K
verifying sha256 digest ⠸ [K[?25h[?2026l[?2026h[?25l[A[A[A[A[A[1Gpulling manifest [K
pulling de20d2cf2dc4: 100% ▕█████████████████ ▏  42 GB/ 42 GB  641 MB/s      0s[K
pulling 948af2743fc7: 100% ▕██████████████████▏ 1.5 KB                         [K
pulling 0ba8f0e314b4: 100% ▕██████████████████▏  12 KB                         [K
pulling 56bb8bd477a5: 100% ▕██████████████████▏   96 B                         [K
verifying sha256 digest ⠼ [K[?25h[?2026l[?2026h[?25l[A[A[A[A[A[1Gpulling manifest [K
pulling de20d2cf2dc4: 100% ▕█████████████████ ▏  42 GB/ 42 GB  641 MB/s      0s[K
pulling 948af2743fc7: 100% ▕██████████████████▏ 1.5 KB                         [K
pulling 0ba8f0e314b4: 100% ▕██████████████████▏  12 KB                         [K
pulling 56bb8bd477a5: 100% ▕██████████████████▏   96 B                         [K
verifying sha256 digest ⠴ [K[?25h[?2026l[?2026h[?25l[A[A[A[A[A[1Gpulling manifest [K
pulling de20d2cf2dc4: 100% ▕█████████████████ ▏  42 GB/ 42 GB  641 MB/s      0s[K
pulling 948af2743fc7: 100% ▕██████████████████▏ 1.5 KB                         [K
pulling 0ba8f0e314b4: 100% ▕██████████████████▏  12 KB                         [K
pulling 56bb8bd477a5: 100% ▕██████████████████▏   96 B                         [K
verifying sha256 digest ⠦ [K[?25h[?2026l[?2026h[?25l[A[A[A[A[A[1Gpulling manifest [K
pulling de20d2cf2dc4: 100% ▕█████████████████ ▏  42 GB/ 42 GB  641 MB/s      0s[K
pulling 948af2743fc7: 100% ▕██████████████████▏ 1.5 KB                         [K
pulling 0ba8f0e314b4: 100% ▕██████████████████▏  12 KB                         [K
pulling 56bb8bd477a5: 100% ▕██████████████████▏   96 B                         [K
verifying sha256 digest ⠧ [K[?25h[?2026l[?2026h[?25l[A[A[A[A[A[1Gpulling manifest [K
pulling de20d2cf2dc4: 100% ▕█████████████████ ▏  42 GB/ 42 GB  641 MB/s      0s[K
pulling 948af2743fc7: 100% ▕██████████████████▏ 1.5 KB                         [K
pulling 0ba8f0e314b4: 100% ▕██████████████████▏  12 KB                         [K
pulling 56bb8bd477a5: 100% ▕██████████████████▏   96 B                         [K
verifying sha256 digest ⠇ [K[?25h[?2026l[?2026h[?25l[A[A[A[A[A[1Gpulling manifest [K
pulling de20d2cf2dc4: 100% ▕█████████████████ ▏  42 GB/ 42 GB  641 MB/s      0s[K
pulling 948af2743fc7: 100% ▕██████████████████▏ 1.5 KB                         [K
pulling 0ba8f0e314b4: 100% ▕██████████████████▏  12 KB                         [K
pulling 56bb8bd477a5: 100% ▕██████████████████▏   96 B                         [K
verifying sha256 digest ⠏ [K[?25h[?2026l[?2026h[?25l[A[A[A[A[A[1Gpulling manifest [K
pulling de20d2cf2dc4: 100% ▕█████████████████ ▏  42 GB/ 42 GB  641 MB/s      0s[K
pulling 948af2743fc7: 100% ▕██████████████████▏ 1.5 KB                         [K
pulling 0ba8f0e314b4: 100% ▕██████████████████▏  12 KB                         [K
pulling 56bb8bd477a5: 100% ▕██████████████████▏   96 B                         [K
verifying sha256 digest ⠋ [K[?25h[?2026l[?2026h[?25l[A[A[A[A[A[1Gpulling manifest [K
pulling de20d2cf2dc4: 100% ▕█████████████████ ▏  42 GB/ 42 GB  641 MB/s      0s[K
pulling 948af2743fc7: 100% ▕██████████████████▏ 1.5 KB                         [K
pulling 0ba8f0e314b4: 100% ▕██████████████████▏  12 KB                         [K
pulling 56bb8bd477a5: 100% ▕██████████████████▏   96 B                         [K
verifying sha256 digest ⠙ [K[?25h[?2026l[?2026h[?25l[A[A[A[A[A[1Gpulling manifest [K
pulling de20d2cf2dc4: 100% ▕█████████████████ ▏  42 GB/ 42 GB  641 MB/s      0s[K
pulling 948af2743fc7: 100% ▕██████████████████▏ 1.5 KB                         [K
pulling 0ba8f0e314b4: 100% ▕██████████████████▏  12 KB                         [K
pulling 56bb8bd477a5: 100% ▕██████████████████▏   96 B                         [K
verifying sha256 digest ⠹ [K[?25h[?2026l[?2026h[?25l[A[A[A[A[A[1Gpulling manifest [K
pulling de20d2cf2dc4: 100% ▕█████████████████ ▏  42 GB/ 42 GB  641 MB/s      0s[K
pulling 948af2743fc7: 100% ▕██████████████████▏ 1.5 KB                         [K
pulling 0ba8f0e314b4: 100% ▕██████████████████▏  12 KB                         [K
pulling 56bb8bd477a5: 100% ▕██████████████████▏   96 B                         [K
verifying sha256 digest ⠸ [K[?25h[?2026l[?2026h[?25l[A[A[A[A[A[1Gpulling manifest [K
pulling de20d2cf2dc4: 100% ▕█████████████████ ▏  42 GB/ 42 GB  641 MB/s      0s[K
pulling 948af2743fc7: 100% ▕██████████████████▏ 1.5 KB                         [K
pulling 0ba8f0e314b4: 100% ▕██████████████████▏  12 KB                         [K
pulling 56bb8bd477a5: 100% ▕██████████████████▏   96 B                         [K
verifying sha256 digest ⠼ [K[?25h[?2026l[?2026h[?25l[A[A[A[A[A[1Gpulling manifest [K
pulling de20d2cf2dc4: 100% ▕█████████████████ ▏  42 GB/ 42 GB  641 MB/s      0s[K
pulling 948af2743fc7: 100% ▕██████████████████▏ 1.5 KB                         [K
pulling 0ba8f0e314b4: 100% ▕██████████████████▏  12 KB                         [K
pulling 56bb8bd477a5: 100% ▕██████████████████▏   96 B                         [K
verifying sha256 digest ⠴ [K[?25h[?2026l[?2026h[?25l[A[A[A[A[A[1Gpulling manifest [K
pulling de20d2cf2dc4: 100% ▕█████████████████ ▏  42 GB/ 42 GB  641 MB/s      0s[K
pulling 948af2743fc7: 100% ▕██████████████████▏ 1.5 KB                         [K
pulling 0ba8f0e314b4: 100% ▕██████████████████▏  12 KB                         [K
pulling 56bb8bd477a5: 100% ▕██████████████████▏   96 B                         [K
verifying sha256 digest ⠦ [K[?25h[?2026l[?2026h[?25l[A[A[A[A[A[1Gpulling manifest [K
pulling de20d2cf2dc4: 100% ▕█████████████████ ▏  42 GB/ 42 GB  641 MB/s      0s[K
pulling 948af2743fc7: 100% ▕██████████████████▏ 1.5 KB                         [K
pulling 0ba8f0e314b4: 100% ▕██████████████████▏  12 KB                         [K
pulling 56bb8bd477a5: 100% ▕██████████████████▏   96 B                         [K
verifying sha256 digest ⠧ [K[?25h[?2026l[?2026h[?25l[A[A[A[A[A[1Gpulling manifest [K
pulling de20d2cf2dc4: 100% ▕█████████████████ ▏  42 GB/ 42 GB  641 MB/s      0s[K
pulling 948af2743fc7: 100% ▕██████████████████▏ 1.5 KB                         [K
pulling 0ba8f0e314b4: 100% ▕██████████████████▏  12 KB                         [K
pulling 56bb8bd477a5: 100% ▕██████████████████▏   96 B                         [K
verifying sha256 digest ⠇ [K[?25h[?2026l[?2026h[?25l[A[A[A[A[A[1Gpulling manifest [K
pulling de20d2cf2dc4: 100% ▕█████████████████ ▏  42 GB/ 42 GB  641 MB/s      0s[K
pulling 948af2743fc7: 100% ▕██████████████████▏ 1.5 KB                         [K
pulling 0ba8f0e314b4: 100% ▕██████████████████▏  12 KB                         [K
pulling 56bb8bd477a5: 100% ▕██████████████████▏   96 B                         [K
verifying sha256 digest ⠏ [K[?25h[?2026l[?2026h[?25l[A[A[A[A[A[1Gpulling manifest [K
pulling de20d2cf2dc4: 100% ▕█████████████████ ▏  42 GB/ 42 GB  641 MB/s      0s[K
pulling 948af2743fc7: 100% ▕██████████████████▏ 1.5 KB                         [K
pulling 0ba8f0e314b4: 100% ▕██████████████████▏  12 KB                         [K
pulling 56bb8bd477a5: 100% ▕██████████████████▏   96 B                         [K
verifying sha256 digest ⠋ [K[?25h[?2026l[?2026h[?25l[A[A[A[A[A[1Gpulling manifest [K
pulling de20d2cf2dc4: 100% ▕█████████████████ ▏  42 GB/ 42 GB  641 MB/s      0s[K
pulling 948af2743fc7: 100% ▕██████████████████▏ 1.5 KB                         [K
pulling 0ba8f0e314b4: 100% ▕██████████████████▏  12 KB                         [K
pulling 56bb8bd477a5: 100% ▕██████████████████▏   96 B                         [K
verifying sha256 digest ⠙ [K[?25h[?2026l[?2026h[?25l[A[A[A[A[A[1Gpulling manifest [K
pulling de20d2cf2dc4: 100% ▕█████████████████ ▏  42 GB/ 42 GB  641 MB/s      0s[K
pulling 948af2743fc7: 100% ▕██████████████████▏ 1.5 KB                         [K
pulling 0ba8f0e314b4: 100% ▕██████████████████▏  12 KB                         [K
pulling 56bb8bd477a5: 100% ▕██████████████████▏   96 B                         [K
verifying sha256 digest ⠹ [K[?25h[?2026l[?2026h[?25l[A[A[A[A[A[1Gpulling manifest [K
pulling de20d2cf2dc4: 100% ▕█████████████████ ▏  42 GB/ 42 GB  641 MB/s      0s[K
pulling 948af2743fc7: 100% ▕██████████████████▏ 1.5 KB                         [K
pulling 0ba8f0e314b4: 100% ▕██████████████████▏  12 KB                         [K
pulling 56bb8bd477a5: 100% ▕██████████████████▏   96 B                         [K
verifying sha256 digest ⠸ [K[?25h[?2026l[?2026h[?25l[A[A[A[A[A[1Gpulling manifest [K
pulling de20d2cf2dc4: 100% ▕█████████████████ ▏  42 GB/ 42 GB  641 MB/s      0s[K
pulling 948af2743fc7: 100% ▕██████████████████▏ 1.5 KB                         [K
pulling 0ba8f0e314b4: 100% ▕██████████████████▏  12 KB                         [K
pulling 56bb8bd477a5: 100% ▕██████████████████▏   96 B                         [K
verifying sha256 digest ⠼ [K[?25h[?2026l[?2026h[?25l[A[A[A[A[A[1Gpulling manifest [K
pulling de20d2cf2dc4: 100% ▕█████████████████ ▏  42 GB/ 42 GB  641 MB/s      0s[K
pulling 948af2743fc7: 100% ▕██████████████████▏ 1.5 KB                         [K
pulling 0ba8f0e314b4: 100% ▕██████████████████▏  12 KB                         [K
pulling 56bb8bd477a5: 100% ▕██████████████████▏   96 B                         [K
verifying sha256 digest ⠴ [K[?25h[?2026l[?2026h[?25l[A[A[A[A[A[1Gpulling manifest [K
pulling de20d2cf2dc4: 100% ▕█████████████████ ▏  42 GB/ 42 GB  641 MB/s      0s[K
pulling 948af2743fc7: 100% ▕██████████████████▏ 1.5 KB                         [K
pulling 0ba8f0e314b4: 100% ▕██████████████████▏  12 KB                         [K
pulling 56bb8bd477a5: 100% ▕██████████████████▏   96 B                         [K
verifying sha256 digest ⠦ [K[?25h[?2026l[?2026h[?25l[A[A[A[A[A[1Gpulling manifest [K
pulling de20d2cf2dc4: 100% ▕█████████████████ ▏  42 GB/ 42 GB  641 MB/s      0s[K
pulling 948af2743fc7: 100% ▕██████████████████▏ 1.5 KB                         [K
pulling 0ba8f0e314b4: 100% ▕██████████████████▏  12 KB                         [K
pulling 56bb8bd477a5: 100% ▕██████████████████▏   96 B                         [K
verifying sha256 digest ⠧ [K[?25h[?2026l[?2026h[?25l[A[A[A[A[A[1Gpulling manifest [K
pulling de20d2cf2dc4: 100% ▕█████████████████ ▏  42 GB/ 42 GB  641 MB/s      0s[K
pulling 948af2743fc7: 100% ▕██████████████████▏ 1.5 KB                         [K
pulling 0ba8f0e314b4: 100% ▕██████████████████▏  12 KB                         [K
pulling 56bb8bd477a5: 100% ▕██████████████████▏   96 B                         [K
verifying sha256 digest ⠇ [K[?25h[?2026l[?2026h[?25l[A[A[A[A[A[1Gpulling manifest [K
pulling de20d2cf2dc4: 100% ▕█████████████████ ▏  42 GB/ 42 GB  641 MB/s      0s[K
pulling 948af2743fc7: 100% ▕██████████████████▏ 1.5 KB                         [K
pulling 0ba8f0e314b4: 100% ▕██████████████████▏  12 KB                         [K
pulling 56bb8bd477a5: 100% ▕██████████████████▏   96 B                         [K
verifying sha256 digest ⠏ [K[?25h[?2026l[?2026h[?25l[A[A[A[A[A[1Gpulling manifest [K
pulling de20d2cf2dc4: 100% ▕█████████████████ ▏  42 GB/ 42 GB  641 MB/s      0s[K
pulling 948af2743fc7: 100% ▕██████████████████▏ 1.5 KB                         [K
pulling 0ba8f0e314b4: 100% ▕██████████████████▏  12 KB                         [K
pulling 56bb8bd477a5: 100% ▕██████████████████▏   96 B                         [K
verifying sha256 digest ⠋ [K[?25h[?2026l[?2026h[?25l[A[A[A[A[A[1Gpulling manifest [K
pulling de20d2cf2dc4: 100% ▕█████████████████ ▏  42 GB/ 42 GB  641 MB/s      0s[K
pulling 948af2743fc7: 100% ▕██████████████████▏ 1.5 KB                         [K
pulling 0ba8f0e314b4: 100% ▕██████████████████▏  12 KB                         [K
pulling 56bb8bd477a5: 100% ▕██████████████████▏   96 B                         [K
verifying sha256 digest ⠙ [K[?25h[?2026l[?2026h[?25l[A[A[A[A[A[1Gpulling manifest [K
pulling de20d2cf2dc4: 100% ▕█████████████████ ▏  42 GB/ 42 GB  641 MB/s      0s[K
pulling 948af2743fc7: 100% ▕██████████████████▏ 1.5 KB                         [K
pulling 0ba8f0e314b4: 100% ▕██████████████████▏  12 KB                         [K
pulling 56bb8bd477a5: 100% ▕██████████████████▏   96 B                         [K
verifying sha256 digest ⠹ [K[?25h[?2026l[?2026h[?25l[A[A[A[A[A[1Gpulling manifest [K
pulling de20d2cf2dc4: 100% ▕█████████████████ ▏  42 GB/ 42 GB  641 MB/s      0s[K
pulling 948af2743fc7: 100% ▕██████████████████▏ 1.5 KB                         [K
pulling 0ba8f0e314b4: 100% ▕██████████████████▏  12 KB                         [K
pulling 56bb8bd477a5: 100% ▕██████████████████▏   96 B                         [K
verifying sha256 digest ⠸ [K[?25h[?2026l[?2026h[?25l[A[A[A[A[A[1Gpulling manifest [K
pulling de20d2cf2dc4: 100% ▕█████████████████ ▏  42 GB/ 42 GB  641 MB/s      0s[K
pulling 948af2743fc7: 100% ▕██████████████████▏ 1.5 KB                         [K
pulling 0ba8f0e314b4: 100% ▕██████████████████▏  12 KB                         [K
pulling 56bb8bd477a5: 100% ▕██████████████████▏   96 B                         [K
verifying sha256 digest ⠼ [K[?25h[?2026l[?2026h[?25l[A[A[A[A[A[1Gpulling manifest [K
pulling de20d2cf2dc4: 100% ▕█████████████████ ▏  42 GB/ 42 GB  641 MB/s      0s[K
pulling 948af2743fc7: 100% ▕██████████████████▏ 1.5 KB                         [K
pulling 0ba8f0e314b4: 100% ▕██████████████████▏  12 KB                         [K
pulling 56bb8bd477a5: 100% ▕██████████████████▏   96 B                         [K
verifying sha256 digest ⠴ [K[?25h[?2026l[?2026h[?25l[A[A[A[A[A[1Gpulling manifest [K
pulling de20d2cf2dc4: 100% ▕█████████████████ ▏  42 GB/ 42 GB  641 MB/s      0s[K
pulling 948af2743fc7: 100% ▕██████████████████▏ 1.5 KB                         [K
pulling 0ba8f0e314b4: 100% ▕██████████████████▏  12 KB                         [K
pulling 56bb8bd477a5: 100% ▕██████████████████▏   96 B                         [K
verifying sha256 digest ⠦ [K[?25h[?2026l[?2026h[?25l[A[A[A[A[A[1Gpulling manifest [K
pulling de20d2cf2dc4: 100% ▕█████████████████ ▏  42 GB/ 42 GB  641 MB/s      0s[K
pulling 948af2743fc7: 100% ▕██████████████████▏ 1.5 KB                         [K
pulling 0ba8f0e314b4: 100% ▕██████████████████▏  12 KB                         [K
pulling 56bb8bd477a5: 100% ▕██████████████████▏   96 B                         [K
verifying sha256 digest ⠧ [K[?25h[?2026l[?2026h[?25l[A[A[A[A[A[1Gpulling manifest [K
pulling de20d2cf2dc4: 100% ▕█████████████████ ▏  42 GB/ 42 GB  641 MB/s      0s[K
pulling 948af2743fc7: 100% ▕██████████████████▏ 1.5 KB                         [K
pulling 0ba8f0e314b4: 100% ▕██████████████████▏  12 KB                         [K
pulling 56bb8bd477a5: 100% ▕██████████████████▏   96 B                         [K
verifying sha256 digest ⠇ [K[?25h[?2026l[?2026h[?25l[A[A[A[A[A[1Gpulling manifest [K
pulling de20d2cf2dc4: 100% ▕█████████████████ ▏  42 GB/ 42 GB  641 MB/s      0s[K
pulling 948af2743fc7: 100% ▕██████████████████▏ 1.5 KB                         [K
pulling 0ba8f0e314b4: 100% ▕██████████████████▏  12 KB                         [K
pulling 56bb8bd477a5: 100% ▕██████████████████▏   96 B                         [K
verifying sha256 digest ⠏ [K[?25h[?2026l[?2026h[?25l[A[A[A[A[A[1Gpulling manifest [K
pulling de20d2cf2dc4: 100% ▕█████████████████ ▏  42 GB/ 42 GB  641 MB/s      0s[K
pulling 948af2743fc7: 100% ▕██████████████████▏ 1.5 KB                         [K
pulling 0ba8f0e314b4: 100% ▕██████████████████▏  12 KB                         [K
pulling 56bb8bd477a5: 100% ▕██████████████████▏   96 B                         [K
verifying sha256 digest ⠋ [K[?25h[?2026l[?2026h[?25l[A[A[A[A[A[1Gpulling manifest [K
pulling de20d2cf2dc4: 100% ▕█████████████████ ▏  42 GB/ 42 GB  641 MB/s      0s[K
pulling 948af2743fc7: 100% ▕██████████████████▏ 1.5 KB                         [K
pulling 0ba8f0e314b4: 100% ▕██████████████████▏  12 KB                         [K
pulling 56bb8bd477a5: 100% ▕██████████████████▏   96 B                         [K
verifying sha256 digest ⠙ [K[?25h[?2026l[?2026h[?25l[A[A[A[A[A[1Gpulling manifest [K
pulling de20d2cf2dc4: 100% ▕█████████████████ ▏  42 GB/ 42 GB  641 MB/s      0s[K
pulling 948af2743fc7: 100% ▕██████████████████▏ 1.5 KB                         [K
pulling 0ba8f0e314b4: 100% ▕██████████████████▏  12 KB                         [K
pulling 56bb8bd477a5: 100% ▕██████████████████▏   96 B                         [K
verifying sha256 digest ⠹ [K[?25h[?2026l[?2026h[?25l[A[A[A[A[A[1Gpulling manifest [K
pulling de20d2cf2dc4: 100% ▕█████████████████ ▏  42 GB/ 42 GB  641 MB/s      0s[K
pulling 948af2743fc7: 100% ▕██████████████████▏ 1.5 KB                         [K
pulling 0ba8f0e314b4: 100% ▕██████████████████▏  12 KB                         [K
pulling 56bb8bd477a5: 100% ▕██████████████████▏   96 B                         [K
verifying sha256 digest ⠸ [K[?25h[?2026l[?2026h[?25l[A[A[A[A[A[1Gpulling manifest [K
pulling de20d2cf2dc4: 100% ▕█████████████████ ▏  42 GB/ 42 GB  641 MB/s      0s[K
pulling 948af2743fc7: 100% ▕██████████████████▏ 1.5 KB                         [K
pulling 0ba8f0e314b4: 100% ▕██████████████████▏  12 KB                         [K
pulling 56bb8bd477a5: 100% ▕██████████████████▏   96 B                         [K
verifying sha256 digest ⠼ [K[?25h[?2026l[?2026h[?25l[A[A[A[A[A[1Gpulling manifest [K
pulling de20d2cf2dc4: 100% ▕█████████████████ ▏  42 GB/ 42 GB  641 MB/s      0s[K
pulling 948af2743fc7: 100% ▕██████████████████▏ 1.5 KB                         [K
pulling 0ba8f0e314b4: 100% ▕██████████████████▏  12 KB                         [K
pulling 56bb8bd477a5: 100% ▕██████████████████▏   96 B                         [K
verifying sha256 digest ⠴ [K[?25h[?2026l[?2026h[?25l[A[A[A[A[A[1Gpulling manifest [K
pulling de20d2cf2dc4: 100% ▕█████████████████ ▏  42 GB/ 42 GB  641 MB/s      0s[K
pulling 948af2743fc7: 100% ▕██████████████████▏ 1.5 KB                         [K
pulling 0ba8f0e314b4: 100% ▕██████████████████▏  12 KB                         [K
pulling 56bb8bd477a5: 100% ▕██████████████████▏   96 B                         [K
verifying sha256 digest ⠦ [K[?25h[?2026l[?2026h[?25l[A[A[A[A[A[1Gpulling manifest [K
pulling de20d2cf2dc4: 100% ▕█████████████████ ▏  42 GB/ 42 GB  641 MB/s      0s[K
pulling 948af2743fc7: 100% ▕██████████████████▏ 1.5 KB                         [K
pulling 0ba8f0e314b4: 100% ▕██████████████████▏  12 KB                         [K
pulling 56bb8bd477a5: 100% ▕██████████████████▏   96 B                         [K
verifying sha256 digest ⠧ [K[?25h[?2026l[?2026h[?25l[A[A[A[A[A[1Gpulling manifest [K
pulling de20d2cf2dc4: 100% ▕█████████████████ ▏  42 GB/ 42 GB  641 MB/s      0s[K
pulling 948af2743fc7: 100% ▕██████████████████▏ 1.5 KB                         [K
pulling 0ba8f0e314b4: 100% ▕██████████████████▏  12 KB                         [K
pulling 56bb8bd477a5: 100% ▕██████████████████▏   96 B                         [K
verifying sha256 digest ⠇ [K[?25h[?2026l[?2026h[?25l[A[A[A[A[A[1Gpulling manifest [K
pulling de20d2cf2dc4: 100% ▕█████████████████ ▏  42 GB/ 42 GB  641 MB/s      0s[K
pulling 948af2743fc7: 100% ▕██████████████████▏ 1.5 KB                         [K
pulling 0ba8f0e314b4: 100% ▕██████████████████▏  12 KB                         [K
pulling 56bb8bd477a5: 100% ▕██████████████████▏   96 B                         [K
verifying sha256 digest ⠏ [K[?25h[?2026l[?2026h[?25l[A[A[A[A[A[1Gpulling manifest [K
pulling de20d2cf2dc4: 100% ▕█████████████████ ▏  42 GB/ 42 GB  641 MB/s      0s[K
pulling 948af2743fc7: 100% ▕██████████████████▏ 1.5 KB                         [K
pulling 0ba8f0e314b4: 100% ▕██████████████████▏  12 KB                         [K
pulling 56bb8bd477a5: 100% ▕██████████████████▏   96 B                         [K
verifying sha256 digest ⠋ [K[?25h[?2026l[?2026h[?25l[A[A[A[A[A[1Gpulling manifest [K
pulling de20d2cf2dc4: 100% ▕█████████████████ ▏  42 GB/ 42 GB  641 MB/s      0s[K
pulling 948af2743fc7: 100% ▕██████████████████▏ 1.5 KB                         [K
pulling 0ba8f0e314b4: 100% ▕██████████████████▏  12 KB                         [K
pulling 56bb8bd477a5: 100% ▕██████████████████▏   96 B                         [K
verifying sha256 digest ⠙ [K[?25h[?2026l[?2026h[?25l[A[A[A[A[A[1Gpulling manifest [K
pulling de20d2cf2dc4: 100% ▕█████████████████ ▏  42 GB/ 42 GB  641 MB/s      0s[K
pulling 948af2743fc7: 100% ▕██████████████████▏ 1.5 KB                         [K
pulling 0ba8f0e314b4: 100% ▕██████████████████▏  12 KB                         [K
pulling 56bb8bd477a5: 100% ▕██████████████████▏   96 B                         [K
verifying sha256 digest ⠹ [K[?25h[?2026l[?2026h[?25l[A[A[A[A[A[1Gpulling manifest [K
pulling de20d2cf2dc4: 100% ▕█████████████████ ▏  42 GB/ 42 GB  641 MB/s      0s[K
pulling 948af2743fc7: 100% ▕██████████████████▏ 1.5 KB                         [K
pulling 0ba8f0e314b4: 100% ▕██████████████████▏  12 KB                         [K
pulling 56bb8bd477a5: 100% ▕██████████████████▏   96 B                         [K
verifying sha256 digest ⠸ [K[?25h[?2026l[?2026h[?25l[A[A[A[A[A[1Gpulling manifest [K
pulling de20d2cf2dc4: 100% ▕█████████████████ ▏  42 GB/ 42 GB  641 MB/s      0s[K
pulling 948af2743fc7: 100% ▕██████████████████▏ 1.5 KB                         [K
pulling 0ba8f0e314b4: 100% ▕██████████████████▏  12 KB                         [K
pulling 56bb8bd477a5: 100% ▕██████████████████▏   96 B                         [K
verifying sha256 digest ⠼ [K[?25h[?2026l[?2026h[?25l[A[A[A[A[A[1Gpulling manifest [K
pulling de20d2cf2dc4: 100% ▕█████████████████ ▏  42 GB/ 42 GB  641 MB/s      0s[K
pulling 948af2743fc7: 100% ▕██████████████████▏ 1.5 KB                         [K
pulling 0ba8f0e314b4: 100% ▕██████████████████▏  12 KB                         [K
pulling 56bb8bd477a5: 100% ▕██████████████████▏   96 B                         [K
verifying sha256 digest ⠴ [K[?25h[?2026l[?2026h[?25l[A[A[A[A[A[1Gpulling manifest [K
pulling de20d2cf2dc4: 100% ▕█████████████████ ▏  42 GB/ 42 GB  641 MB/s      0s[K
pulling 948af2743fc7: 100% ▕██████████████████▏ 1.5 KB                         [K
pulling 0ba8f0e314b4: 100% ▕██████████████████▏  12 KB                         [K
pulling 56bb8bd477a5: 100% ▕██████████████████▏   96 B                         [K
verifying sha256 digest ⠦ [K[?25h[?2026l[?2026h[?25l[A[A[A[A[A[1Gpulling manifest [K
pulling de20d2cf2dc4: 100% ▕█████████████████ ▏  42 GB/ 42 GB  641 MB/s      0s[K
pulling 948af2743fc7: 100% ▕██████████████████▏ 1.5 KB                         [K
pulling 0ba8f0e314b4: 100% ▕██████████████████▏  12 KB                         [K
pulling 56bb8bd477a5: 100% ▕██████████████████▏   96 B                         [K
verifying sha256 digest ⠧ [K[?25h[?2026l[?2026h[?25l[A[A[A[A[A[1Gpulling manifest [K
pulling de20d2cf2dc4: 100% ▕█████████████████ ▏  42 GB/ 42 GB  641 MB/s      0s[K
pulling 948af2743fc7: 100% ▕██████████████████▏ 1.5 KB                         [K
pulling 0ba8f0e314b4: 100% ▕██████████████████▏  12 KB                         [K
pulling 56bb8bd477a5: 100% ▕██████████████████▏   96 B                         [K
verifying sha256 digest ⠇ [K[?25h[?2026l[?2026h[?25l[A[A[A[A[A[1Gpulling manifest [K
pulling de20d2cf2dc4: 100% ▕█████████████████ ▏  42 GB/ 42 GB  641 MB/s      0s[K
pulling 948af2743fc7: 100% ▕██████████████████▏ 1.5 KB                         [K
pulling 0ba8f0e314b4: 100% ▕██████████████████▏  12 KB                         [K
pulling 56bb8bd477a5: 100% ▕██████████████████▏   96 B                         [K
verifying sha256 digest ⠏ [K[?25h[?2026l[?2026h[?25l[A[A[A[A[A[1Gpulling manifest [K
pulling de20d2cf2dc4: 100% ▕█████████████████ ▏  42 GB/ 42 GB  641 MB/s      0s[K
pulling 948af2743fc7: 100% ▕██████████████████▏ 1.5 KB                         [K
pulling 0ba8f0e314b4: 100% ▕██████████████████▏  12 KB                         [K
pulling 56bb8bd477a5: 100% ▕██████████████████▏   96 B                         [K
verifying sha256 digest ⠋ [K[?25h[?2026l[?2026h[?25l[A[A[A[A[A[1Gpulling manifest [K
pulling de20d2cf2dc4: 100% ▕█████████████████ ▏  42 GB/ 42 GB  641 MB/s      0s[K
pulling 948af2743fc7: 100% ▕██████████████████▏ 1.5 KB                         [K
pulling 0ba8f0e314b4: 100% ▕██████████████████▏  12 KB                         [K
pulling 56bb8bd477a5: 100% ▕██████████████████▏   96 B                         [K
verifying sha256 digest ⠙ [K[?25h[?2026l[?2026h[?25l[A[A[A[A[A[1Gpulling manifest [K
pulling de20d2cf2dc4: 100% ▕█████████████████ ▏  42 GB/ 42 GB  641 MB/s      0s[K
pulling 948af2743fc7: 100% ▕██████████████████▏ 1.5 KB                         [K
pulling 0ba8f0e314b4: 100% ▕██████████████████▏  12 KB                         [K
pulling 56bb8bd477a5: 100% ▕██████████████████▏   96 B                         [K
verifying sha256 digest ⠹ [K[?25h[?2026l[?2026h[?25l[A[A[A[A[A[1Gpulling manifest [K
pulling de20d2cf2dc4: 100% ▕█████████████████ ▏  42 GB/ 42 GB  641 MB/s      0s[K
pulling 948af2743fc7: 100% ▕██████████████████▏ 1.5 KB                         [K
pulling 0ba8f0e314b4: 100% ▕██████████████████▏  12 KB                         [K
pulling 56bb8bd477a5: 100% ▕██████████████████▏   96 B                         [K
verifying sha256 digest ⠸ [K[?25h[?2026l[?2026h[?25l[A[A[A[A[A[1Gpulling manifest [K
pulling de20d2cf2dc4: 100% ▕█████████████████ ▏  42 GB/ 42 GB  641 MB/s      0s[K
pulling 948af2743fc7: 100% ▕██████████████████▏ 1.5 KB                         [K
pulling 0ba8f0e314b4: 100% ▕██████████████████▏  12 KB                         [K
pulling 56bb8bd477a5: 100% ▕██████████████████▏   96 B                         [K
verifying sha256 digest ⠼ [K[?25h[?2026l[?2026h[?25l[A[A[A[A[A[1Gpulling manifest [K
pulling de20d2cf2dc4: 100% ▕█████████████████ ▏  42 GB/ 42 GB  641 MB/s      0s[K
pulling 948af2743fc7: 100% ▕██████████████████▏ 1.5 KB                         [K
pulling 0ba8f0e314b4: 100% ▕██████████████████▏  12 KB                         [K
pulling 56bb8bd477a5: 100% ▕██████████████████▏   96 B                         [K
verifying sha256 digest ⠴ [K[?25h[?2026l[?2026h[?25l[A[A[A[A[A[1Gpulling manifest [K
pulling de20d2cf2dc4: 100% ▕█████████████████ ▏  42 GB/ 42 GB  641 MB/s      0s[K
pulling 948af2743fc7: 100% ▕██████████████████▏ 1.5 KB                         [K
pulling 0ba8f0e314b4: 100% ▕██████████████████▏  12 KB                         [K
pulling 56bb8bd477a5: 100% ▕██████████████████▏   96 B                         [K
verifying sha256 digest ⠦ [K[?25h[?2026l[?2026h[?25l[A[A[A[A[A[1Gpulling manifest [K
pulling de20d2cf2dc4: 100% ▕█████████████████ ▏  42 GB/ 42 GB  641 MB/s      0s[K
pulling 948af2743fc7: 100% ▕██████████████████▏ 1.5 KB                         [K
pulling 0ba8f0e314b4: 100% ▕██████████████████▏  12 KB                         [K
pulling 56bb8bd477a5: 100% ▕██████████████████▏   96 B                         [K
verifying sha256 digest ⠧ [K[?25h[?2026l[?2026h[?25l[A[A[A[A[A[1Gpulling manifest [K
pulling de20d2cf2dc4: 100% ▕█████████████████ ▏  42 GB/ 42 GB  641 MB/s      0s[K
pulling 948af2743fc7: 100% ▕██████████████████▏ 1.5 KB                         [K
pulling 0ba8f0e314b4: 100% ▕██████████████████▏  12 KB                         [K
pulling 56bb8bd477a5: 100% ▕██████████████████▏   96 B                         [K
verifying sha256 digest ⠇ [K[?25h[?2026l[?2026h[?25l[A[A[A[A[A[1Gpulling manifest [K
pulling de20d2cf2dc4: 100% ▕█████████████████ ▏  42 GB/ 42 GB  641 MB/s      0s[K
pulling 948af2743fc7: 100% ▕██████████████████▏ 1.5 KB                         [K
pulling 0ba8f0e314b4: 100% ▕██████████████████▏  12 KB                         [K
pulling 56bb8bd477a5: 100% ▕██████████████████▏   96 B                         [K
verifying sha256 digest ⠏ [K[?25h[?2026l[?2026h[?25l[A[A[A[A[A[1Gpulling manifest [K
pulling de20d2cf2dc4: 100% ▕█████████████████ ▏  42 GB/ 42 GB  641 MB/s      0s[K
pulling 948af2743fc7: 100% ▕██████████████████▏ 1.5 KB                         [K
pulling 0ba8f0e314b4: 100% ▕██████████████████▏  12 KB                         [K
pulling 56bb8bd477a5: 100% ▕██████████████████▏   96 B                         [K
verifying sha256 digest ⠋ [K[?25h[?2026l[?2026h[?25l[A[A[A[A[A[1Gpulling manifest [K
pulling de20d2cf2dc4: 100% ▕█████████████████ ▏  42 GB/ 42 GB  641 MB/s      0s[K
pulling 948af2743fc7: 100% ▕██████████████████▏ 1.5 KB                         [K
pulling 0ba8f0e314b4: 100% ▕██████████████████▏  12 KB                         [K
pulling 56bb8bd477a5: 100% ▕██████████████████▏   96 B                         [K
verifying sha256 digest ⠙ [K[?25h[?2026l[?2026h[?25l[A[A[A[A[A[1Gpulling manifest [K
pulling de20d2cf2dc4: 100% ▕█████████████████ ▏  42 GB/ 42 GB  641 MB/s      0s[K
pulling 948af2743fc7: 100% ▕██████████████████▏ 1.5 KB                         [K
pulling 0ba8f0e314b4: 100% ▕██████████████████▏  12 KB                         [K
pulling 56bb8bd477a5: 100% ▕██████████████████▏   96 B                         [K
verifying sha256 digest ⠹ [K[?25h[?2026l[?2026h[?25l[A[A[A[A[A[1Gpulling manifest [K
pulling de20d2cf2dc4: 100% ▕█████████████████ ▏  42 GB/ 42 GB  641 MB/s      0s[K
pulling 948af2743fc7: 100% ▕██████████████████▏ 1.5 KB                         [K
pulling 0ba8f0e314b4: 100% ▕██████████████████▏  12 KB                         [K
pulling 56bb8bd477a5: 100% ▕██████████████████▏   96 B                         [K
verifying sha256 digest ⠸ [K[?25h[?2026l[?2026h[?25l[A[A[A[A[A[1Gpulling manifest [K
pulling de20d2cf2dc4: 100% ▕█████████████████ ▏  42 GB/ 42 GB  641 MB/s      0s[K
pulling 948af2743fc7: 100% ▕██████████████████▏ 1.5 KB                         [K
pulling 0ba8f0e314b4: 100% ▕██████████████████▏  12 KB                         [K
pulling 56bb8bd477a5: 100% ▕██████████████████▏   96 B                         [K
verifying sha256 digest ⠼ [K[?25h[?2026l[?2026h[?25l[A[A[A[A[A[1Gpulling manifest [K
pulling de20d2cf2dc4: 100% ▕█████████████████ ▏  42 GB/ 42 GB  641 MB/s      0s[K
pulling 948af2743fc7: 100% ▕██████████████████▏ 1.5 KB                         [K
pulling 0ba8f0e314b4: 100% ▕██████████████████▏  12 KB                         [K
pulling 56bb8bd477a5: 100% ▕██████████████████▏   96 B                         [K
verifying sha256 digest ⠴ [K[?25h[?2026l[?2026h[?25l[A[A[A[A[A[1Gpulling manifest [K
pulling de20d2cf2dc4: 100% ▕█████████████████ ▏  42 GB/ 42 GB  641 MB/s      0s[K
pulling 948af2743fc7: 100% ▕██████████████████▏ 1.5 KB                         [K
pulling 0ba8f0e314b4: 100% ▕██████████████████▏  12 KB                         [K
pulling 56bb8bd477a5: 100% ▕██████████████████▏   96 B                         [K
verifying sha256 digest ⠦ [K[?25h[?2026l[?2026h[?25l[A[A[A[A[A[1Gpulling manifest [K
pulling de20d2cf2dc4: 100% ▕█████████████████ ▏  42 GB/ 42 GB  641 MB/s      0s[K
pulling 948af2743fc7: 100% ▕██████████████████▏ 1.5 KB                         [K
pulling 0ba8f0e314b4: 100% ▕██████████████████▏  12 KB                         [K
pulling 56bb8bd477a5: 100% ▕██████████████████▏   96 B                         [K
verifying sha256 digest ⠧ [K[?25h[?2026l[?2026h[?25l[A[A[A[A[A[1Gpulling manifest [K
pulling de20d2cf2dc4: 100% ▕█████████████████ ▏  42 GB/ 42 GB  641 MB/s      0s[K
pulling 948af2743fc7: 100% ▕██████████████████▏ 1.5 KB                         [K
pulling 0ba8f0e314b4: 100% ▕██████████████████▏  12 KB                         [K
pulling 56bb8bd477a5: 100% ▕██████████████████▏   96 B                         [K
verifying sha256 digest ⠇ [K[?25h[?2026l[?2026h[?25l[A[A[A[A[A[1Gpulling manifest [K
pulling de20d2cf2dc4: 100% ▕█████████████████ ▏  42 GB/ 42 GB  641 MB/s      0s[K
pulling 948af2743fc7: 100% ▕██████████████████▏ 1.5 KB                         [K
pulling 0ba8f0e314b4: 100% ▕██████████████████▏  12 KB                         [K
pulling 56bb8bd477a5: 100% ▕██████████████████▏   96 B                         [K
verifying sha256 digest ⠏ [K[?25h[?2026l[?2026h[?25l[A[A[A[A[A[1Gpulling manifest [K
pulling de20d2cf2dc4: 100% ▕█████████████████ ▏  42 GB/ 42 GB  641 MB/s      0s[K
pulling 948af2743fc7: 100% ▕██████████████████▏ 1.5 KB                         [K
pulling 0ba8f0e314b4: 100% ▕██████████████████▏  12 KB                         [K
pulling 56bb8bd477a5: 100% ▕██████████████████▏   96 B                         [K
verifying sha256 digest ⠋ [K[?25h[?2026l[?2026h[?25l[A[A[A[A[A[1Gpulling manifest [K
pulling de20d2cf2dc4: 100% ▕█████████████████ ▏  42 GB/ 42 GB  641 MB/s      0s[K
pulling 948af2743fc7: 100% ▕██████████████████▏ 1.5 KB                         [K
pulling 0ba8f0e314b4: 100% ▕██████████████████▏  12 KB                         [K
pulling 56bb8bd477a5: 100% ▕██████████████████▏   96 B                         [K
verifying sha256 digest ⠙ [K[?25h[?2026l[?2026h[?25l[A[A[A[A[A[1Gpulling manifest [K
pulling de20d2cf2dc4: 100% ▕█████████████████ ▏  42 GB/ 42 GB  641 MB/s      0s[K
pulling 948af2743fc7: 100% ▕██████████████████▏ 1.5 KB                         [K
pulling 0ba8f0e314b4: 100% ▕██████████████████▏  12 KB                         [K
pulling 56bb8bd477a5: 100% ▕██████████████████▏   96 B                         [K
verifying sha256 digest ⠹ [K[?25h[?2026l[?2026h[?25l[A[A[A[A[A[1Gpulling manifest [K
pulling de20d2cf2dc4: 100% ▕█████████████████ ▏  42 GB/ 42 GB  641 MB/s      0s[K
pulling 948af2743fc7: 100% ▕██████████████████▏ 1.5 KB                         [K
pulling 0ba8f0e314b4: 100% ▕██████████████████▏  12 KB                         [K
pulling 56bb8bd477a5: 100% ▕██████████████████▏   96 B                         [K
verifying sha256 digest ⠸ [K[?25h[?2026l[?2026h[?25l[A[A[A[A[A[1Gpulling manifest [K
pulling de20d2cf2dc4: 100% ▕█████████████████ ▏  42 GB/ 42 GB  641 MB/s      0s[K
pulling 948af2743fc7: 100% ▕██████████████████▏ 1.5 KB                         [K
pulling 0ba8f0e314b4: 100% ▕██████████████████▏  12 KB                         [K
pulling 56bb8bd477a5: 100% ▕██████████████████▏   96 B                         [K
verifying sha256 digest ⠼ [K[?25h[?2026l[?2026h[?25l[A[A[A[A[A[1Gpulling manifest [K
pulling de20d2cf2dc4: 100% ▕█████████████████ ▏  42 GB/ 42 GB  641 MB/s      0s[K
pulling 948af2743fc7: 100% ▕██████████████████▏ 1.5 KB                         [K
pulling 0ba8f0e314b4: 100% ▕██████████████████▏  12 KB                         [K
pulling 56bb8bd477a5: 100% ▕██████████████████▏   96 B                         [K
verifying sha256 digest ⠴ [K[?25h[?2026l[?2026h[?25l[A[A[A[A[A[1Gpulling manifest [K
pulling de20d2cf2dc4: 100% ▕█████████████████ ▏  42 GB/ 42 GB  641 MB/s      0s[K
pulling 948af2743fc7: 100% ▕██████████████████▏ 1.5 KB                         [K
pulling 0ba8f0e314b4: 100% ▕██████████████████▏  12 KB                         [K
pulling 56bb8bd477a5: 100% ▕██████████████████▏   96 B                         [K
verifying sha256 digest ⠦ [K[?25h[?2026l[?2026h[?25l[A[A[A[A[A[1Gpulling manifest [K
pulling de20d2cf2dc4: 100% ▕█████████████████ ▏  42 GB/ 42 GB  641 MB/s      0s[K
pulling 948af2743fc7: 100% ▕██████████████████▏ 1.5 KB                         [K
pulling 0ba8f0e314b4: 100% ▕██████████████████▏  12 KB                         [K
pulling 56bb8bd477a5: 100% ▕██████████████████▏   96 B                         [K
verifying sha256 digest ⠧ [K[?25h[?2026l[?2026h[?25l[A[A[A[A[A[1Gpulling manifest [K
pulling de20d2cf2dc4: 100% ▕█████████████████ ▏  42 GB/ 42 GB  641 MB/s      0s[K
pulling 948af2743fc7: 100% ▕██████████████████▏ 1.5 KB                         [K
pulling 0ba8f0e314b4: 100% ▕██████████████████▏  12 KB                         [K
pulling 56bb8bd477a5: 100% ▕██████████████████▏   96 B                         [K
verifying sha256 digest ⠇ [K[?25h[?2026l[?2026h[?25l[A[A[A[A[A[1Gpulling manifest [K
pulling de20d2cf2dc4: 100% ▕█████████████████ ▏  42 GB/ 42 GB  641 MB/s      0s[K
pulling 948af2743fc7: 100% ▕██████████████████▏ 1.5 KB                         [K
pulling 0ba8f0e314b4: 100% ▕██████████████████▏  12 KB                         [K
pulling 56bb8bd477a5: 100% ▕██████████████████▏   96 B                         [K
verifying sha256 digest ⠏ [K[?25h[?2026l[?2026h[?25l[A[A[A[A[A[1Gpulling manifest [K
pulling de20d2cf2dc4: 100% ▕█████████████████ ▏  42 GB/ 42 GB  641 MB/s      0s[K
pulling 948af2743fc7: 100% ▕██████████████████▏ 1.5 KB                         [K
pulling 0ba8f0e314b4: 100% ▕██████████████████▏  12 KB                         [K
pulling 56bb8bd477a5: 100% ▕██████████████████▏   96 B                         [K
verifying sha256 digest ⠋ [K[?25h[?2026l[?2026h[?25l[A[A[A[A[A[1Gpulling manifest [K
pulling de20d2cf2dc4: 100% ▕█████████████████ ▏  42 GB/ 42 GB  641 MB/s      0s[K
pulling 948af2743fc7: 100% ▕██████████████████▏ 1.5 KB                         [K
pulling 0ba8f0e314b4: 100% ▕██████████████████▏  12 KB                         [K
pulling 56bb8bd477a5: 100% ▕██████████████████▏   96 B                         [K
verifying sha256 digest ⠙ [K[?25h[?2026l[?2026h[?25l[A[A[A[A[A[1Gpulling manifest [K
pulling de20d2cf2dc4: 100% ▕█████████████████ ▏  42 GB/ 42 GB  641 MB/s      0s[K
pulling 948af2743fc7: 100% ▕██████████████████▏ 1.5 KB                         [K
pulling 0ba8f0e314b4: 100% ▕██████████████████▏  12 KB                         [K
pulling 56bb8bd477a5: 100% ▕██████████████████▏   96 B                         [K
verifying sha256 digest ⠹ [K[?25h[?2026l[?2026h[?25l[A[A[A[A[A[1Gpulling manifest [K
pulling de20d2cf2dc4: 100% ▕█████████████████ ▏  42 GB/ 42 GB  641 MB/s      0s[K
pulling 948af2743fc7: 100% ▕██████████████████▏ 1.5 KB                         [K
pulling 0ba8f0e314b4: 100% ▕██████████████████▏  12 KB                         [K
pulling 56bb8bd477a5: 100% ▕██████████████████▏   96 B                         [K
verifying sha256 digest ⠸ [K[?25h[?2026l[?2026h[?25l[A[A[A[A[A[1Gpulling manifest [K
pulling de20d2cf2dc4: 100% ▕█████████████████ ▏  42 GB/ 42 GB  641 MB/s      0s[K
pulling 948af2743fc7: 100% ▕██████████████████▏ 1.5 KB                         [K
pulling 0ba8f0e314b4: 100% ▕██████████████████▏  12 KB                         [K
pulling 56bb8bd477a5: 100% ▕██████████████████▏   96 B                         [K
verifying sha256 digest ⠼ [K[?25h[?2026l[?2026h[?25l[A[A[A[A[A[1Gpulling manifest [K
pulling de20d2cf2dc4: 100% ▕█████████████████ ▏  42 GB/ 42 GB  641 MB/s      0s[K
pulling 948af2743fc7: 100% ▕██████████████████▏ 1.5 KB                         [K
pulling 0ba8f0e314b4: 100% ▕██████████████████▏  12 KB                         [K
pulling 56bb8bd477a5: 100% ▕██████████████████▏   96 B                         [K
verifying sha256 digest ⠴ [K[?25h[?2026l[?2026h[?25l[A[A[A[A[A[1Gpulling manifest [K
pulling de20d2cf2dc4: 100% ▕█████████████████ ▏  42 GB/ 42 GB  641 MB/s      0s[K
pulling 948af2743fc7: 100% ▕██████████████████▏ 1.5 KB                         [K
pulling 0ba8f0e314b4: 100% ▕██████████████████▏  12 KB                         [K
pulling 56bb8bd477a5: 100% ▕██████████████████▏   96 B                         [K
verifying sha256 digest ⠦ [K[?25h[?2026l[?2026h[?25l[A[A[A[A[A[1Gpulling manifest [K
pulling de20d2cf2dc4: 100% ▕█████████████████ ▏  42 GB/ 42 GB  641 MB/s      0s[K
pulling 948af2743fc7: 100% ▕██████████████████▏ 1.5 KB                         [K
pulling 0ba8f0e314b4: 100% ▕██████████████████▏  12 KB                         [K
pulling 56bb8bd477a5: 100% ▕██████████████████▏   96 B                         [K
verifying sha256 digest ⠧ [K[?25h[?2026l[?2026h[?25l[A[A[A[A[A[1Gpulling manifest [K
pulling de20d2cf2dc4: 100% ▕█████████████████ ▏  42 GB/ 42 GB  641 MB/s      0s[K
pulling 948af2743fc7: 100% ▕██████████████████▏ 1.5 KB                         [K
pulling 0ba8f0e314b4: 100% ▕██████████████████▏  12 KB                         [K
pulling 56bb8bd477a5: 100% ▕██████████████████▏   96 B                         [K
verifying sha256 digest ⠇ [K[?25h[?2026l[?2026h[?25l[A[A[A[A[A[1Gpulling manifest [K
pulling de20d2cf2dc4: 100% ▕█████████████████ ▏  42 GB/ 42 GB  641 MB/s      0s[K
pulling 948af2743fc7: 100% ▕██████████████████▏ 1.5 KB                         [K
pulling 0ba8f0e314b4: 100% ▕██████████████████▏  12 KB                         [K
pulling 56bb8bd477a5: 100% ▕██████████████████▏   96 B                         [K
verifying sha256 digest ⠏ [K[?25h[?2026l[?2026h[?25l[A[A[A[A[A[1Gpulling manifest [K
pulling de20d2cf2dc4: 100% ▕█████████████████ ▏  42 GB/ 42 GB  641 MB/s      0s[K
pulling 948af2743fc7: 100% ▕██████████████████▏ 1.5 KB                         [K
pulling 0ba8f0e314b4: 100% ▕██████████████████▏  12 KB                         [K
pulling 56bb8bd477a5: 100% ▕██████████████████▏   96 B                         [K
verifying sha256 digest ⠋ [K[?25h[?2026l[?2026h[?25l[A[A[A[A[A[1Gpulling manifest [K
pulling de20d2cf2dc4: 100% ▕█████████████████ ▏  42 GB/ 42 GB  641 MB/s      0s[K
pulling 948af2743fc7: 100% ▕██████████████████▏ 1.5 KB                         [K
pulling 0ba8f0e314b4: 100% ▕██████████████████▏  12 KB                         [K
pulling 56bb8bd477a5: 100% ▕██████████████████▏   96 B                         [K
verifying sha256 digest ⠙ [K[?25h[?2026l[?2026h[?25l[A[A[A[A[A[1Gpulling manifest [K
pulling de20d2cf2dc4: 100% ▕█████████████████ ▏  42 GB/ 42 GB  641 MB/s      0s[K
pulling 948af2743fc7: 100% ▕██████████████████▏ 1.5 KB                         [K
pulling 0ba8f0e314b4: 100% ▕██████████████████▏  12 KB                         [K
pulling 56bb8bd477a5: 100% ▕██████████████████▏   96 B                         [K
verifying sha256 digest ⠹ [K[?25h[?2026l[?2026h[?25l[A[A[A[A[A[1Gpulling manifest [K
pulling de20d2cf2dc4: 100% ▕█████████████████ ▏  42 GB/ 42 GB  641 MB/s      0s[K
pulling 948af2743fc7: 100% ▕██████████████████▏ 1.5 KB                         [K
pulling 0ba8f0e314b4: 100% ▕██████████████████▏  12 KB                         [K
pulling 56bb8bd477a5: 100% ▕██████████████████▏   96 B                         [K
verifying sha256 digest ⠸ [K[?25h[?2026l[?2026h[?25l[A[A[A[A[A[1Gpulling manifest [K
pulling de20d2cf2dc4: 100% ▕█████████████████ ▏  42 GB/ 42 GB  641 MB/s      0s[K
pulling 948af2743fc7: 100% ▕██████████████████▏ 1.5 KB                         [K
pulling 0ba8f0e314b4: 100% ▕██████████████████▏  12 KB                         [K
pulling 56bb8bd477a5: 100% ▕██████████████████▏   96 B                         [K
verifying sha256 digest ⠼ [K[?25h[?2026l[?2026h[?25l[A[A[A[A[A[1Gpulling manifest [K
pulling de20d2cf2dc4: 100% ▕█████████████████ ▏  42 GB/ 42 GB  641 MB/s      0s[K
pulling 948af2743fc7: 100% ▕██████████████████▏ 1.5 KB                         [K
pulling 0ba8f0e314b4: 100% ▕██████████████████▏  12 KB                         [K
pulling 56bb8bd477a5: 100% ▕██████████████████▏   96 B                         [K
verifying sha256 digest ⠴ [K[?25h[?2026l[?2026h[?25l[A[A[A[A[A[1Gpulling manifest [K
pulling de20d2cf2dc4: 100% ▕█████████████████ ▏  42 GB/ 42 GB  641 MB/s      0s[K
pulling 948af2743fc7: 100% ▕██████████████████▏ 1.5 KB                         [K
pulling 0ba8f0e314b4: 100% ▕██████████████████▏  12 KB                         [K
pulling 56bb8bd477a5: 100% ▕██████████████████▏   96 B                         [K
verifying sha256 digest ⠦ [K[?25h[?2026l[?2026h[?25l[A[A[A[A[A[1Gpulling manifest [K
pulling de20d2cf2dc4: 100% ▕█████████████████ ▏  42 GB/ 42 GB  641 MB/s      0s[K
pulling 948af2743fc7: 100% ▕██████████████████▏ 1.5 KB                         [K
pulling 0ba8f0e314b4: 100% ▕██████████████████▏  12 KB                         [K
pulling 56bb8bd477a5: 100% ▕██████████████████▏   96 B                         [K
verifying sha256 digest ⠧ [K[?25h[?2026l[?2026h[?25l[A[A[A[A[A[1Gpulling manifest [K
pulling de20d2cf2dc4: 100% ▕█████████████████ ▏  42 GB/ 42 GB  641 MB/s      0s[K
pulling 948af2743fc7: 100% ▕██████████████████▏ 1.5 KB                         [K
pulling 0ba8f0e314b4: 100% ▕██████████████████▏  12 KB                         [K
pulling 56bb8bd477a5: 100% ▕██████████████████▏   96 B                         [K
verifying sha256 digest ⠇ [K[?25h[?2026l[?2026h[?25l[A[A[A[A[A[1Gpulling manifest [K
pulling de20d2cf2dc4: 100% ▕█████████████████ ▏  42 GB/ 42 GB  641 MB/s      0s[K
pulling 948af2743fc7: 100% ▕██████████████████▏ 1.5 KB                         [K
pulling 0ba8f0e314b4: 100% ▕██████████████████▏  12 KB                         [K
pulling 56bb8bd477a5: 100% ▕██████████████████▏   96 B                         [K
verifying sha256 digest ⠏ [K[?25h[?2026l[?2026h[?25l[A[A[A[A[A[1Gpulling manifest [K
pulling de20d2cf2dc4: 100% ▕█████████████████ ▏  42 GB/ 42 GB  641 MB/s      0s[K
pulling 948af2743fc7: 100% ▕██████████████████▏ 1.5 KB                         [K
pulling 0ba8f0e314b4: 100% ▕██████████████████▏  12 KB                         [K
pulling 56bb8bd477a5: 100% ▕██████████████████▏   96 B                         [K
verifying sha256 digest ⠋ [K[?25h[?2026l[?2026h[?25l[A[A[A[A[A[1Gpulling manifest [K
pulling de20d2cf2dc4: 100% ▕█████████████████ ▏  42 GB/ 42 GB  641 MB/s      0s[K
pulling 948af2743fc7: 100% ▕██████████████████▏ 1.5 KB                         [K
pulling 0ba8f0e314b4: 100% ▕██████████████████▏  12 KB                         [K
pulling 56bb8bd477a5: 100% ▕██████████████████▏   96 B                         [K
verifying sha256 digest ⠙ [K[?25h[?2026l[?2026h[?25l[A[A[A[A[A[1Gpulling manifest [K
pulling de20d2cf2dc4: 100% ▕█████████████████ ▏  42 GB/ 42 GB  641 MB/s      0s[K
pulling 948af2743fc7: 100% ▕██████████████████▏ 1.5 KB                         [K
pulling 0ba8f0e314b4: 100% ▕██████████████████▏  12 KB                         [K
pulling 56bb8bd477a5: 100% ▕██████████████████▏   96 B                         [K
verifying sha256 digest ⠹ [K[?25h[?2026l[?2026h[?25l[A[A[A[A[A[1Gpulling manifest [K
pulling de20d2cf2dc4: 100% ▕█████████████████ ▏  42 GB/ 42 GB  641 MB/s      0s[K
pulling 948af2743fc7: 100% ▕██████████████████▏ 1.5 KB                         [K
pulling 0ba8f0e314b4: 100% ▕██████████████████▏  12 KB                         [K
pulling 56bb8bd477a5: 100% ▕██████████████████▏   96 B                         [K
verifying sha256 digest ⠸ [K[?25h[?2026l[?2026h[?25l[A[A[A[A[A[1Gpulling manifest [K
pulling de20d2cf2dc4: 100% ▕█████████████████ ▏  42 GB/ 42 GB  641 MB/s      0s[K
pulling 948af2743fc7: 100% ▕██████████████████▏ 1.5 KB                         [K
pulling 0ba8f0e314b4: 100% ▕██████████████████▏  12 KB                         [K
pulling 56bb8bd477a5: 100% ▕██████████████████▏   96 B                         [K
verifying sha256 digest ⠼ [K[?25h[?2026l[?2026h[?25l[A[A[A[A[A[1Gpulling manifest [K
pulling de20d2cf2dc4: 100% ▕█████████████████ ▏  42 GB/ 42 GB  641 MB/s      0s[K
pulling 948af2743fc7: 100% ▕██████████████████▏ 1.5 KB                         [K
pulling 0ba8f0e314b4: 100% ▕██████████████████▏  12 KB                         [K
pulling 56bb8bd477a5: 100% ▕██████████████████▏   96 B                         [K
verifying sha256 digest ⠴ [K[?25h[?2026l[?2026h[?25l[A[A[A[A[A[1Gpulling manifest [K
pulling de20d2cf2dc4: 100% ▕█████████████████ ▏  42 GB/ 42 GB  641 MB/s      0s[K
pulling 948af2743fc7: 100% ▕██████████████████▏ 1.5 KB                         [K
pulling 0ba8f0e314b4: 100% ▕██████████████████▏  12 KB                         [K
pulling 56bb8bd477a5: 100% ▕██████████████████▏   96 B                         [K
verifying sha256 digest ⠦ [K[?25h[?2026l[?2026h[?25l[A[A[A[A[A[1Gpulling manifest [K
pulling de20d2cf2dc4: 100% ▕█████████████████ ▏  42 GB/ 42 GB  641 MB/s      0s[K
pulling 948af2743fc7: 100% ▕██████████████████▏ 1.5 KB                         [K
pulling 0ba8f0e314b4: 100% ▕██████████████████▏  12 KB                         [K
pulling 56bb8bd477a5: 100% ▕██████████████████▏   96 B                         [K
verifying sha256 digest ⠧ [K[?25h[?2026l[?2026h[?25l[A[A[A[A[A[1Gpulling manifest [K
pulling de20d2cf2dc4: 100% ▕█████████████████ ▏  42 GB/ 42 GB  641 MB/s      0s[K
pulling 948af2743fc7: 100% ▕██████████████████▏ 1.5 KB                         [K
pulling 0ba8f0e314b4: 100% ▕██████████████████▏  12 KB                         [K
pulling 56bb8bd477a5: 100% ▕██████████████████▏   96 B                         [K
verifying sha256 digest ⠇ [K[?25h[?2026l[?2026h[?25l[A[A[A[A[A[1Gpulling manifest [K
pulling de20d2cf2dc4: 100% ▕█████████████████ ▏  42 GB/ 42 GB  641 MB/s      0s[K
pulling 948af2743fc7: 100% ▕██████████████████▏ 1.5 KB                         [K
pulling 0ba8f0e314b4: 100% ▕██████████████████▏  12 KB                         [K
pulling 56bb8bd477a5: 100% ▕██████████████████▏   96 B                         [K
verifying sha256 digest ⠏ [K[?25h[?2026l[?2026h[?25l[A[A[A[A[A[1Gpulling manifest [K
pulling de20d2cf2dc4: 100% ▕█████████████████ ▏  42 GB/ 42 GB  641 MB/s      0s[K
pulling 948af2743fc7: 100% ▕██████████████████▏ 1.5 KB                         [K
pulling 0ba8f0e314b4: 100% ▕██████████████████▏  12 KB                         [K
pulling 56bb8bd477a5: 100% ▕██████████████████▏   96 B                         [K
verifying sha256 digest ⠋ [K[?25h[?2026l[?2026h[?25l[A[A[A[A[A[1Gpulling manifest [K
pulling de20d2cf2dc4: 100% ▕█████████████████ ▏  42 GB/ 42 GB  641 MB/s      0s[K
pulling 948af2743fc7: 100% ▕██████████████████▏ 1.5 KB                         [K
pulling 0ba8f0e314b4: 100% ▕██████████████████▏  12 KB                         [K
pulling 56bb8bd477a5: 100% ▕██████████████████▏   96 B                         [K
verifying sha256 digest ⠙ [K[?25h[?2026l[?2026h[?25l[A[A[A[A[A[1Gpulling manifest [K
pulling de20d2cf2dc4: 100% ▕█████████████████ ▏  42 GB/ 42 GB  641 MB/s      0s[K
pulling 948af2743fc7: 100% ▕██████████████████▏ 1.5 KB                         [K
pulling 0ba8f0e314b4: 100% ▕██████████████████▏  12 KB                         [K
pulling 56bb8bd477a5: 100% ▕██████████████████▏   96 B                         [K
verifying sha256 digest ⠹ [K[?25h[?2026l[?2026h[?25l[A[A[A[A[A[1Gpulling manifest [K
pulling de20d2cf2dc4: 100% ▕█████████████████ ▏  42 GB/ 42 GB  641 MB/s      0s[K
pulling 948af2743fc7: 100% ▕██████████████████▏ 1.5 KB                         [K
pulling 0ba8f0e314b4: 100% ▕██████████████████▏  12 KB                         [K
pulling 56bb8bd477a5: 100% ▕██████████████████▏   96 B                         [K
verifying sha256 digest ⠸ [K[?25h[?2026l[?2026h[?25l[A[A[A[A[A[1Gpulling manifest [K
pulling de20d2cf2dc4: 100% ▕█████████████████ ▏  42 GB/ 42 GB  641 MB/s      0s[K
pulling 948af2743fc7: 100% ▕██████████████████▏ 1.5 KB                         [K
pulling 0ba8f0e314b4: 100% ▕██████████████████▏  12 KB                         [K
pulling 56bb8bd477a5: 100% ▕██████████████████▏   96 B                         [K
verifying sha256 digest ⠼ [K[?25h[?2026l[?2026h[?25l[A[A[A[A[A[1Gpulling manifest [K
pulling de20d2cf2dc4: 100% ▕█████████████████ ▏  42 GB/ 42 GB  641 MB/s      0s[K
pulling 948af2743fc7: 100% ▕██████████████████▏ 1.5 KB                         [K
pulling 0ba8f0e314b4: 100% ▕██████████████████▏  12 KB                         [K
pulling 56bb8bd477a5: 100% ▕██████████████████▏   96 B                         [K
verifying sha256 digest ⠴ [K[?25h[?2026l[?2026h[?25l[A[A[A[A[A[1Gpulling manifest [K
pulling de20d2cf2dc4: 100% ▕█████████████████ ▏  42 GB/ 42 GB  641 MB/s      0s[K
pulling 948af2743fc7: 100% ▕██████████████████▏ 1.5 KB                         [K
pulling 0ba8f0e314b4: 100% ▕██████████████████▏  12 KB                         [K
pulling 56bb8bd477a5: 100% ▕██████████████████▏   96 B                         [K
verifying sha256 digest ⠦ [K[?25h[?2026l[?2026h[?25l[A[A[A[A[A[1Gpulling manifest [K
pulling de20d2cf2dc4: 100% ▕█████████████████ ▏  42 GB/ 42 GB  641 MB/s      0s[K
pulling 948af2743fc7: 100% ▕██████████████████▏ 1.5 KB                         [K
pulling 0ba8f0e314b4: 100% ▕██████████████████▏  12 KB                         [K
pulling 56bb8bd477a5: 100% ▕██████████████████▏   96 B                         [K
verifying sha256 digest ⠧ [K[?25h[?2026l[?2026h[?25l[A[A[A[A[A[1Gpulling manifest [K
pulling de20d2cf2dc4: 100% ▕█████████████████ ▏  42 GB/ 42 GB  641 MB/s      0s[K
pulling 948af2743fc7: 100% ▕██████████████████▏ 1.5 KB                         [K
pulling 0ba8f0e314b4: 100% ▕██████████████████▏  12 KB                         [K
pulling 56bb8bd477a5: 100% ▕██████████████████▏   96 B                         [K
verifying sha256 digest ⠇ [K[?25h[?2026l[?2026h[?25l[A[A[A[A[A[1Gpulling manifest [K
pulling de20d2cf2dc4: 100% ▕█████████████████ ▏  42 GB/ 42 GB  641 MB/s      0s[K
pulling 948af2743fc7: 100% ▕██████████████████▏ 1.5 KB                         [K
pulling 0ba8f0e314b4: 100% ▕██████████████████▏  12 KB                         [K
pulling 56bb8bd477a5: 100% ▕██████████████████▏   96 B                         [K
verifying sha256 digest ⠏ [K[?25h[?2026l[?2026h[?25l[A[A[A[A[A[1Gpulling manifest [K
pulling de20d2cf2dc4: 100% ▕█████████████████ ▏  42 GB/ 42 GB  641 MB/s      0s[K
pulling 948af2743fc7: 100% ▕██████████████████▏ 1.5 KB                         [K
pulling 0ba8f0e314b4: 100% ▕██████████████████▏  12 KB                         [K
pulling 56bb8bd477a5: 100% ▕██████████████████▏   96 B                         [K
verifying sha256 digest ⠋ [K[?25h[?2026l[?2026h[?25l[A[A[A[A[A[1Gpulling manifest [K
pulling de20d2cf2dc4: 100% ▕█████████████████ ▏  42 GB/ 42 GB  641 MB/s      0s[K
pulling 948af2743fc7: 100% ▕██████████████████▏ 1.5 KB                         [K
pulling 0ba8f0e314b4: 100% ▕██████████████████▏  12 KB                         [K
pulling 56bb8bd477a5: 100% ▕██████████████████▏   96 B                         [K
verifying sha256 digest ⠙ [K[?25h[?2026l[?2026h[?25l[A[A[A[A[A[1Gpulling manifest [K
pulling de20d2cf2dc4: 100% ▕█████████████████ ▏  42 GB/ 42 GB  641 MB/s      0s[K
pulling 948af2743fc7: 100% ▕██████████████████▏ 1.5 KB                         [K
pulling 0ba8f0e314b4: 100% ▕██████████████████▏  12 KB                         [K
pulling 56bb8bd477a5: 100% ▕██████████████████▏   96 B                         [K
verifying sha256 digest ⠹ [K[?25h[?2026l[?2026h[?25l[A[A[A[A[A[1Gpulling manifest [K
pulling de20d2cf2dc4: 100% ▕█████████████████ ▏  42 GB/ 42 GB  641 MB/s      0s[K
pulling 948af2743fc7: 100% ▕██████████████████▏ 1.5 KB                         [K
pulling 0ba8f0e314b4: 100% ▕██████████████████▏  12 KB                         [K
pulling 56bb8bd477a5: 100% ▕██████████████████▏   96 B                         [K
verifying sha256 digest ⠸ [K[?25h[?2026l[?2026h[?25l[A[A[A[A[A[1Gpulling manifest [K
pulling de20d2cf2dc4: 100% ▕█████████████████ ▏  42 GB/ 42 GB  641 MB/s      0s[K
pulling 948af2743fc7: 100% ▕██████████████████▏ 1.5 KB                         [K
pulling 0ba8f0e314b4: 100% ▕██████████████████▏  12 KB                         [K
pulling 56bb8bd477a5: 100% ▕██████████████████▏   96 B                         [K
verifying sha256 digest [K
writing manifest [K
success [K[?25h[?2026l
[?2026h[?25l[1Gpulling manifest ⠋ [K[?25h[?2026l[?2026h[?25l[1Gpulling manifest ⠙ [K[?25h[?2026l[?2026h[?25l[1Gpulling manifest [K
pulling 74701a8c35f6: 100% ▕██████████████████▏ 1.3 GB                         [K
pulling 966de95ca8a6: 100% ▕██████████████████▏ 1.4 KB                         [K
pulling fcc5a6bec9da: 100% ▕██████████████████▏ 7.7 KB                         [K
pulling a70ff7e570d9: 100% ▕██████████████████▏ 6.0 KB                         [K
pulling 4f659a1e86d7: 100% ▕██████████████████▏  485 B                         [K
verifying sha256 digest [K
writing manifest [K
success [K[?25h[?2026l
[?2026h[?25l[1Gpulling manifest ⠋ [K[?25h[?2026l[?2026h[?25l[1Gpulling manifest ⠙ [K[?25h[?2026l[?2026h[?25l[1Gpulling manifest [K
pulling dde5aa3fc5ff: 100% ▕██████████████████▏ 2.0 GB                         [K
pulling 966de95ca8a6: 100% ▕██████████████████▏ 1.4 KB                         [K
pulling fcc5a6bec9da: 100% ▕██████████████████▏ 7.7 KB                         [K
pulling a70ff7e570d9: 100% ▕██████████████████▏ 6.0 KB                         [K
pulling 56bb8bd477a5: 100% ▕██████████████████▏   96 B                         [K
pulling 34bb5ab01051: 100% ▕██████████████████▏  561 B                         [K
verifying sha256 digest [K
writing manifest [K
success [K[?25h[?2026l
[?2026h[?25l[1Gpulling manifest ⠋ [K[?25h[?2026l[?2026h[?25l[1Gpulling manifest ⠙ [K[?25h[?2026l[?2026h[?25l[1Gpulling manifest [K
pulling 667b0c1932bc: 100% ▕██████████████████▏ 4.9 GB                         [K
pulling 948af2743fc7: 100% ▕██████████████████▏ 1.5 KB                         [K
pulling 0ba8f0e314b4: 100% ▕██████████████████▏  12 KB                         [K
pulling 56bb8bd477a5: 100% ▕██████████████████▏   96 B                         [K
pulling 455f34728c9b: 100% ▕██████████████████▏  487 B                         [K
verifying sha256 digest [K
writing manifest [K
success [K[?25h[?2026l
[?2026h[?25l[1Gpulling manifest ⠋ [K[?25h[?2026l[?2026h[?25l[1Gpulling manifest ⠙ [K[?25h[?2026l[?2026h[?25l[1Gpulling manifest [K
pulling de20d2cf2dc4: 100% ▕██████████████████▏  42 GB                         [K
pulling 948af2743fc7: 100% ▕██████████████████▏ 1.5 KB                         [K
pulling 0ba8f0e314b4: 100% ▕██████████████████▏  12 KB                         [K
pulling 56bb8bd477a5: 100% ▕██████████████████▏   96 B                         [K
pulling 4bde18c49e43: 100% ▕██████████████████▏  488 B                         [K
verifying sha256 digest [K
writing manifest [K
success [K[?25h[?2026l
