[?2026h[?25l[1Gpulling manifest ⠋ [K[?25h[?2026l[?2026h[?25l[1Gpulling manifest ⠙ [K[?25h[?2026l[?2026h[?25l[1Gpulling manifest ⠹ [K[?25h[?2026l[?2026h[?25l[1Gpulling manifest ⠸ [K[?25h[?2026l[?2026h[?25l[1Gpulling manifest ⠼ [K[?25h[?2026l[?2026h[?25l[1Gpulling manifest ⠴ [K[?25h[?2026l[?2026h[?25l[1Gpulling manifest [K
pulling e9183b5c18a0:   0% ▕                  ▏  38 MB/ 18 GB                  [K[?25h[?2026l[?2026h[?25l[A[1Gpulling manifest [K
pulling e9183b5c18a0:   1% ▕                  ▏ 136 MB/ 18 GB                  [K[?25h[?2026l[?2026h[?25l[A[1Gpulling manifest [K
pulling e9183b5c18a0:   1% ▕                  ▏ 215 MB/ 18 GB                  [K[?25h[?2026l[?2026h[?25l[A[1Gpulling manifest [K
pulling e9183b5c18a0:   1% ▕                  ▏ 251 MB/ 18 GB                  [K[?25h[?2026l[?2026h[?25l[A[1Gpulling manifest [K
pulling e9183b5c18a0:   2% ▕                  ▏ 322 MB/ 18 GB                  [K[?25h[?2026l[?2026h[?25l[A[1Gpulling manifest [K
pulling e9183b5c18a0:   2% ▕                  ▏ 392 MB/ 18 GB                  [K[?25h[?2026l[?2026h[?25l[A[1Gpulling manifest [K
pulling e9183b5c18a0:   2% ▕                  ▏ 421 MB/ 18 GB                  [K[?25h[?2026l[?2026h[?25l[A[1Gpulling manifest [K
pulling e9183b5c18a0:   3% ▕                  ▏ 490 MB/ 18 GB                  [K[?25h[?2026l[?2026h[?25l[A[1Gpulling manifest [K
pulling e9183b5c18a0:   3% ▕                  ▏ 559 MB/ 18 GB                  [K[?25h[?2026l[?2026h[?25l[A[1Gpulling manifest [K
pulling e9183b5c18a0:   3% ▕                  ▏ 591 MB/ 18 GB                  [K[?25h[?2026l[?2026h[?25l[A[1Gpulling manifest [K
pulling e9183b5c18a0:   4% ▕                  ▏ 663 MB/ 18 GB  625 MB/s     28s[K[?25h[?2026l[?2026h[?25l[A[1Gpulling manifest [K
pulling e9183b5c18a0:   4% ▕                  ▏ 729 MB/ 18 GB  625 MB/s     28s[K[?25h[?2026l[?2026h[?25l[A[1Gpulling manifest [K
pulling e9183b5c18a0:   4% ▕                  ▏ 763 MB/ 18 GB  625 MB/s     28s[K[?25h[?2026l[?2026h[?25l[A[1Gpulling manifest [K
pulling e9183b5c18a0:   4% ▕                  ▏ 835 MB/ 18 GB  625 MB/s     28s[K[?25h[?2026l[?2026h[?25l[A[1Gpulling manifest [K
pulling e9183b5c18a0:   5% ▕                  ▏ 890 MB/ 18 GB  625 MB/s     28s[K[?25h[?2026l[?2026h[?25l[A[1Gpulling manifest [K
pulling e9183b5c18a0:   5% ▕                  ▏ 914 MB/ 18 GB  625 MB/s     28s[K[?25h[?2026l[?2026h[?25l[A[1Gpulling manifest [K
pulling e9183b5c18a0:   5% ▕                  ▏ 969 MB/ 18 GB  625 MB/s     28s[K[?25h[?2026l[?2026h[?25l[A[1Gpulling manifest [K
pulling e9183b5c18a0:   5% ▕                  ▏ 1.0 GB/ 18 GB  625 MB/s     28s[K[?25h[?2026l[?2026h[?25l[A[1Gpulling manifest [K
pulling e9183b5c18a0:   6% ▕█                 ▏ 1.1 GB/ 18 GB  625 MB/s     28s[K[?25h[?2026l[?2026h[?25l[A[1Gpulling manifest [K
pulling e9183b5c18a0:   6% ▕█                 ▏ 1.1 GB/ 18 GB  625 MB/s     28s[K[?25h[?2026l[?2026h[?25l[A[1Gpulling manifest [K
pulling e9183b5c18a0:   6% ▕█                 ▏ 1.2 GB/ 18 GB  559 MB/s     31s[K[?25h[?2026l[?2026h[?25l[A[1Gpulling manifest [K
pulling e9183b5c18a0:   6% ▕█                 ▏ 1.2 GB/ 18 GB  559 MB/s     31s[K[?25h[?2026l[?2026h[?25l[A[1Gpulling manifest [K
pulling e9183b5c18a0:   7% ▕█                 ▏ 1.2 GB/ 18 GB  559 MB/s     31s[K[?25h[?2026l[?2026h[?25l[A[1Gpulling manifest [K
pulling e9183b5c18a0:   7% ▕█                 ▏ 1.3 GB/ 18 GB  559 MB/s     30s[K[?25h[?2026l[?2026h[?25l[A[1Gpulling manifest [K
pulling e9183b5c18a0:   7% ▕█                 ▏ 1.3 GB/ 18 GB  559 MB/s     30s[K[?25h[?2026l[?2026h[?25l[A[1Gpulling manifest [K
pulling e9183b5c18a0:   7% ▕█                 ▏ 1.4 GB/ 18 GB  559 MB/s     30s[K[?25h[?2026l[?2026h[?25l[A[1Gpulling manifest [K
pulling e9183b5c18a0:   8% ▕█                 ▏ 1.4 GB/ 18 GB  559 MB/s     30s[K[?25h[?2026l[?2026h[?25l[A[1Gpulling manifest [K
pulling e9183b5c18a0:   8% ▕█                 ▏ 1.4 GB/ 18 GB  559 MB/s     30s[K[?25h[?2026l[?2026h[?25l[A[1Gpulling manifest [K
pulling e9183b5c18a0:   8% ▕█                 ▏ 1.5 GB/ 18 GB  559 MB/s     30s[K[?25h[?2026l[?2026h[?25l[A[1Gpulling manifest [K
pulling e9183b5c18a0:   8% ▕█                 ▏ 1.5 GB/ 18 GB  559 MB/s     30s[K[?25h[?2026l[?2026h[?25l[A[1Gpulling manifest [K
pulling e9183b5c18a0:   8% ▕█                 ▏ 1.6 GB/ 18 GB  559 MB/s     30s[K[?25h[?2026l[?2026h[?25l[A[1Gpulling manifest [K
pulling e9183b5c18a0:   9% ▕█                 ▏ 1.6 GB/ 18 GB  510 MB/s     33s[K[?25h[?2026l[?2026h[?25l[A[1Gpulling manifest [K
pulling e9183b5c18a0:   9% ▕█                 ▏ 1.6 GB/ 18 GB  510 MB/s     33s[K[?25h[?2026l[?2026h[?25l[A[1Gpulling manifest [K
pulling e9183b5c18a0:   9% ▕█                 ▏ 1.7 GB/ 18 GB  510 MB/s     33s[K[?25h[?2026l[?2026h[?25l[A[1Gpulling manifest [K
pulling e9183b5c18a0:   9% ▕█                 ▏ 1.7 GB/ 18 GB  510 MB/s     33s[K[?25h[?2026l[?2026h[?25l[A[1Gpulling manifest [K
pulling e9183b5c18a0:  10% ▕█                 ▏ 1.8 GB/ 18 GB  510 MB/s     32s[K[?25h[?2026l[?2026h[?25l[A[1Gpulling manifest [K
pulling e9183b5c18a0:  10% ▕█                 ▏ 1.8 GB/ 18 GB  510 MB/s     32s[K[?25h[?2026l[?2026h[?25l[A[1Gpulling manifest [K
pulling e9183b5c18a0:  10% ▕█                 ▏ 1.9 GB/ 18 GB  510 MB/s     32s[K[?25h[?2026l[?2026h[?25l[A[1Gpulling manifest [K
pulling e9183b5c18a0:  10% ▕█                 ▏ 2.0 GB/ 18 GB  510 MB/s     32s[K[?25h[?2026l[?2026h[?25l[A[1Gpulling manifest [K
pulling e9183b5c18a0:  11% ▕█                 ▏ 2.0 GB/ 18 GB  510 MB/s     32s[K[?25h[?2026l[?2026h[?25l[A[1Gpulling manifest [K
pulling e9183b5c18a0:  11% ▕█                 ▏ 2.0 GB/ 18 GB  510 MB/s     32s[K[?25h[?2026l[?2026h[?25l[A[1Gpulling manifest [K
pulling e9183b5c18a0:  11% ▕██                ▏ 2.1 GB/ 18 GB  512 MB/s     32s[K[?25h[?2026l[?2026h[?25l[A[1Gpulling manifest [K
pulling e9183b5c18a0:  12% ▕██                ▏ 2.2 GB/ 18 GB  512 MB/s     32s[K[?25h[?2026l[?2026h[?25l[A[1Gpulling manifest [K
pulling e9183b5c18a0:  12% ▕██                ▏ 2.2 GB/ 18 GB  512 MB/s     31s[K[?25h[?2026l[?2026h[?25l[A[1Gpulling manifest [K
pulling e9183b5c18a0:  12% ▕██                ▏ 2.3 GB/ 18 GB  512 MB/s     31s[K[?25h[?2026l[?2026h[?25l[A[1Gpulling manifest [K
pulling e9183b5c18a0:  13% ▕██                ▏ 2.3 GB/ 18 GB  512 MB/s     31s[K[?25h[?2026l[?2026h[?25l[A[1Gpulling manifest [K
pulling e9183b5c18a0:  13% ▕██                ▏ 2.4 GB/ 18 GB  512 MB/s     31s[K[?25h[?2026l[?2026h[?25l[A[1Gpulling manifest [K
pulling e9183b5c18a0:  13% ▕██                ▏ 2.5 GB/ 18 GB  512 MB/s     31s[K[?25h[?2026l[?2026h[?25l[A[1Gpulling manifest [K
pulling e9183b5c18a0:  13% ▕██                ▏ 2.5 GB/ 18 GB  512 MB/s     31s[K[?25h[?2026l[?2026h[?25l[A[1Gpulling manifest [K
pulling e9183b5c18a0:  14% ▕██                ▏ 2.6 GB/ 18 GB  512 MB/s     31s[K[?25h[?2026l[?2026h[?25l[A[1Gpulling manifest [K
pulling e9183b5c18a0:  14% ▕██                ▏ 2.6 GB/ 18 GB  512 MB/s     31s[K[?25h[?2026l[?2026h[?25l[A[1Gpulling manifest [K
pulling e9183b5c18a0:  14% ▕██                ▏ 2.7 GB/ 18 GB  527 MB/s     30s[K[?25h[?2026l[?2026h[?25l[A[1Gpulling manifest [K
pulling e9183b5c18a0:  15% ▕██                ▏ 2.7 GB/ 18 GB  527 MB/s     30s[K[?25h[?2026l[?2026h[?25l[A[1Gpulling manifest [K
pulling e9183b5c18a0:  15% ▕██                ▏ 2.8 GB/ 18 GB  527 MB/s     29s[K[?25h[?2026l[?2026h[?25l[A[1Gpulling manifest [K
pulling e9183b5c18a0:  15% ▕██                ▏ 2.8 GB/ 18 GB  527 MB/s     29s[K[?25h[?2026l[?2026h[?25l[A[1Gpulling manifest [K
pulling e9183b5c18a0:  15% ▕██                ▏ 2.9 GB/ 18 GB  527 MB/s     29s[K[?25h[?2026l[?2026h[?25l[A[1Gpulling manifest [K
pulling e9183b5c18a0:  16% ▕██                ▏ 2.9 GB/ 18 GB  527 MB/s     29s[K[?25h[?2026l[?2026h[?25l[A[1Gpulling manifest [K
pulling e9183b5c18a0:  16% ▕██                ▏ 2.9 GB/ 18 GB  527 MB/s     29s[K[?25h[?2026l[?2026h[?25l[A[1Gpulling manifest [K
pulling e9183b5c18a0:  16% ▕██                ▏ 2.9 GB/ 18 GB  527 MB/s     29s[K[?25h[?2026l[?2026h[?25l[A[1Gpulling manifest [K
pulling e9183b5c18a0:  16% ▕██                ▏ 3.0 GB/ 18 GB  527 MB/s     29s[K[?25h[?2026l[?2026h[?25l[A[1Gpulling manifest [K
pulling e9183b5c18a0:  16% ▕██                ▏ 3.0 GB/ 18 GB  527 MB/s     29s[K[?25h[?2026l[?2026h[?25l[A[1Gpulling manifest [K
pulling e9183b5c18a0:  16% ▕██                ▏ 3.0 GB/ 18 GB  494 MB/s     31s[K[?25h[?2026l[?2026h[?25l[A[1Gpulling manifest [K
pulling e9183b5c18a0:  16% ▕██                ▏ 3.0 GB/ 18 GB  494 MB/s     31s[K[?25h[?2026l[?2026h[?25l[A[1Gpulling manifest [K
pulling e9183b5c18a0:  16% ▕██                ▏ 3.0 GB/ 18 GB  494 MB/s     31s[K[?25h[?2026l[?2026h[?25l[A[1Gpulling manifest [K
pulling e9183b5c18a0:  17% ▕██                ▏ 3.1 GB/ 18 GB  494 MB/s     31s[K[?25h[?2026l[?2026h[?25l[A[1Gpulling manifest [K
pulling e9183b5c18a0:  17% ▕██                ▏ 3.1 GB/ 18 GB  494 MB/s     31s[K[?25h[?2026l[?2026h[?25l[A[1Gpulling manifest [K
pulling e9183b5c18a0:  17% ▕███               ▏ 3.1 GB/ 18 GB  494 MB/s     31s[K[?25h[?2026l[?2026h[?25l[A[1Gpulling manifest [K
pulling e9183b5c18a0:  17% ▕███               ▏ 3.1 GB/ 18 GB  494 MB/s     31s[K[?25h[?2026l[?2026h[?25l[A[1Gpulling manifest [K
pulling e9183b5c18a0:  17% ▕███               ▏ 3.2 GB/ 18 GB  494 MB/s     31s[K[?25h[?2026l[?2026h[?25l[A[1Gpulling manifest [K
pulling e9183b5c18a0:  17% ▕███               ▏ 3.2 GB/ 18 GB  494 MB/s     31s[K[?25h[?2026l[?2026h[?25l[A[1Gpulling manifest [K
pulling e9183b5c18a0:  17% ▕███               ▏ 3.2 GB/ 18 GB  494 MB/s     31s[K[?25h[?2026l[?2026h[?25l[A[1Gpulling manifest [K
pulling e9183b5c18a0:  17% ▕███               ▏ 3.2 GB/ 18 GB  458 MB/s     33s[K[?25h[?2026l[?2026h[?25l[A[1Gpulling manifest [K
pulling e9183b5c18a0:  18% ▕███               ▏ 3.3 GB/ 18 GB  458 MB/s     33s[K[?25h[?2026l[?2026h[?25l[A[1Gpulling manifest [K
pulling e9183b5c18a0:  18% ▕███               ▏ 3.3 GB/ 18 GB  458 MB/s     33s[K[?25h[?2026l[?2026h[?25l[A[1Gpulling manifest [K
pulling e9183b5c18a0:  18% ▕███               ▏ 3.3 GB/ 18 GB  458 MB/s     33s[K[?25h[?2026l[?2026h[?25l[A[1Gpulling manifest [K
pulling e9183b5c18a0:  18% ▕███               ▏ 3.3 GB/ 18 GB  458 MB/s     33s[K[?25h[?2026l[?2026h[?25l[A[1Gpulling manifest [K
pulling e9183b5c18a0:  18% ▕███               ▏ 3.4 GB/ 18 GB  458 MB/s     33s[K[?25h[?2026l[?2026h[?25l[A[1Gpulling manifest [K
pulling e9183b5c18a0:  18% ▕███               ▏ 3.4 GB/ 18 GB  458 MB/s     33s[K[?25h[?2026l[?2026h[?25l[A[1Gpulling manifest [K
pulling e9183b5c18a0:  18% ▕███               ▏ 3.4 GB/ 18 GB  458 MB/s     33s[K[?25h[?2026l[?2026h[?25l[A[1Gpulling manifest [K
pulling e9183b5c18a0:  18% ▕███               ▏ 3.4 GB/ 18 GB  458 MB/s     33s[K[?25h[?2026l[?2026h[?25l[A[1Gpulling manifest [K
pulling e9183b5c18a0:  19% ▕███               ▏ 3.5 GB/ 18 GB  458 MB/s     33s[K[?25h[?2026l[?2026h[?25l[A[1Gpulling manifest [K
pulling e9183b5c18a0:  19% ▕███               ▏ 3.5 GB/ 18 GB  458 MB/s     33s[K[?25h[?2026l[?2026h[?25l[A[1Gpulling manifest [K
pulling e9183b5c18a0:  19% ▕███               ▏ 3.5 GB/ 18 GB  431 MB/s     35s[K[?25h[?2026l[?2026h[?25l[A[1Gpulling manifest [K
pulling e9183b5c18a0:  19% ▕███               ▏ 3.5 GB/ 18 GB  431 MB/s     35s[K[?25h[?2026l[?2026h[?25l[A[1Gpulling manifest [K
pulling e9183b5c18a0:  19% ▕███               ▏ 3.5 GB/ 18 GB  431 MB/s     34s[K[?25h[?2026l[?2026h[?25l[A[1Gpulling manifest [K
pulling e9183b5c18a0:  19% ▕███               ▏ 3.6 GB/ 18 GB  431 MB/s     34s[K[?25h[?2026l[?2026h[?25l[A[1Gpulling manifest [K
pulling e9183b5c18a0:  19% ▕███               ▏ 3.6 GB/ 18 GB  431 MB/s     34s[K[?25h[?2026l[?2026h[?25l[A[1Gpulling manifest [K
pulling e9183b5c18a0:  19% ▕███               ▏ 3.6 GB/ 18 GB  431 MB/s     34s[K[?25h[?2026l[?2026h[?25l[A[1Gpulling manifest [K
pulling e9183b5c18a0:  20% ▕███               ▏ 3.6 GB/ 18 GB  431 MB/s     34s[K[?25h[?2026l[?2026h[?25l[A[1Gpulling manifest [K
pulling e9183b5c18a0:  20% ▕███               ▏ 3.7 GB/ 18 GB  431 MB/s     34s[K[?25h[?2026l[?2026h[?25l[A[1Gpulling manifest [K
pulling e9183b5c18a0:  20% ▕███               ▏ 3.7 GB/ 18 GB  431 MB/s     34s[K[?25h[?2026l[?2026h[?25l[A[1Gpulling manifest [K
pulling e9183b5c18a0:  20% ▕███               ▏ 3.7 GB/ 18 GB  431 MB/s     34s[K[?25h[?2026l[?2026h[?25l[A[1Gpulling manifest [K
pulling e9183b5c18a0:  20% ▕███               ▏ 3.7 GB/ 18 GB  410 MB/s     36s[K[?25h[?2026l[?2026h[?25l[A[1Gpulling manifest [K
pulling e9183b5c18a0:  20% ▕███               ▏ 3.8 GB/ 18 GB  410 MB/s     36s[K[?25h[?2026l[?2026h[?25l[A[1Gpulling manifest [K
pulling e9183b5c18a0:  20% ▕███               ▏ 3.8 GB/ 18 GB  410 MB/s     36s[K[?25h[?2026l[?2026h[?25l[A[1Gpulling manifest [K
pulling e9183b5c18a0:  20% ▕███               ▏ 3.8 GB/ 18 GB  410 MB/s     36s[K[?25h[?2026l[?2026h[?25l[A[1Gpulling manifest [K
pulling e9183b5c18a0:  21% ▕███               ▏ 3.8 GB/ 18 GB  410 MB/s     36s[K[?25h[?2026l[?2026h[?25l[A[1Gpulling manifest [K
pulling e9183b5c18a0:  21% ▕███               ▏ 3.9 GB/ 18 GB  410 MB/s     35s[K[?25h[?2026l[?2026h[?25l[A[1Gpulling manifest [K
pulling e9183b5c18a0:  21% ▕███               ▏ 3.9 GB/ 18 GB  410 MB/s     35s[K[?25h[?2026l[?2026h[?25l[A[1Gpulling manifest [K
pulling e9183b5c18a0:  21% ▕███               ▏ 3.9 GB/ 18 GB  410 MB/s     35s[K[?25h[?2026l[?2026h[?25l[A[1Gpulling manifest [K
pulling e9183b5c18a0:  21% ▕███               ▏ 3.9 GB/ 18 GB  410 MB/s     35s[K[?25h[?2026l[?2026h[?25l[A[1Gpulling manifest [K
pulling e9183b5c18a0:  21% ▕███               ▏ 4.0 GB/ 18 GB  410 MB/s     35s[K[?25h[?2026l[?2026h[?25l[A[1Gpulling manifest [K
pulling e9183b5c18a0:  21% ▕███               ▏ 4.0 GB/ 18 GB  367 MB/s     39s[K[?25h[?2026l[?2026h[?25l[A[1Gpulling manifest [K
pulling e9183b5c18a0:  21% ▕███               ▏ 4.0 GB/ 18 GB  367 MB/s     39s[K[?25h[?2026l[?2026h[?25l[A[1Gpulling manifest [K
pulling e9183b5c18a0:  22% ▕███               ▏ 4.0 GB/ 18 GB  367 MB/s     39s[K[?25h[?2026l[?2026h[?25l[A[1Gpulling manifest [K
pulling e9183b5c18a0:  22% ▕███               ▏ 4.0 GB/ 18 GB  367 MB/s     39s[K[?25h[?2026l[?2026h[?25l[A[1Gpulling manifest [K
pulling e9183b5c18a0:  22% ▕███               ▏ 4.1 GB/ 18 GB  367 MB/s     39s[K[?25h[?2026l[?2026h[?25l[A[1Gpulling manifest [K
pulling e9183b5c18a0:  22% ▕███               ▏ 4.1 GB/ 18 GB  367 MB/s     39s[K[?25h[?2026l[?2026h[?25l[A[1Gpulling manifest [K
pulling e9183b5c18a0:  22% ▕███               ▏ 4.1 GB/ 18 GB  367 MB/s     39s[K[?25h[?2026l[?2026h[?25l[A[1Gpulling manifest [K
pulling e9183b5c18a0:  22% ▕████              ▏ 4.1 GB/ 18 GB  367 MB/s     39s[K[?25h[?2026l[?2026h[?25l[A[1Gpulling manifest [K
pulling e9183b5c18a0:  22% ▕████              ▏ 4.2 GB/ 18 GB  367 MB/s     39s[K[?25h[?2026l[?2026h[?25l[A[1Gpulling manifest [K
pulling e9183b5c18a0:  22% ▕████              ▏ 4.2 GB/ 18 GB  367 MB/s     39s[K[?25h[?2026l[?2026h[?25l[A[1Gpulling manifest [K
pulling e9183b5c18a0:  23% ▕████              ▏ 4.2 GB/ 18 GB  339 MB/s     42s[K[?25h[?2026l[?2026h[?25l[A[1Gpulling manifest [K
pulling e9183b5c18a0:  23% ▕████              ▏ 4.2 GB/ 18 GB  339 MB/s     42s[K[?25h[?2026l[?2026h[?25l[A[1Gpulling manifest [K
pulling e9183b5c18a0:  23% ▕████              ▏ 4.3 GB/ 18 GB  339 MB/s     42s[K[?25h[?2026l[?2026h[?25l[A[1Gpulling manifest [K
pulling e9183b5c18a0:  23% ▕████              ▏ 4.3 GB/ 18 GB  339 MB/s     42s[K[?25h[?2026l[?2026h[?25l[A[1Gpulling manifest [K
pulling e9183b5c18a0:  23% ▕████              ▏ 4.3 GB/ 18 GB  339 MB/s     42s[K[?25h[?2026l[?2026h[?25l[A[1Gpulling manifest [K
pulling e9183b5c18a0:  23% ▕████              ▏ 4.3 GB/ 18 GB  339 MB/s     42s[K[?25h[?2026l[?2026h[?25l[A[1Gpulling manifest [K
pulling e9183b5c18a0:  23% ▕████              ▏ 4.4 GB/ 18 GB  339 MB/s     42s[K[?25h[?2026l[?2026h[?25l[A[1Gpulling manifest [K
pulling e9183b5c18a0:  24% ▕████              ▏ 4.4 GB/ 18 GB  339 MB/s     41s[K[?25h[?2026l[?2026h[?25l[A[1Gpulling manifest [K
pulling e9183b5c18a0:  24% ▕████              ▏ 4.4 GB/ 18 GB  339 MB/s     41s[K[?25h[?2026l[?2026h[?25l[A[1Gpulling manifest [K
pulling e9183b5c18a0:  24% ▕████              ▏ 4.4 GB/ 18 GB  339 MB/s     41s[K[?25h[?2026l[?2026h[?25l[A[1Gpulling manifest [K
pulling e9183b5c18a0:  24% ▕████              ▏ 4.5 GB/ 18 GB  320 MB/s     44s[K[?25h[?2026l[?2026h[?25l[A[1Gpulling manifest [K
pulling e9183b5c18a0:  24% ▕████              ▏ 4.5 GB/ 18 GB  320 MB/s     44s[K[?25h[?2026l[?2026h[?25l[A[1Gpulling manifest [K
pulling e9183b5c18a0:  24% ▕████              ▏ 4.5 GB/ 18 GB  320 MB/s     44s[K[?25h[?2026l[?2026h[?25l[A[1Gpulling manifest [K
pulling e9183b5c18a0:  24% ▕████              ▏ 4.5 GB/ 18 GB  320 MB/s     44s[K[?25h[?2026l[?2026h[?25l[A[1Gpulling manifest [K
pulling e9183b5c18a0:  24% ▕████              ▏ 4.5 GB/ 18 GB  320 MB/s     43s[K[?25h[?2026l[?2026h[?25l[A[1Gpulling manifest [K
pulling e9183b5c18a0:  25% ▕████              ▏ 4.6 GB/ 18 GB  320 MB/s     43s[K[?25h[?2026l[?2026h[?25l[A[1Gpulling manifest [K
pulling e9183b5c18a0:  25% ▕████              ▏ 4.6 GB/ 18 GB  320 MB/s     43s[K[?25h[?2026l[?2026h[?25l[A[1Gpulling manifest [K
pulling e9183b5c18a0:  25% ▕████              ▏ 4.6 GB/ 18 GB  320 MB/s     43s[K[?25h[?2026l[?2026h[?25l[A[1Gpulling manifest [K
pulling e9183b5c18a0:  25% ▕████              ▏ 4.6 GB/ 18 GB  320 MB/s     43s[K[?25h[?2026l[?2026h[?25l[A[1Gpulling manifest [K
pulling e9183b5c18a0:  25% ▕████              ▏ 4.7 GB/ 18 GB  320 MB/s     43s[K[?25h[?2026l[?2026h[?25l[A[1Gpulling manifest [K
pulling e9183b5c18a0:  25% ▕████              ▏ 4.7 GB/ 18 GB  320 MB/s     43s[K[?25h[?2026l[?2026h[?25l[A[1Gpulling manifest [K
pulling e9183b5c18a0:  25% ▕████              ▏ 4.7 GB/ 18 GB  289 MB/s     47s[K[?25h[?2026l[?2026h[?25l[A[1Gpulling manifest [K
pulling e9183b5c18a0:  25% ▕████              ▏ 4.7 GB/ 18 GB  289 MB/s     47s[K[?25h[?2026l[?2026h[?25l[A[1Gpulling manifest [K
pulling e9183b5c18a0:  26% ▕████              ▏ 4.8 GB/ 18 GB  289 MB/s     47s[K[?25h[?2026l[?2026h[?25l[A[1Gpulling manifest [K
pulling e9183b5c18a0:  26% ▕████              ▏ 4.8 GB/ 18 GB  289 MB/s     47s[K[?25h[?2026l[?2026h[?25l[A[1Gpulling manifest [K
pulling e9183b5c18a0:  26% ▕████              ▏ 4.8 GB/ 18 GB  289 MB/s     47s[K[?25h[?2026l[?2026h[?25l[A[1Gpulling manifest [K
pulling e9183b5c18a0:  26% ▕████              ▏ 4.8 GB/ 18 GB  289 MB/s     47s[K[?25h[?2026l[?2026h[?25l[A[1Gpulling manifest [K
pulling e9183b5c18a0:  26% ▕████              ▏ 4.9 GB/ 18 GB  289 MB/s     47s[K[?25h[?2026l[?2026h[?25l[A[1Gpulling manifest [K
pulling e9183b5c18a0:  26% ▕████              ▏ 4.9 GB/ 18 GB  289 MB/s     47s[K[?25h[?2026l[?2026h[?25l[A[1Gpulling manifest [K
pulling e9183b5c18a0:  26% ▕████              ▏ 4.9 GB/ 18 GB  289 MB/s     47s[K[?25h[?2026l[?2026h[?25l[A[1Gpulling manifest [K
pulling e9183b5c18a0:  26% ▕████              ▏ 4.9 GB/ 18 GB  289 MB/s     47s[K[?25h[?2026l[?2026h[?25l[A[1Gpulling manifest [K
pulling e9183b5c18a0:  27% ▕████              ▏ 5.0 GB/ 18 GB  251 MB/s     54s[K[?25h[?2026l[?2026h[?25l[A[1Gpulling manifest [K
pulling e9183b5c18a0:  27% ▕████              ▏ 5.0 GB/ 18 GB  251 MB/s     54s[K[?25h[?2026l[?2026h[?25l[A[1Gpulling manifest [K
pulling e9183b5c18a0:  27% ▕████              ▏ 5.0 GB/ 18 GB  251 MB/s     54s[K[?25h[?2026l[?2026h[?25l[A[1Gpulling manifest [K
pulling e9183b5c18a0:  27% ▕████              ▏ 5.0 GB/ 18 GB  251 MB/s     54s[K[?25h[?2026l[?2026h[?25l[A[1Gpulling manifest [K
pulling e9183b5c18a0:  27% ▕████              ▏ 5.0 GB/ 18 GB  251 MB/s     54s[K[?25h[?2026l[?2026h[?25l[A[1Gpulling manifest [K
pulling e9183b5c18a0:  27% ▕████              ▏ 5.1 GB/ 18 GB  251 MB/s     53s[K[?25h[?2026l[?2026h[?25l[A[1Gpulling manifest [K
pulling e9183b5c18a0:  27% ▕████              ▏ 5.1 GB/ 18 GB  251 MB/s     53s[K[?25h[?2026l[?2026h[?25l[A[1Gpulling manifest [K
pulling e9183b5c18a0:  27% ▕████              ▏ 5.1 GB/ 18 GB  251 MB/s     53s[K[?25h[?2026l[?2026h[?25l[A[1Gpulling manifest [K
pulling e9183b5c18a0:  28% ▕████              ▏ 5.1 GB/ 18 GB  251 MB/s     53s[K[?25h[?2026l[?2026h[?25l[A[1Gpulling manifest [K
pulling e9183b5c18a0:  28% ▕████              ▏ 5.2 GB/ 18 GB  251 MB/s     53s[K[?25h[?2026l[?2026h[?25l[A[1Gpulling manifest [K
pulling e9183b5c18a0:  28% ▕█████             ▏ 5.2 GB/ 18 GB  241 MB/s     55s[K[?25h[?2026l[?2026h[?25l[A[1Gpulling manifest [K
pulling e9183b5c18a0:  28% ▕█████             ▏ 5.2 GB/ 18 GB  241 MB/s     55s[K[?25h[?2026l[?2026h[?25l[A[1Gpulling manifest [K
pulling e9183b5c18a0:  28% ▕█████             ▏ 5.2 GB/ 18 GB  241 MB/s     55s[K[?25h[?2026l[?2026h[?25l[A[1Gpulling manifest [K
pulling e9183b5c18a0:  28% ▕█████             ▏ 5.3 GB/ 18 GB  241 MB/s     55s[K[?25h[?2026l[?2026h[?25l[A[1Gpulling manifest [K
pulling e9183b5c18a0:  28% ▕█████             ▏ 5.3 GB/ 18 GB  241 MB/s     55s[K[?25h[?2026l[?2026h[?25l[A[1Gpulling manifest [K
pulling e9183b5c18a0:  29% ▕█████             ▏ 5.3 GB/ 18 GB  241 MB/s     55s[K[?25h[?2026l[?2026h[?25l[A[1Gpulling manifest [K
pulling e9183b5c18a0:  29% ▕█████             ▏ 5.3 GB/ 18 GB  241 MB/s     54s[K[?25h[?2026l[?2026h[?25l[A[1Gpulling manifest [K
pulling e9183b5c18a0:  29% ▕█████             ▏ 5.4 GB/ 18 GB  241 MB/s     54s[K[?25h[?2026l[?2026h[?25l[A[1Gpulling manifest [K
pulling e9183b5c18a0:  29% ▕█████             ▏ 5.4 GB/ 18 GB  241 MB/s     54s[K[?25h[?2026l[?2026h[?25l[A[1Gpulling manifest [K
pulling e9183b5c18a0:  29% ▕█████             ▏ 5.4 GB/ 18 GB  241 MB/s     54s[K[?25h[?2026l[?2026h[?25l[A[1Gpulling manifest [K
pulling e9183b5c18a0:  29% ▕█████             ▏ 5.4 GB/ 18 GB  242 MB/s     54s[K[?25h[?2026l[?2026h[?25l[A[1Gpulling manifest [K
pulling e9183b5c18a0:  29% ▕█████             ▏ 5.5 GB/ 18 GB  242 MB/s     54s[K[?25h[?2026l[?2026h[?25l[A[1Gpulling manifest [K
pulling e9183b5c18a0:  29% ▕█████             ▏ 5.5 GB/ 18 GB  242 MB/s     54s[K[?25h[?2026l[?2026h[?25l[A[1Gpulling manifest [K
pulling e9183b5c18a0:  30% ▕█████             ▏ 5.5 GB/ 18 GB  242 MB/s     54s[K[?25h[?2026l[?2026h[?25l[A[1Gpulling manifest [K
pulling e9183b5c18a0:  30% ▕█████             ▏ 5.5 GB/ 18 GB  242 MB/s     54s[K[?25h[?2026l[?2026h[?25l[A[1Gpulling manifest [K
pulling e9183b5c18a0:  30% ▕█████             ▏ 5.5 GB/ 18 GB  242 MB/s     54s[K[?25h[?2026l[?2026h[?25l[A[1Gpulling manifest [K
pulling e9183b5c18a0:  30% ▕█████             ▏ 5.6 GB/ 18 GB  242 MB/s     53s[K[?25h[?2026l[?2026h[?25l[A[1Gpulling manifest [K
pulling e9183b5c18a0:  30% ▕█████             ▏ 5.6 GB/ 18 GB  242 MB/s     53s[K[?25h[?2026l[?2026h[?25l[A[1Gpulling manifest [K
pulling e9183b5c18a0:  30% ▕█████             ▏ 5.6 GB/ 18 GB  242 MB/s     53s[K[?25h[?2026l[?2026h[?25l[A[1Gpulling manifest [K
pulling e9183b5c18a0:  30% ▕█████             ▏ 5.6 GB/ 18 GB  242 MB/s     53s[K[?25h[?2026l[?2026h[?25l[A[1Gpulling manifest [K
pulling e9183b5c18a0:  30% ▕█████             ▏ 5.7 GB/ 18 GB  241 MB/s     53s[K[?25h[?2026l[?2026h[?25l[A[1Gpulling manifest [K
pulling e9183b5c18a0:  30% ▕█████             ▏ 5.7 GB/ 18 GB  241 MB/s     53s[K[?25h[?2026l[?2026h[?25l[A[1Gpulling manifest [K
pulling e9183b5c18a0:  31% ▕█████             ▏ 5.7 GB/ 18 GB  241 MB/s     53s[K[?25h[?2026l[?2026h[?25l[A[1Gpulling manifest [K
pulling e9183b5c18a0:  31% ▕█████             ▏ 5.7 GB/ 18 GB  241 MB/s     53s[K[?25h[?2026l[?2026h[?25l[A[1Gpulling manifest [K
pulling e9183b5c18a0:  31% ▕█████             ▏ 5.7 GB/ 18 GB  241 MB/s     53s[K[?25h[?2026l[?2026h[?25l[A[1Gpulling manifest [K
pulling e9183b5c18a0:  31% ▕█████             ▏ 5.8 GB/ 18 GB  241 MB/s     53s[K[?25h[?2026l[?2026h[?25l[A[1Gpulling manifest [K
pulling e9183b5c18a0:  31% ▕█████             ▏ 5.8 GB/ 18 GB  241 MB/s     52s[K[?25h[?2026l[?2026h[?25l[A[1Gpulling manifest [K
pulling e9183b5c18a0:  31% ▕█████             ▏ 5.8 GB/ 18 GB  241 MB/s     52s[K[?25h[?2026l[?2026h[?25l[A[1Gpulling manifest [K
pulling e9183b5c18a0:  31% ▕█████             ▏ 5.8 GB/ 18 GB  241 MB/s     52s[K[?25h[?2026l[?2026h[?25l[A[1Gpulling manifest [K
pulling e9183b5c18a0:  32% ▕█████             ▏ 5.9 GB/ 18 GB  241 MB/s     52s[K[?25h[?2026l[?2026h[?25l[A[1Gpulling manifest [K
pulling e9183b5c18a0:  32% ▕█████             ▏ 5.9 GB/ 18 GB  241 MB/s     52s[K[?25h[?2026l[?2026h[?25l[A[1Gpulling manifest [K
pulling e9183b5c18a0:  32% ▕█████             ▏ 5.9 GB/ 18 GB  241 MB/s     52s[K[?25h[?2026l[?2026h[?25l[A[1Gpulling manifest [K
pulling e9183b5c18a0:  32% ▕█████             ▏ 5.9 GB/ 18 GB  241 MB/s     52s[K[?25h[?2026l[?2026h[?25l[A[1Gpulling manifest [K
pulling e9183b5c18a0:  32% ▕█████             ▏ 6.0 GB/ 18 GB  241 MB/s     52s[K[?25h[?2026l[?2026h[?25l[A[1Gpulling manifest [K
pulling e9183b5c18a0:  32% ▕█████             ▏ 6.0 GB/ 18 GB  241 MB/s     52s[K[?25h[?2026l[?2026h[?25l[A[1Gpulling manifest [K
pulling e9183b5c18a0:  32% ▕█████             ▏ 6.0 GB/ 18 GB  241 MB/s     52s[K[?25h[?2026l[?2026h[?25l[A[1Gpulling manifest [K
pulling e9183b5c18a0:  32% ▕█████             ▏ 6.0 GB/ 18 GB  241 MB/s     52s[K[?25h[?2026l[?2026h[?25l[A[1Gpulling manifest [K
pulling e9183b5c18a0:  33% ▕█████             ▏ 6.1 GB/ 18 GB  241 MB/s     51s[K[?25h[?2026l[?2026h[?25l[A[1Gpulling manifest [K
pulling e9183b5c18a0:  33% ▕█████             ▏ 6.1 GB/ 18 GB  241 MB/s     51s[K[?25h[?2026l[?2026h[?25l[A[1Gpulling manifest [K
pulling e9183b5c18a0:  33% ▕█████             ▏ 6.1 GB/ 18 GB  241 MB/s     51s[K[?25h[?2026l[?2026h[?25l[A[1Gpulling manifest [K
pulling e9183b5c18a0:  33% ▕█████             ▏ 6.1 GB/ 18 GB  241 MB/s     51s[K[?25h[?2026l[?2026h[?25l[A[1Gpulling manifest [K
pulling e9183b5c18a0:  33% ▕█████             ▏ 6.2 GB/ 18 GB  242 MB/s     51s[K[?25h[?2026l[?2026h[?25l[A[1Gpulling manifest [K
pulling e9183b5c18a0:  33% ▕█████             ▏ 6.2 GB/ 18 GB  242 MB/s     51s[K[?25h[?2026l[?2026h[?25l[A[1Gpulling manifest [K
pulling e9183b5c18a0:  33% ▕█████             ▏ 6.2 GB/ 18 GB  242 MB/s     51s[K[?25h[?2026l[?2026h[?25l[A[1Gpulling manifest [K
pulling e9183b5c18a0:  33% ▕██████            ▏ 6.2 GB/ 18 GB  242 MB/s     51s[K[?25h[?2026l[?2026h[?25l[A[1Gpulling manifest [K
pulling e9183b5c18a0:  34% ▕██████            ▏ 6.2 GB/ 18 GB  242 MB/s     51s[K[?25h[?2026l[?2026h[?25l[A[1Gpulling manifest [K
pulling e9183b5c18a0:  34% ▕██████            ▏ 6.3 GB/ 18 GB  242 MB/s     51s[K[?25h[?2026l[?2026h[?25l[A[1Gpulling manifest [K
pulling e9183b5c18a0:  34% ▕██████            ▏ 6.3 GB/ 18 GB  242 MB/s     50s[K[?25h[?2026l[?2026h[?25l[A[1Gpulling manifest [K
pulling e9183b5c18a0:  34% ▕██████            ▏ 6.3 GB/ 18 GB  242 MB/s     50s[K[?25h[?2026l[?2026h[?25l[A[1Gpulling manifest [K
pulling e9183b5c18a0:  34% ▕██████            ▏ 6.3 GB/ 18 GB  242 MB/s     50s[K[?25h[?2026l[?2026h[?25l[A[1Gpulling manifest [K
pulling e9183b5c18a0:  34% ▕██████            ▏ 6.4 GB/ 18 GB  242 MB/s     50s[K[?25h[?2026l[?2026h[?25l[A[1Gpulling manifest [K
pulling e9183b5c18a0:  34% ▕██████            ▏ 6.4 GB/ 18 GB  242 MB/s     50s[K[?25h[?2026l[?2026h[?25l[A[1Gpulling manifest [K
pulling e9183b5c18a0:  34% ▕██████            ▏ 6.4 GB/ 18 GB  242 MB/s     50s[K[?25h[?2026l[?2026h[?25l[A[1Gpulling manifest [K
pulling e9183b5c18a0:  35% ▕██████            ▏ 6.4 GB/ 18 GB  242 MB/s     50s[K[?25h[?2026l[?2026h[?25l[A[1Gpulling manifest [K
pulling e9183b5c18a0:  35% ▕██████            ▏ 6.5 GB/ 18 GB  242 MB/s     50s[K[?25h[?2026l[?2026h[?25l[A[1Gpulling manifest [K
pulling e9183b5c18a0:  35% ▕██████            ▏ 6.5 GB/ 18 GB  242 MB/s     50s[K[?25h[?2026l[?2026h[?25l[A[1Gpulling manifest [K
pulling e9183b5c18a0:  35% ▕██████            ▏ 6.5 GB/ 18 GB  242 MB/s     49s[K[?25h[?2026l[?2026h[?25l[A[1Gpulling manifest [K
pulling e9183b5c18a0:  35% ▕██████            ▏ 6.5 GB/ 18 GB  242 MB/s     49s[K[?25h[?2026l[?2026h[?25l[A[1Gpulling manifest [K
pulling e9183b5c18a0:  35% ▕██████            ▏ 6.6 GB/ 18 GB  242 MB/s     49s[K[?25h[?2026l[?2026h[?25l[A[1Gpulling manifest [K
pulling e9183b5c18a0:  35% ▕██████            ▏ 6.6 GB/ 18 GB  242 MB/s     49s[K[?25h[?2026l[?2026h[?25l[A[1Gpulling manifest [K
pulling e9183b5c18a0:  35% ▕██████            ▏ 6.6 GB/ 18 GB  242 MB/s     49s[K[?25h[?2026l[?2026h[?25l[A[1Gpulling manifest [K
pulling e9183b5c18a0:  36% ▕██████            ▏ 6.6 GB/ 18 GB  242 MB/s     49s[K[?25h[?2026l[?2026h[?25l[A[1Gpulling manifest [K
pulling e9183b5c18a0:  36% ▕██████            ▏ 6.7 GB/ 18 GB  242 MB/s     49s[K[?25h[?2026l[?2026h[?25l[A[1Gpulling manifest [K
pulling e9183b5c18a0:  36% ▕██████            ▏ 6.7 GB/ 18 GB  242 MB/s     49s[K[?25h[?2026l[?2026h[?25l[A[1Gpulling manifest [K
pulling e9183b5c18a0:  36% ▕██████            ▏ 6.7 GB/ 18 GB  242 MB/s     49s[K[?25h[?2026l[?2026h[?25l[A[1Gpulling manifest [K
pulling e9183b5c18a0:  36% ▕██████            ▏ 6.7 GB/ 18 GB  242 MB/s     49s[K[?25h[?2026l[?2026h[?25l[A[1Gpulling manifest [K
pulling e9183b5c18a0:  36% ▕██████            ▏ 6.8 GB/ 18 GB  242 MB/s     48s[K[?25h[?2026l[?2026h[?25l[A[1Gpulling manifest [K
pulling e9183b5c18a0:  36% ▕██████            ▏ 6.8 GB/ 18 GB  242 MB/s     48s[K[?25h[?2026l[?2026h[?25l[A[1Gpulling manifest [K
pulling e9183b5c18a0:  37% ▕██████            ▏ 6.8 GB/ 18 GB  242 MB/s     48s[K[?25h[?2026l[?2026h[?25l[A[1Gpulling manifest [K
pulling e9183b5c18a0:  37% ▕██████            ▏ 6.8 GB/ 18 GB  242 MB/s     48s[K[?25h[?2026l[?2026h[?25l[A[1Gpulling manifest [K
pulling e9183b5c18a0:  37% ▕██████            ▏ 6.9 GB/ 18 GB  242 MB/s     48s[K[?25h[?2026l[?2026h[?25l[A[1Gpulling manifest [K
pulling e9183b5c18a0:  37% ▕██████            ▏ 6.9 GB/ 18 GB  242 MB/s     48s[K[?25h[?2026l[?2026h[?25l[A[1Gpulling manifest [K
pulling e9183b5c18a0:  37% ▕██████            ▏ 6.9 GB/ 18 GB  242 MB/s     48s[K[?25h[?2026l[?2026h[?25l[A[1Gpulling manifest [K
pulling e9183b5c18a0:  37% ▕██████            ▏ 6.9 GB/ 18 GB  242 MB/s     48s[K[?25h[?2026l[?2026h[?25l[A[1Gpulling manifest [K
pulling e9183b5c18a0:  37% ▕██████            ▏ 7.0 GB/ 18 GB  242 MB/s     48s[K[?25h[?2026l[?2026h[?25l[A[1Gpulling manifest [K
pulling e9183b5c18a0:  37% ▕██████            ▏ 7.0 GB/ 18 GB  242 MB/s     48s[K[?25h[?2026l[?2026h[?25l[A[1Gpulling manifest [K
pulling e9183b5c18a0:  38% ▕██████            ▏ 7.0 GB/ 18 GB  242 MB/s     47s[K[?25h[?2026l[?2026h[?25l[A[1Gpulling manifest [K
pulling e9183b5c18a0:  38% ▕██████            ▏ 7.0 GB/ 18 GB  242 MB/s     47s[K[?25h[?2026l[?2026h[?25l[A[1Gpulling manifest [K
pulling e9183b5c18a0:  38% ▕██████            ▏ 7.0 GB/ 18 GB  242 MB/s     47s[K[?25h[?2026l[?2026h[?25l[A[1Gpulling manifest [K
pulling e9183b5c18a0:  38% ▕██████            ▏ 7.1 GB/ 18 GB  242 MB/s     47s[K[?25h[?2026l[?2026h[?25l[A[1Gpulling manifest [K
pulling e9183b5c18a0:  38% ▕██████            ▏ 7.1 GB/ 18 GB  242 MB/s     47s[K[?25h[?2026l[?2026h[?25l[A[1Gpulling manifest [K
pulling e9183b5c18a0:  38% ▕██████            ▏ 7.1 GB/ 18 GB  242 MB/s     47s[K[?25h[?2026l[?2026h[?25l[A[1Gpulling manifest [K
pulling e9183b5c18a0:  38% ▕██████            ▏ 7.1 GB/ 18 GB  242 MB/s     47s[K[?25h[?2026l[?2026h[?25l[A[1Gpulling manifest [K
pulling e9183b5c18a0:  38% ▕██████            ▏ 7.2 GB/ 18 GB  242 MB/s     47s[K[?25h[?2026l[?2026h[?25l[A[1Gpulling manifest [K
pulling e9183b5c18a0:  39% ▕██████            ▏ 7.2 GB/ 18 GB  242 MB/s     47s[K[?25h[?2026l[?2026h[?25l[A[1Gpulling manifest [K
pulling e9183b5c18a0:  39% ▕██████            ▏ 7.2 GB/ 18 GB  242 MB/s     47s[K[?25h[?2026l[?2026h[?25l[A[1Gpulling manifest [K
pulling e9183b5c18a0:  39% ▕██████            ▏ 7.2 GB/ 18 GB  242 MB/s     46s[K[?25h[?2026l[?2026h[?25l[A[1Gpulling manifest [K
pulling e9183b5c18a0:  39% ▕███████           ▏ 7.3 GB/ 18 GB  242 MB/s     46s[K[?25h[?2026l[?2026h[?25l[A[1Gpulling manifest [K
pulling e9183b5c18a0:  39% ▕███████           ▏ 7.3 GB/ 18 GB  242 MB/s     46s[K[?25h[?2026l[?2026h[?25l[A[1Gpulling manifest [K
pulling e9183b5c18a0:  39% ▕███████           ▏ 7.3 GB/ 18 GB  242 MB/s     46s[K[?25h[?2026l[?2026h[?25l[A[1Gpulling manifest [K
pulling e9183b5c18a0:  39% ▕███████           ▏ 7.3 GB/ 18 GB  242 MB/s     46s[K[?25h[?2026l[?2026h[?25l[A[1Gpulling manifest [K
pulling e9183b5c18a0:  39% ▕███████           ▏ 7.4 GB/ 18 GB  242 MB/s     46s[K[?25h[?2026l[?2026h[?25l[A[1Gpulling manifest [K
pulling e9183b5c18a0:  40% ▕███████           ▏ 7.4 GB/ 18 GB  242 MB/s     46s[K[?25h[?2026l[?2026h[?25l[A[1Gpulling manifest [K
pulling e9183b5c18a0:  40% ▕███████           ▏ 7.4 GB/ 18 GB  242 MB/s     46s[K[?25h[?2026l[?2026h[?25l[A[1Gpulling manifest [K
pulling e9183b5c18a0:  40% ▕███████           ▏ 7.4 GB/ 18 GB  242 MB/s     46s[K[?25h[?2026l[?2026h[?25l[A[1Gpulling manifest [K
pulling e9183b5c18a0:  40% ▕███████           ▏ 7.5 GB/ 18 GB  242 MB/s     46s[K[?25h[?2026l[?2026h[?25l[A[1Gpulling manifest [K
pulling e9183b5c18a0:  40% ▕███████           ▏ 7.5 GB/ 18 GB  242 MB/s     46s[K[?25h[?2026l[?2026h[?25l[A[1Gpulling manifest [K
pulling e9183b5c18a0:  40% ▕███████           ▏ 7.5 GB/ 18 GB  242 MB/s     45s[K[?25h[?2026l[?2026h[?25l[A[1Gpulling manifest [K
pulling e9183b5c18a0:  40% ▕███████           ▏ 7.5 GB/ 18 GB  242 MB/s     45s[K[?25h[?2026l[?2026h[?25l[A[1Gpulling manifest [K
pulling e9183b5c18a0:  40% ▕███████           ▏ 7.5 GB/ 18 GB  242 MB/s     45s[K[?25h[?2026l[?2026h[?25l[A[1Gpulling manifest [K
pulling e9183b5c18a0:  41% ▕███████           ▏ 7.6 GB/ 18 GB  242 MB/s     45s[K[?25h[?2026l[?2026h[?25l[A[1Gpulling manifest [K
pulling e9183b5c18a0:  41% ▕███████           ▏ 7.6 GB/ 18 GB  242 MB/s     45s[K[?25h[?2026l[?2026h[?25l[A[1Gpulling manifest [K
pulling e9183b5c18a0:  41% ▕███████           ▏ 7.6 GB/ 18 GB  242 MB/s     45s[K[?25h[?2026l[?2026h[?25l[A[1Gpulling manifest [K
pulling e9183b5c18a0:  41% ▕███████           ▏ 7.6 GB/ 18 GB  242 MB/s     45s[K[?25h[?2026l[?2026h[?25l[A[1Gpulling manifest [K
pulling e9183b5c18a0:  41% ▕███████           ▏ 7.7 GB/ 18 GB  242 MB/s     45s[K[?25h[?2026l[?2026h[?25l[A[1Gpulling manifest [K
pulling e9183b5c18a0:  41% ▕███████           ▏ 7.7 GB/ 18 GB  242 MB/s     45s[K[?25h[?2026l[?2026h[?25l[A[1Gpulling manifest [K
pulling e9183b5c18a0:  41% ▕███████           ▏ 7.7 GB/ 18 GB  242 MB/s     44s[K[?25h[?2026l[?2026h[?25l[A[1Gpulling manifest [K
pulling e9183b5c18a0:  42% ▕███████           ▏ 7.7 GB/ 18 GB  242 MB/s     44s[K[?25h[?2026l[?2026h[?25l[A[1Gpulling manifest [K
pulling e9183b5c18a0:  42% ▕███████           ▏ 7.8 GB/ 18 GB  242 MB/s     44s[K[?25h[?2026l[?2026h[?25l[A[1Gpulling manifest [K
pulling e9183b5c18a0:  42% ▕███████           ▏ 7.8 GB/ 18 GB  242 MB/s     44s[K[?25h[?2026l[?2026h[?25l[A[1Gpulling manifest [K
pulling e9183b5c18a0:  42% ▕███████           ▏ 7.8 GB/ 18 GB  242 MB/s     44s[K[?25h[?2026l[?2026h[?25l[A[1Gpulling manifest [K
pulling e9183b5c18a0:  42% ▕███████           ▏ 7.8 GB/ 18 GB  242 MB/s     44s[K[?25h[?2026l[?2026h[?25l[A[1Gpulling manifest [K
pulling e9183b5c18a0:  42% ▕███████           ▏ 7.9 GB/ 18 GB  242 MB/s     44s[K[?25h[?2026l[?2026h[?25l[A[1Gpulling manifest [K
pulling e9183b5c18a0:  42% ▕███████           ▏ 7.9 GB/ 18 GB  242 MB/s     44s[K[?25h[?2026l[?2026h[?25l[A[1Gpulling manifest [K
pulling e9183b5c18a0:  42% ▕███████           ▏ 7.9 GB/ 18 GB  242 MB/s     44s[K[?25h[?2026l[?2026h[?25l[A[1Gpulling manifest [K
pulling e9183b5c18a0:  43% ▕███████           ▏ 7.9 GB/ 18 GB  242 MB/s     44s[K[?25h[?2026l[?2026h[?25l[A[1Gpulling manifest [K
pulling e9183b5c18a0:  43% ▕███████           ▏ 8.0 GB/ 18 GB  242 MB/s     43s[K[?25h[?2026l[?2026h[?25l[A[1Gpulling manifest [K
pulling e9183b5c18a0:  43% ▕███████           ▏ 8.0 GB/ 18 GB  242 MB/s     43s[K[?25h[?2026l[?2026h[?25l[A[1Gpulling manifest [K
pulling e9183b5c18a0:  43% ▕███████           ▏ 8.0 GB/ 18 GB  242 MB/s     43s[K[?25h[?2026l[?2026h[?25l[A[1Gpulling manifest [K
pulling e9183b5c18a0:  43% ▕███████           ▏ 8.0 GB/ 18 GB  242 MB/s     43s[K[?25h[?2026l[?2026h[?25l[A[1Gpulling manifest [K
pulling e9183b5c18a0:  43% ▕███████           ▏ 8.0 GB/ 18 GB  242 MB/s     43s[K[?25h[?2026l[?2026h[?25l[A[1Gpulling manifest [K
pulling e9183b5c18a0:  43% ▕███████           ▏ 8.1 GB/ 18 GB  242 MB/s     43s[K[?25h[?2026l[?2026h[?25l[A[1Gpulling manifest [K
pulling e9183b5c18a0:  43% ▕███████           ▏ 8.1 GB/ 18 GB  242 MB/s     43s[K[?25h[?2026l[?2026h[?25l[A[1Gpulling manifest [K
pulling e9183b5c18a0:  44% ▕███████           ▏ 8.1 GB/ 18 GB  242 MB/s     43s[K[?25h[?2026l[?2026h[?25l[A[1Gpulling manifest [K
pulling e9183b5c18a0:  44% ▕███████           ▏ 8.1 GB/ 18 GB  242 MB/s     43s[K[?25h[?2026l[?2026h[?25l[A[1Gpulling manifest [K
pulling e9183b5c18a0:  44% ▕███████           ▏ 8.2 GB/ 18 GB  242 MB/s     43s[K[?25h[?2026l[?2026h[?25l[A[1Gpulling manifest [K
pulling e9183b5c18a0:  44% ▕███████           ▏ 8.2 GB/ 18 GB  242 MB/s     43s[K[?25h[?2026l[?2026h[?25l[A[1Gpulling manifest [K
pulling e9183b5c18a0:  44% ▕███████           ▏ 8.2 GB/ 18 GB  242 MB/s     42s[K[?25h[?2026l[?2026h[?25l[A[1Gpulling manifest [K
pulling e9183b5c18a0:  44% ▕███████           ▏ 8.2 GB/ 18 GB  242 MB/s     42s[K[?25h[?2026l[?2026h[?25l[A[1Gpulling manifest [K
pulling e9183b5c18a0:  44% ▕███████           ▏ 8.2 GB/ 18 GB  242 MB/s     42s[K[?25h[?2026l[?2026h[?25l[A[1Gpulling manifest [K
pulling e9183b5c18a0:  44% ▕███████           ▏ 8.3 GB/ 18 GB  242 MB/s     42s[K[?25h[?2026l[?2026h[?25l[A[1Gpulling manifest [K
pulling e9183b5c18a0:  45% ▕████████          ▏ 8.3 GB/ 18 GB  242 MB/s     42s[K[?25h[?2026l[?2026h[?25l[A[1Gpulling manifest [K
pulling e9183b5c18a0:  45% ▕████████          ▏ 8.3 GB/ 18 GB  242 MB/s     42s[K[?25h[?2026l[?2026h[?25l[A[1Gpulling manifest [K
pulling e9183b5c18a0:  45% ▕████████          ▏ 8.3 GB/ 18 GB  242 MB/s     42s[K[?25h[?2026l[?2026h[?25l[A[1Gpulling manifest [K
pulling e9183b5c18a0:  45% ▕████████          ▏ 8.4 GB/ 18 GB  242 MB/s     42s[K[?25h[?2026l[?2026h[?25l[A[1Gpulling manifest [K
pulling e9183b5c18a0:  45% ▕████████          ▏ 8.4 GB/ 18 GB  242 MB/s     42s[K[?25h[?2026l[?2026h[?25l[A[1Gpulling manifest [K
pulling e9183b5c18a0:  45% ▕████████          ▏ 8.4 GB/ 18 GB  242 MB/s     42s[K[?25h[?2026l[?2026h[?25l[A[1Gpulling manifest [K
pulling e9183b5c18a0:  45% ▕████████          ▏ 8.4 GB/ 18 GB  242 MB/s     41s[K[?25h[?2026l[?2026h[?25l[A[1Gpulling manifest [K
pulling e9183b5c18a0:  45% ▕████████          ▏ 8.5 GB/ 18 GB  242 MB/s     41s[K[?25h[?2026l[?2026h[?25l[A[1Gpulling manifest [K
pulling e9183b5c18a0:  46% ▕████████          ▏ 8.5 GB/ 18 GB  242 MB/s     41s[K[?25h[?2026l[?2026h[?25l[A[1Gpulling manifest [K
pulling e9183b5c18a0:  46% ▕████████          ▏ 8.5 GB/ 18 GB  242 MB/s     41s[K[?25h[?2026l[?2026h[?25l[A[1Gpulling manifest [K
pulling e9183b5c18a0:  46% ▕████████          ▏ 8.5 GB/ 18 GB  242 MB/s     41s[K[?25h[?2026l[?2026h[?25l[A[1Gpulling manifest [K
pulling e9183b5c18a0:  46% ▕████████          ▏ 8.6 GB/ 18 GB  242 MB/s     41s[K[?25h[?2026l[?2026h[?25l[A[1Gpulling manifest [K
pulling e9183b5c18a0:  46% ▕████████          ▏ 8.6 GB/ 18 GB  242 MB/s     41s[K[?25h[?2026l[?2026h[?25l[A[1Gpulling manifest [K
pulling e9183b5c18a0:  46% ▕████████          ▏ 8.6 GB/ 18 GB  242 MB/s     41s[K[?25h[?2026l[?2026h[?25l[A[1Gpulling manifest [K
pulling e9183b5c18a0:  46% ▕████████          ▏ 8.6 GB/ 18 GB  242 MB/s     41s[K[?25h[?2026l[?2026h[?25l[A[1Gpulling manifest [K
pulling e9183b5c18a0:  46% ▕████████          ▏ 8.7 GB/ 18 GB  242 MB/s     41s[K[?25h[?2026l[?2026h[?25l[A[1Gpulling manifest [K
pulling e9183b5c18a0:  47% ▕████████          ▏ 8.7 GB/ 18 GB  242 MB/s     41s[K[?25h[?2026l[?2026h[?25l[A[1Gpulling manifest [K
pulling e9183b5c18a0:  47% ▕████████          ▏ 8.7 GB/ 18 GB  242 MB/s     40s[K[?25h[?2026l[?2026h[?25l[A[1Gpulling manifest [K
pulling e9183b5c18a0:  47% ▕████████          ▏ 8.7 GB/ 18 GB  242 MB/s     40s[K[?25h[?2026l[?2026h[?25l[A[1Gpulling manifest [K
pulling e9183b5c18a0:  47% ▕████████          ▏ 8.7 GB/ 18 GB  242 MB/s     40s[K[?25h[?2026l[?2026h[?25l[A[1Gpulling manifest [K
pulling e9183b5c18a0:  47% ▕████████          ▏ 8.8 GB/ 18 GB  242 MB/s     40s[K[?25h[?2026l[?2026h[?25l[A[1Gpulling manifest [K
pulling e9183b5c18a0:  47% ▕████████          ▏ 8.8 GB/ 18 GB  242 MB/s     40s[K[?25h[?2026l[?2026h[?25l[A[1Gpulling manifest [K
pulling e9183b5c18a0:  47% ▕████████          ▏ 8.8 GB/ 18 GB  241 MB/s     40s[K[?25h[?2026l[?2026h[?25l[A[1Gpulling manifest [K
pulling e9183b5c18a0:  47% ▕████████          ▏ 8.8 GB/ 18 GB  241 MB/s     40s[K[?25h[?2026l[?2026h[?25l[A[1Gpulling manifest [K
pulling e9183b5c18a0:  48% ▕████████          ▏ 8.9 GB/ 18 GB  241 MB/s     40s[K[?25h[?2026l[?2026h[?25l[A[1Gpulling manifest [K
pulling e9183b5c18a0:  48% ▕████████          ▏ 8.9 GB/ 18 GB  241 MB/s     40s[K[?25h[?2026l[?2026h[?25l[A[1Gpulling manifest [K
pulling e9183b5c18a0:  48% ▕████████          ▏ 8.9 GB/ 18 GB  241 MB/s     40s[K[?25h[?2026l[?2026h[?25l[A[1Gpulling manifest [K
pulling e9183b5c18a0:  48% ▕████████          ▏ 8.9 GB/ 18 GB  241 MB/s     40s[K[?25h[?2026l[?2026h[?25l[A[1Gpulling manifest [K
pulling e9183b5c18a0:  48% ▕████████          ▏ 9.0 GB/ 18 GB  241 MB/s     40s[K[?25h[?2026l[?2026h[?25l[A[1Gpulling manifest [K
pulling e9183b5c18a0:  48% ▕████████          ▏ 9.0 GB/ 18 GB  241 MB/s     39s[K[?25h[?2026l[?2026h[?25l[A[1Gpulling manifest [K
pulling e9183b5c18a0:  48% ▕████████          ▏ 9.0 GB/ 18 GB  241 MB/s     39s[K[?25h[?2026l[?2026h[?25l[A[1Gpulling manifest [K
pulling e9183b5c18a0:  48% ▕████████          ▏ 9.0 GB/ 18 GB  241 MB/s     39s[K[?25h[?2026l[?2026h[?25l[A[1Gpulling manifest [K
pulling e9183b5c18a0:  49% ▕████████          ▏ 9.1 GB/ 18 GB  241 MB/s     39s[K[?25h[?2026l[?2026h[?25l[A[1Gpulling manifest [K
pulling e9183b5c18a0:  49% ▕████████          ▏ 9.1 GB/ 18 GB  241 MB/s     39s[K[?25h[?2026l[?2026h[?25l[A[1Gpulling manifest [K
pulling e9183b5c18a0:  49% ▕████████          ▏ 9.1 GB/ 18 GB  241 MB/s     39s[K[?25h[?2026l[?2026h[?25l[A[1Gpulling manifest [K
pulling e9183b5c18a0:  49% ▕████████          ▏ 9.1 GB/ 18 GB  241 MB/s     39s[K[?25h[?2026l[?2026h[?25l[A[1Gpulling manifest [K
pulling e9183b5c18a0:  49% ▕████████          ▏ 9.2 GB/ 18 GB  241 MB/s     39s[K[?25h[?2026l[?2026h[?25l[A[1Gpulling manifest [K
pulling e9183b5c18a0:  49% ▕████████          ▏ 9.2 GB/ 18 GB  241 MB/s     39s[K[?25h[?2026l[?2026h[?25l[A[1Gpulling manifest [K
pulling e9183b5c18a0:  49% ▕████████          ▏ 9.2 GB/ 18 GB  241 MB/s     38s[K[?25h[?2026l[?2026h[?25l[A[1Gpulling manifest [K
pulling e9183b5c18a0:  50% ▕████████          ▏ 9.2 GB/ 18 GB  241 MB/s     38s[K[?25h[?2026l[?2026h[?25l[A[1Gpulling manifest [K
pulling e9183b5c18a0:  50% ▕████████          ▏ 9.2 GB/ 18 GB  241 MB/s     38s[K[?25h[?2026l[?2026h[?25l[A[1Gpulling manifest [K
pulling e9183b5c18a0:  50% ▕████████          ▏ 9.3 GB/ 18 GB  241 MB/s     38s[K[?25h[?2026l[?2026h[?25l[A[1Gpulling manifest [K
pulling e9183b5c18a0:  50% ▕████████          ▏ 9.3 GB/ 18 GB  241 MB/s     38s[K[?25h[?2026l[?2026h[?25l[A[1Gpulling manifest [K
pulling e9183b5c18a0:  50% ▕████████          ▏ 9.3 GB/ 18 GB  241 MB/s     38s[K[?25h[?2026l[?2026h[?25l[A[1Gpulling manifest [K
pulling e9183b5c18a0:  50% ▕█████████         ▏ 9.3 GB/ 18 GB  241 MB/s     38s[K[?25h[?2026l[?2026h[?25l[A[1Gpulling manifest [K
pulling e9183b5c18a0:  50% ▕█████████         ▏ 9.4 GB/ 18 GB  241 MB/s     38s[K[?25h[?2026l[?2026h[?25l[A[1Gpulling manifest [K
pulling e9183b5c18a0:  50% ▕█████████         ▏ 9.4 GB/ 18 GB  241 MB/s     38s[K[?25h[?2026l[?2026h[?25l[A[1Gpulling manifest [K
pulling e9183b5c18a0:  51% ▕█████████         ▏ 9.4 GB/ 18 GB  241 MB/s     38s[K[?25h[?2026l[?2026h[?25l[A[1Gpulling manifest [K
pulling e9183b5c18a0:  51% ▕█████████         ▏ 9.4 GB/ 18 GB  241 MB/s     37s[K[?25h[?2026l[?2026h[?25l[A[1Gpulling manifest [K
pulling e9183b5c18a0:  51% ▕█████████         ▏ 9.5 GB/ 18 GB  241 MB/s     37s[K[?25h[?2026l[?2026h[?25l[A[1Gpulling manifest [K
pulling e9183b5c18a0:  51% ▕█████████         ▏ 9.5 GB/ 18 GB  241 MB/s     37s[K[?25h[?2026l[?2026h[?25l[A[1Gpulling manifest [K
pulling e9183b5c18a0:  51% ▕█████████         ▏ 9.5 GB/ 18 GB  241 MB/s     37s[K[?25h[?2026l[?2026h[?25l[A[1Gpulling manifest [K
pulling e9183b5c18a0:  51% ▕█████████         ▏ 9.5 GB/ 18 GB  241 MB/s     37s[K[?25h[?2026l[?2026h[?25l[A[1Gpulling manifest [K
pulling e9183b5c18a0:  51% ▕█████████         ▏ 9.6 GB/ 18 GB  241 MB/s     37s[K[?25h[?2026l[?2026h[?25l[A[1Gpulling manifest [K
pulling e9183b5c18a0:  51% ▕█████████         ▏ 9.6 GB/ 18 GB  241 MB/s     37s[K[?25h[?2026l[?2026h[?25l[A[1Gpulling manifest [K
pulling e9183b5c18a0:  52% ▕█████████         ▏ 9.6 GB/ 18 GB  241 MB/s     37s[K[?25h[?2026l[?2026h[?25l[A[1Gpulling manifest [K
pulling e9183b5c18a0:  52% ▕█████████         ▏ 9.6 GB/ 18 GB  241 MB/s     37s[K[?25h[?2026l[?2026h[?25l[A[1Gpulling manifest [K
pulling e9183b5c18a0:  52% ▕█████████         ▏ 9.7 GB/ 18 GB  241 MB/s     37s[K[?25h[?2026l[?2026h[?25l[A[1Gpulling manifest [K
pulling e9183b5c18a0:  52% ▕█████████         ▏ 9.7 GB/ 18 GB  241 MB/s     37s[K[?25h[?2026l[?2026h[?25l[A[1Gpulling manifest [K
pulling e9183b5c18a0:  52% ▕█████████         ▏ 9.7 GB/ 18 GB  241 MB/s     36s[K[?25h[?2026l[?2026h[?25l[A[1Gpulling manifest [K
pulling e9183b5c18a0:  52% ▕█████████         ▏ 9.7 GB/ 18 GB  241 MB/s     36s[K[?25h[?2026l[?2026h[?25l[A[1Gpulling manifest [K
pulling e9183b5c18a0:  52% ▕█████████         ▏ 9.7 GB/ 18 GB  241 MB/s     36s[K[?25h[?2026l[?2026h[?25l[A[1Gpulling manifest [K
pulling e9183b5c18a0:  52% ▕█████████         ▏ 9.8 GB/ 18 GB  241 MB/s     36s[K[?25h[?2026l[?2026h[?25l[A[1Gpulling manifest [K
pulling e9183b5c18a0:  53% ▕█████████         ▏ 9.8 GB/ 18 GB  241 MB/s     36s[K[?25h[?2026l[?2026h[?25l[A[1Gpulling manifest [K
pulling e9183b5c18a0:  53% ▕█████████         ▏ 9.8 GB/ 18 GB  241 MB/s     36s[K[?25h[?2026l[?2026h[?25l[A[1Gpulling manifest [K
pulling e9183b5c18a0:  53% ▕█████████         ▏ 9.8 GB/ 18 GB  241 MB/s     36s[K[?25h[?2026l[?2026h[?25l[A[1Gpulling manifest [K
pulling e9183b5c18a0:  53% ▕█████████         ▏ 9.9 GB/ 18 GB  241 MB/s     36s[K[?25h[?2026l[?2026h[?25l[A[1Gpulling manifest [K
pulling e9183b5c18a0:  53% ▕█████████         ▏ 9.9 GB/ 18 GB  241 MB/s     36s[K[?25h[?2026l[?2026h[?25l[A[1Gpulling manifest [K
pulling e9183b5c18a0:  53% ▕█████████         ▏ 9.9 GB/ 18 GB  241 MB/s     36s[K[?25h[?2026l[?2026h[?25l[A[1Gpulling manifest [K
pulling e9183b5c18a0:  53% ▕█████████         ▏ 9.9 GB/ 18 GB  241 MB/s     35s[K[?25h[?2026l[?2026h[?25l[A[1Gpulling manifest [K
pulling e9183b5c18a0:  53% ▕█████████        ▏ 10.0 GB/ 18 GB  241 MB/s     35s[K[?25h[?2026l[?2026h[?25l[A[1Gpulling manifest [K
pulling e9183b5c18a0:  54% ▕█████████        ▏ 10.0 GB/ 18 GB  241 MB/s     35s[K[?25h[?2026l[?2026h[?25l[A[1Gpulling manifest [K
pulling e9183b5c18a0:  54% ▕█████████         ▏  10 GB/ 18 GB  241 MB/s     35s[K[?25h[?2026l[?2026h[?25l[A[1Gpulling manifest [K
pulling e9183b5c18a0:  54% ▕█████████         ▏  10 GB/ 18 GB  241 MB/s     35s[K[?25h[?2026l[?2026h[?25l[A[1Gpulling manifest [K
pulling e9183b5c18a0:  54% ▕█████████         ▏  10 GB/ 18 GB  241 MB/s     35s[K[?25h[?2026l[?2026h[?25l[A[1Gpulling manifest [K
pulling e9183b5c18a0:  54% ▕█████████         ▏  10 GB/ 18 GB  241 MB/s     35s[K[?25h[?2026l[?2026h[?25l[A[1Gpulling manifest [K
pulling e9183b5c18a0:  54% ▕█████████         ▏  10 GB/ 18 GB  241 MB/s     35s[K[?25h[?2026l[?2026h[?25l[A[1Gpulling manifest [K
pulling e9183b5c18a0:  54% ▕█████████         ▏  10 GB/ 18 GB  241 MB/s     35s[K[?25h[?2026l[?2026h[?25l[A[1Gpulling manifest [K
pulling e9183b5c18a0:  55% ▕█████████         ▏  10 GB/ 18 GB  241 MB/s     35s[K[?25h[?2026l[?2026h[?25l[A[1Gpulling manifest [K
pulling e9183b5c18a0:  55% ▕█████████         ▏  10 GB/ 18 GB  241 MB/s     35s[K[?25h[?2026l[?2026h[?25l[A[1Gpulling manifest [K
pulling e9183b5c18a0:  55% ▕█████████         ▏  10 GB/ 18 GB  241 MB/s     34s[K[?25h[?2026l[?2026h[?25l[A[1Gpulling manifest [K
pulling e9183b5c18a0:  55% ▕█████████         ▏  10 GB/ 18 GB  241 MB/s     34s[K[?25h[?2026l[?2026h[?25l[A[1Gpulling manifest [K
pulling e9183b5c18a0:  55% ▕█████████         ▏  10 GB/ 18 GB  241 MB/s     34s[K[?25h[?2026l[?2026h[?25l[A[1Gpulling manifest [K
pulling e9183b5c18a0:  55% ▕█████████         ▏  10 GB/ 18 GB  241 MB/s     34s[K[?25h[?2026l[?2026h[?25l[A[1Gpulling manifest [K
pulling e9183b5c18a0:  55% ▕█████████         ▏  10 GB/ 18 GB  241 MB/s     34s[K[?25h[?2026l[?2026h[?25l[A[1Gpulling manifest [K
pulling e9183b5c18a0:  55% ▕█████████         ▏  10 GB/ 18 GB  241 MB/s     34s[K[?25h[?2026l[?2026h[?25l[A[1Gpulling manifest [K
pulling e9183b5c18a0:  56% ▕█████████         ▏  10 GB/ 18 GB  241 MB/s     34s[K[?25h[?2026l[?2026h[?25l[A[1Gpulling manifest [K
pulling e9183b5c18a0:  56% ▕██████████        ▏  10 GB/ 18 GB  241 MB/s     34s[K[?25h[?2026l[?2026h[?25l[A[1Gpulling manifest [K
pulling e9183b5c18a0:  56% ▕██████████        ▏  10 GB/ 18 GB  241 MB/s     34s[K[?25h[?2026l[?2026h[?25l[A[1Gpulling manifest [K
pulling e9183b5c18a0:  56% ▕██████████        ▏  10 GB/ 18 GB  241 MB/s     33s[K[?25h[?2026l[?2026h[?25l[A[1Gpulling manifest [K
pulling e9183b5c18a0:  56% ▕██████████        ▏  10 GB/ 18 GB  241 MB/s     33s[K[?25h[?2026l[?2026h[?25l[A[1Gpulling manifest [K
pulling e9183b5c18a0:  56% ▕██████████        ▏  10 GB/ 18 GB  241 MB/s     33s[K[?25h[?2026l[?2026h[?25l[A[1Gpulling manifest [K
pulling e9183b5c18a0:  56% ▕██████████        ▏  10 GB/ 18 GB  241 MB/s     33s[K[?25h[?2026l[?2026h[?25l[A[1Gpulling manifest [K
pulling e9183b5c18a0:  56% ▕██████████        ▏  10 GB/ 18 GB  242 MB/s     33s[K[?25h[?2026l[?2026h[?25l[A[1Gpulling manifest [K
pulling e9183b5c18a0:  57% ▕██████████        ▏  10 GB/ 18 GB  242 MB/s     33s[K[?25h[?2026l[?2026h[?25l[A[1Gpulling manifest [K
pulling e9183b5c18a0:  57% ▕██████████        ▏  10 GB/ 18 GB  242 MB/s     33s[K[?25h[?2026l[?2026h[?25l[A[1Gpulling manifest [K
pulling e9183b5c18a0:  57% ▕██████████        ▏  10 GB/ 18 GB  242 MB/s     33s[K[?25h[?2026l[?2026h[?25l[A[1Gpulling manifest [K
pulling e9183b5c18a0:  57% ▕██████████        ▏  10 GB/ 18 GB  242 MB/s     33s[K[?25h[?2026l[?2026h[?25l[A[1Gpulling manifest [K
pulling e9183b5c18a0:  57% ▕██████████        ▏  10 GB/ 18 GB  242 MB/s     33s[K[?25h[?2026l[?2026h[?25l[A[1Gpulling manifest [K
pulling e9183b5c18a0:  57% ▕██████████        ▏  10 GB/ 18 GB  242 MB/s     32s[K[?25h[?2026l[?2026h[?25l[A[1Gpulling manifest [K
pulling e9183b5c18a0:  57% ▕██████████        ▏  10 GB/ 18 GB  242 MB/s     32s[K[?25h[?2026l[?2026h[?25l[A[1Gpulling manifest [K
pulling e9183b5c18a0:  57% ▕██████████        ▏  10 GB/ 18 GB  242 MB/s     32s[K[?25h[?2026l[?2026h[?25l[A[1Gpulling manifest [K
pulling e9183b5c18a0:  58% ▕██████████        ▏  10 GB/ 18 GB  242 MB/s     32s[K[?25h[?2026l[?2026h[?25l[A[1Gpulling manifest [K
pulling e9183b5c18a0:  58% ▕██████████        ▏  10 GB/ 18 GB  242 MB/s     32s[K[?25h[?2026l[?2026h[?25l[A[1Gpulling manifest [K
pulling e9183b5c18a0:  58% ▕██████████        ▏  10 GB/ 18 GB  242 MB/s     32s[K[?25h[?2026l[?2026h[?25l[A[1Gpulling manifest [K
pulling e9183b5c18a0:  58% ▕██████████        ▏  10 GB/ 18 GB  242 MB/s     32s[K[?25h[?2026l[?2026h[?25l[A[1Gpulling manifest [K
pulling e9183b5c18a0:  58% ▕██████████        ▏  10 GB/ 18 GB  242 MB/s     32s[K[?25h[?2026l[?2026h[?25l[A[1Gpulling manifest [K
pulling e9183b5c18a0:  58% ▕██████████        ▏  10 GB/ 18 GB  242 MB/s     32s[K[?25h[?2026l[?2026h[?25l[A[1Gpulling manifest [K
pulling e9183b5c18a0:  58% ▕██████████        ▏  10 GB/ 18 GB  242 MB/s     32s[K[?25h[?2026l[?2026h[?25l[A[1Gpulling manifest [K
pulling e9183b5c18a0:  58% ▕██████████        ▏  10 GB/ 18 GB  242 MB/s     31s[K[?25h[?2026l[?2026h[?25l[A[1Gpulling manifest [K
pulling e9183b5c18a0:  59% ▕██████████        ▏  10 GB/ 18 GB  242 MB/s     31s[K[?25h[?2026l[?2026h[?25l[A[1Gpulling manifest [K
pulling e9183b5c18a0:  59% ▕██████████        ▏  10 GB/ 18 GB  242 MB/s     31s[K[?25h[?2026l[?2026h[?25l[A[1Gpulling manifest [K
pulling e9183b5c18a0:  59% ▕██████████        ▏  10 GB/ 18 GB  242 MB/s     31s[K[?25h[?2026l[?2026h[?25l[A[1Gpulling manifest [K
pulling e9183b5c18a0:  59% ▕██████████        ▏  10 GB/ 18 GB  242 MB/s     31s[K[?25h[?2026l[?2026h[?25l[A[1Gpulling manifest [K
pulling e9183b5c18a0:  59% ▕██████████        ▏  11 GB/ 18 GB  242 MB/s     31s[K[?25h[?2026l[?2026h[?25l[A[1Gpulling manifest [K
pulling e9183b5c18a0:  59% ▕██████████        ▏  11 GB/ 18 GB  242 MB/s     31s[K[?25h[?2026l[?2026h[?25l[A[1Gpulling manifest [K
pulling e9183b5c18a0:  59% ▕██████████        ▏  11 GB/ 18 GB  242 MB/s     31s[K[?25h[?2026l[?2026h[?25l[A[1Gpulling manifest [K
pulling e9183b5c18a0:  59% ▕██████████        ▏  11 GB/ 18 GB  242 MB/s     31s[K[?25h[?2026l[?2026h[?25l[A[1Gpulling manifest [K
pulling e9183b5c18a0:  60% ▕██████████        ▏  11 GB/ 18 GB  242 MB/s     31s[K[?25h[?2026l[?2026h[?25l[A[1Gpulling manifest [K
pulling e9183b5c18a0:  60% ▕██████████        ▏  11 GB/ 18 GB  242 MB/s     30s[K[?25h[?2026l[?2026h[?25l[A[1Gpulling manifest [K
pulling e9183b5c18a0:  60% ▕██████████        ▏  11 GB/ 18 GB  242 MB/s     30s[K[?25h[?2026l[?2026h[?25l[A[1Gpulling manifest [K
pulling e9183b5c18a0:  60% ▕██████████        ▏  11 GB/ 18 GB  242 MB/s     30s[K[?25h[?2026l[?2026h[?25l[A[1Gpulling manifest [K
pulling e9183b5c18a0:  60% ▕██████████        ▏  11 GB/ 18 GB  242 MB/s     30s[K[?25h[?2026l[?2026h[?25l[A[1Gpulling manifest [K
pulling e9183b5c18a0:  60% ▕██████████        ▏  11 GB/ 18 GB  242 MB/s     30s[K[?25h[?2026l[?2026h[?25l[A[1Gpulling manifest [K
pulling e9183b5c18a0:  60% ▕██████████        ▏  11 GB/ 18 GB  242 MB/s     30s[K[?25h[?2026l[?2026h[?25l[A[1Gpulling manifest [K
pulling e9183b5c18a0:  60% ▕██████████        ▏  11 GB/ 18 GB  242 MB/s     30s[K[?25h[?2026l[?2026h[?25l[A[1Gpulling manifest [K
pulling e9183b5c18a0:  61% ▕██████████        ▏  11 GB/ 18 GB  242 MB/s     30s[K[?25h[?2026l[?2026h[?25l[A[1Gpulling manifest [K
pulling e9183b5c18a0:  61% ▕██████████        ▏  11 GB/ 18 GB  242 MB/s     30s[K[?25h[?2026l[?2026h[?25l[A[1Gpulling manifest [K
pulling e9183b5c18a0:  61% ▕██████████        ▏  11 GB/ 18 GB  242 MB/s     30s[K[?25h[?2026l[?2026h[?25l[A[1Gpulling manifest [K
pulling e9183b5c18a0:  61% ▕██████████        ▏  11 GB/ 18 GB  242 MB/s     29s[K[?25h[?2026l[?2026h[?25l[A[1Gpulling manifest [K
pulling e9183b5c18a0:  61% ▕███████████       ▏  11 GB/ 18 GB  242 MB/s     29s[K[?25h[?2026l[?2026h[?25l[A[1Gpulling manifest [K
pulling e9183b5c18a0:  61% ▕███████████       ▏  11 GB/ 18 GB  242 MB/s     29s[K[?25h[?2026l[?2026h[?25l[A[1Gpulling manifest [K
pulling e9183b5c18a0:  61% ▕███████████       ▏  11 GB/ 18 GB  242 MB/s     29s[K[?25h[?2026l[?2026h[?25l[A[1Gpulling manifest [K
pulling e9183b5c18a0:  62% ▕███████████       ▏  11 GB/ 18 GB  242 MB/s     29s[K[?25h[?2026l[?2026h[?25l[A[1Gpulling manifest [K
pulling e9183b5c18a0:  62% ▕███████████       ▏  11 GB/ 18 GB  242 MB/s     29s[K[?25h[?2026l[?2026h[?25l[A[1Gpulling manifest [K
pulling e9183b5c18a0:  62% ▕███████████       ▏  11 GB/ 18 GB  242 MB/s     29s[K[?25h[?2026l[?2026h[?25l[A[1Gpulling manifest [K
pulling e9183b5c18a0:  62% ▕███████████       ▏  11 GB/ 18 GB  242 MB/s     29s[K[?25h[?2026l[?2026h[?25l[A[1Gpulling manifest [K
pulling e9183b5c18a0:  62% ▕███████████       ▏  11 GB/ 18 GB  242 MB/s     29s[K[?25h[?2026l[?2026h[?25l[A[1Gpulling manifest [K
pulling e9183b5c18a0:  62% ▕███████████       ▏  11 GB/ 18 GB  242 MB/s     28s[K[?25h[?2026l[?2026h[?25l[A[1Gpulling manifest [K
pulling e9183b5c18a0:  62% ▕███████████       ▏  11 GB/ 18 GB  242 MB/s     28s[K[?25h[?2026l[?2026h[?25l[A[1Gpulling manifest [K
pulling e9183b5c18a0:  62% ▕███████████       ▏  11 GB/ 18 GB  242 MB/s     28s[K[?25h[?2026l[?2026h[?25l[A[1Gpulling manifest [K
pulling e9183b5c18a0:  63% ▕███████████       ▏  11 GB/ 18 GB  242 MB/s     28s[K[?25h[?2026l[?2026h[?25l[A[1Gpulling manifest [K
pulling e9183b5c18a0:  63% ▕███████████       ▏  11 GB/ 18 GB  242 MB/s     28s[K[?25h[?2026l[?2026h[?25l[A[1Gpulling manifest [K
pulling e9183b5c18a0:  63% ▕███████████       ▏  11 GB/ 18 GB  242 MB/s     28s[K[?25h[?2026l[?2026h[?25l[A[1Gpulling manifest [K
pulling e9183b5c18a0:  63% ▕███████████       ▏  11 GB/ 18 GB  243 MB/s     28s[K[?25h[?2026l[?2026h[?25l[A[1Gpulling manifest [K
pulling e9183b5c18a0:  63% ▕███████████       ▏  11 GB/ 18 GB  243 MB/s     28s[K[?25h[?2026l[?2026h[?25l[A[1Gpulling manifest [K
pulling e9183b5c18a0:  63% ▕███████████       ▏  11 GB/ 18 GB  243 MB/s     28s[K[?25h[?2026l[?2026h[?25l[A[1Gpulling manifest [K
pulling e9183b5c18a0:  63% ▕███████████       ▏  11 GB/ 18 GB  243 MB/s     28s[K[?25h[?2026l[?2026h[?25l[A[1Gpulling manifest [K
pulling e9183b5c18a0:  63% ▕███████████       ▏  11 GB/ 18 GB  243 MB/s     28s[K[?25h[?2026l[?2026h[?25l[A[1Gpulling manifest [K
pulling e9183b5c18a0:  64% ▕███████████       ▏  11 GB/ 18 GB  243 MB/s     27s[K[?25h[?2026l[?2026h[?25l[A[1Gpulling manifest [K
pulling e9183b5c18a0:  64% ▕███████████       ▏  11 GB/ 18 GB  243 MB/s     27s[K[?25h[?2026l[?2026h[?25l[A[1Gpulling manifest [K
pulling e9183b5c18a0:  64% ▕███████████       ▏  11 GB/ 18 GB  243 MB/s     27s[K[?25h[?2026l[?2026h[?25l[A[1Gpulling manifest [K
pulling e9183b5c18a0:  64% ▕███████████       ▏  11 GB/ 18 GB  243 MB/s     27s[K[?25h[?2026l[?2026h[?25l[A[1Gpulling manifest [K
pulling e9183b5c18a0:  64% ▕███████████       ▏  11 GB/ 18 GB  243 MB/s     27s[K[?25h[?2026l[?2026h[?25l[A[1Gpulling manifest [K
pulling e9183b5c18a0:  64% ▕███████████       ▏  11 GB/ 18 GB  243 MB/s     27s[K[?25h[?2026l[?2026h[?25l[A[1Gpulling manifest [K
pulling e9183b5c18a0:  64% ▕███████████       ▏  11 GB/ 18 GB  242 MB/s     27s[K[?25h[?2026l[?2026h[?25l[A[1Gpulling manifest [K
pulling e9183b5c18a0:  64% ▕███████████       ▏  12 GB/ 18 GB  242 MB/s     27s[K[?25h[?2026l[?2026h[?25l[A[1Gpulling manifest [K
pulling e9183b5c18a0:  65% ▕███████████       ▏  12 GB/ 18 GB  242 MB/s     27s[K[?25h[?2026l[?2026h[?25l[A[1Gpulling manifest [K
pulling e9183b5c18a0:  65% ▕███████████       ▏  12 GB/ 18 GB  242 MB/s     27s[K[?25h[?2026l[?2026h[?25l[A[1Gpulling manifest [K
pulling e9183b5c18a0:  65% ▕███████████       ▏  12 GB/ 18 GB  242 MB/s     26s[K[?25h[?2026l[?2026h[?25l[A[1Gpulling manifest [K
pulling e9183b5c18a0:  65% ▕███████████       ▏  12 GB/ 18 GB  242 MB/s     26s[K[?25h[?2026l[?2026h[?25l[A[1Gpulling manifest [K
pulling e9183b5c18a0:  65% ▕███████████       ▏  12 GB/ 18 GB  242 MB/s     26s[K[?25h[?2026l[?2026h[?25l[A[1Gpulling manifest [K
pulling e9183b5c18a0:  65% ▕███████████       ▏  12 GB/ 18 GB  242 MB/s     26s[K[?25h[?2026l[?2026h[?25l[A[1Gpulling manifest [K
pulling e9183b5c18a0:  65% ▕███████████       ▏  12 GB/ 18 GB  242 MB/s     26s[K[?25h[?2026l[?2026h[?25l[A[1Gpulling manifest [K
pulling e9183b5c18a0:  65% ▕███████████       ▏  12 GB/ 18 GB  242 MB/s     26s[K[?25h[?2026l[?2026h[?25l[A[1Gpulling manifest [K
pulling e9183b5c18a0:  66% ▕███████████       ▏  12 GB/ 18 GB  242 MB/s     26s[K[?25h[?2026l[?2026h[?25l[A[1Gpulling manifest [K
pulling e9183b5c18a0:  66% ▕███████████       ▏  12 GB/ 18 GB  242 MB/s     26s[K[?25h[?2026l[?2026h[?25l[A[1Gpulling manifest [K
pulling e9183b5c18a0:  66% ▕███████████       ▏  12 GB/ 18 GB  242 MB/s     26s[K[?25h[?2026l[?2026h[?25l[A[1Gpulling manifest [K
pulling e9183b5c18a0:  66% ▕███████████       ▏  12 GB/ 18 GB  242 MB/s     26s[K[?25h[?2026l[?2026h[?25l[A[1Gpulling manifest [K
pulling e9183b5c18a0:  66% ▕███████████       ▏  12 GB/ 18 GB  242 MB/s     25s[K[?25h[?2026l[?2026h[?25l[A[1Gpulling manifest [K
pulling e9183b5c18a0:  66% ▕███████████       ▏  12 GB/ 18 GB  242 MB/s     25s[K[?25h[?2026l[?2026h[?25l[A[1Gpulling manifest [K
pulling e9183b5c18a0:  66% ▕███████████       ▏  12 GB/ 18 GB  242 MB/s     25s[K[?25h[?2026l[?2026h[?25l[A[1Gpulling manifest [K
pulling e9183b5c18a0:  66% ▕███████████       ▏  12 GB/ 18 GB  242 MB/s     25s[K[?25h[?2026l[?2026h[?25l[A[1Gpulling manifest [K
pulling e9183b5c18a0:  67% ▕███████████       ▏  12 GB/ 18 GB  242 MB/s     25s[K[?25h[?2026l[?2026h[?25l[A[1Gpulling manifest [K
pulling e9183b5c18a0:  67% ▕████████████      ▏  12 GB/ 18 GB  242 MB/s     25s[K[?25h[?2026l[?2026h[?25l[A[1Gpulling manifest [K
pulling e9183b5c18a0:  67% ▕████████████      ▏  12 GB/ 18 GB  242 MB/s     25s[K[?25h[?2026l[?2026h[?25l[A[1Gpulling manifest [K
pulling e9183b5c18a0:  67% ▕████████████      ▏  12 GB/ 18 GB  242 MB/s     25s[K[?25h[?2026l[?2026h[?25l[A[1Gpulling manifest [K
pulling e9183b5c18a0:  67% ▕████████████      ▏  12 GB/ 18 GB  242 MB/s     25s[K[?25h[?2026l[?2026h[?25l[A[1Gpulling manifest [K
pulling e9183b5c18a0:  67% ▕████████████      ▏  12 GB/ 18 GB  242 MB/s     25s[K[?25h[?2026l[?2026h[?25l[A[1Gpulling manifest [K
pulling e9183b5c18a0:  67% ▕████████████      ▏  12 GB/ 18 GB  242 MB/s     25s[K[?25h[?2026l[?2026h[?25l[A[1Gpulling manifest [K
pulling e9183b5c18a0:  68% ▕████████████      ▏  12 GB/ 18 GB  242 MB/s     24s[K[?25h[?2026l[?2026h[?25l[A[1Gpulling manifest [K
pulling e9183b5c18a0:  68% ▕████████████      ▏  12 GB/ 18 GB  242 MB/s     24s[K[?25h[?2026l[?2026h[?25l[A[1Gpulling manifest [K
pulling e9183b5c18a0:  68% ▕████████████      ▏  12 GB/ 18 GB  242 MB/s     24s[K[?25h[?2026l[?2026h[?25l[A[1Gpulling manifest [K
pulling e9183b5c18a0:  68% ▕████████████      ▏  12 GB/ 18 GB  242 MB/s     24s[K[?25h[?2026l[?2026h[?25l[A[1Gpulling manifest [K
pulling e9183b5c18a0:  68% ▕████████████      ▏  12 GB/ 18 GB  242 MB/s     24s[K[?25h[?2026l[?2026h[?25l[A[1Gpulling manifest [K
pulling e9183b5c18a0:  68% ▕████████████      ▏  12 GB/ 18 GB  242 MB/s     24s[K[?25h[?2026l[?2026h[?25l[A[1Gpulling manifest [K
pulling e9183b5c18a0:  68% ▕████████████      ▏  12 GB/ 18 GB  242 MB/s     24s[K[?25h[?2026l[?2026h[?25l[A[1Gpulling manifest [K
pulling e9183b5c18a0:  68% ▕████████████      ▏  12 GB/ 18 GB  242 MB/s     24s[K[?25h[?2026l[?2026h[?25l[A[1Gpulling manifest [K
pulling e9183b5c18a0:  69% ▕████████████      ▏  12 GB/ 18 GB  242 MB/s     24s[K[?25h[?2026l[?2026h[?25l[A[1Gpulling manifest [K
pulling e9183b5c18a0:  69% ▕████████████      ▏  12 GB/ 18 GB  242 MB/s     24s[K[?25h[?2026l[?2026h[?25l[A[1Gpulling manifest [K
pulling e9183b5c18a0:  69% ▕████████████      ▏  12 GB/ 18 GB  242 MB/s     23s[K[?25h[?2026l[?2026h[?25l[A[1Gpulling manifest [K
pulling e9183b5c18a0:  69% ▕████████████      ▏  12 GB/ 18 GB  242 MB/s     23s[K[?25h[?2026l[?2026h[?25l[A[1Gpulling manifest [K
pulling e9183b5c18a0:  69% ▕████████████      ▏  12 GB/ 18 GB  242 MB/s     23s[K[?25h[?2026l[?2026h[?25l[A[1Gpulling manifest [K
pulling e9183b5c18a0:  69% ▕████████████      ▏  12 GB/ 18 GB  242 MB/s     23s[K[?25h[?2026l[?2026h[?25l[A[1Gpulling manifest [K
pulling e9183b5c18a0:  69% ▕████████████      ▏  12 GB/ 18 GB  242 MB/s     23s[K[?25h[?2026l[?2026h[?25l[A[1Gpulling manifest [K
pulling e9183b5c18a0:  69% ▕████████████      ▏  12 GB/ 18 GB  242 MB/s     23s[K[?25h[?2026l[?2026h[?25l[A[1Gpulling manifest [K
pulling e9183b5c18a0:  70% ▕████████████      ▏  12 GB/ 18 GB  242 MB/s     23s[K[?25h[?2026l[?2026h[?25l[A[1Gpulling manifest [K
pulling e9183b5c18a0:  70% ▕████████████      ▏  12 GB/ 18 GB  242 MB/s     23s[K[?25h[?2026l[?2026h[?25l[A[1Gpulling manifest [K
pulling e9183b5c18a0:  70% ▕████████████      ▏  13 GB/ 18 GB  242 MB/s     23s[K[?25h[?2026l[?2026h[?25l[A[1Gpulling manifest [K
pulling e9183b5c18a0:  70% ▕████████████      ▏  13 GB/ 18 GB  242 MB/s     23s[K[?25h[?2026l[?2026h[?25l[A[1Gpulling manifest [K
pulling e9183b5c18a0:  70% ▕████████████      ▏  13 GB/ 18 GB  242 MB/s     22s[K[?25h[?2026l[?2026h[?25l[A[1Gpulling manifest [K
pulling e9183b5c18a0:  70% ▕████████████      ▏  13 GB/ 18 GB  242 MB/s     22s[K[?25h[?2026l[?2026h[?25l[A[1Gpulling manifest [K
pulling e9183b5c18a0:  70% ▕████████████      ▏  13 GB/ 18 GB  242 MB/s     22s[K[?25h[?2026l[?2026h[?25l[A[1Gpulling manifest [K
pulling e9183b5c18a0:  70% ▕████████████      ▏  13 GB/ 18 GB  242 MB/s     22s[K[?25h[?2026l[?2026h[?25l[A[1Gpulling manifest [K
pulling e9183b5c18a0:  71% ▕████████████      ▏  13 GB/ 18 GB  242 MB/s     22s[K[?25h[?2026l[?2026h[?25l[A[1Gpulling manifest [K
pulling e9183b5c18a0:  71% ▕████████████      ▏  13 GB/ 18 GB  242 MB/s     22s[K[?25h[?2026l[?2026h[?25l[A[1Gpulling manifest [K
pulling e9183b5c18a0:  71% ▕████████████      ▏  13 GB/ 18 GB  242 MB/s     22s[K[?25h[?2026l[?2026h[?25l[A[1Gpulling manifest [K
pulling e9183b5c18a0:  71% ▕████████████      ▏  13 GB/ 18 GB  242 MB/s     22s[K[?25h[?2026l[?2026h[?25l[A[1Gpulling manifest [K
pulling e9183b5c18a0:  71% ▕████████████      ▏  13 GB/ 18 GB  242 MB/s     22s[K[?25h[?2026l[?2026h[?25l[A[1Gpulling manifest [K
pulling e9183b5c18a0:  71% ▕████████████      ▏  13 GB/ 18 GB  242 MB/s     22s[K[?25h[?2026l[?2026h[?25l[A[1Gpulling manifest [K
pulling e9183b5c18a0:  71% ▕████████████      ▏  13 GB/ 18 GB  242 MB/s     21s[K[?25h[?2026l[?2026h[?25l[A[1Gpulling manifest [K
pulling e9183b5c18a0:  71% ▕████████████      ▏  13 GB/ 18 GB  242 MB/s     21s[K[?25h[?2026l[?2026h[?25l[A[1Gpulling manifest [K
pulling e9183b5c18a0:  72% ▕████████████      ▏  13 GB/ 18 GB  242 MB/s     21s[K[?25h[?2026l[?2026h[?25l[A[1Gpulling manifest [K
pulling e9183b5c18a0:  72% ▕████████████      ▏  13 GB/ 18 GB  242 MB/s     21s[K[?25h[?2026l[?2026h[?25l[A[1Gpulling manifest [K
pulling e9183b5c18a0:  72% ▕████████████      ▏  13 GB/ 18 GB  242 MB/s     21s[K[?25h[?2026l[?2026h[?25l[A[1Gpulling manifest [K
pulling e9183b5c18a0:  72% ▕████████████      ▏  13 GB/ 18 GB  242 MB/s     21s[K[?25h[?2026l[?2026h[?25l[A[1Gpulling manifest [K
pulling e9183b5c18a0:  72% ▕████████████      ▏  13 GB/ 18 GB  242 MB/s     21s[K[?25h[?2026l[?2026h[?25l[A[1Gpulling manifest [K
pulling e9183b5c18a0:  72% ▕█████████████     ▏  13 GB/ 18 GB  242 MB/s     21s[K[?25h[?2026l[?2026h[?25l[A[1Gpulling manifest [K
pulling e9183b5c18a0:  72% ▕█████████████     ▏  13 GB/ 18 GB  242 MB/s     21s[K[?25h[?2026l[?2026h[?25l[A[1Gpulling manifest [K
pulling e9183b5c18a0:  73% ▕█████████████     ▏  13 GB/ 18 GB  242 MB/s     21s[K[?25h[?2026l[?2026h[?25l[A[1Gpulling manifest [K
pulling e9183b5c18a0:  73% ▕█████████████     ▏  13 GB/ 18 GB  242 MB/s     21s[K[?25h[?2026l[?2026h[?25l[A[1Gpulling manifest [K
pulling e9183b5c18a0:  73% ▕█████████████     ▏  13 GB/ 18 GB  242 MB/s     20s[K[?25h[?2026l[?2026h[?25l[A[1Gpulling manifest [K
pulling e9183b5c18a0:  73% ▕█████████████     ▏  13 GB/ 18 GB  242 MB/s     20s[K[?25h[?2026l[?2026h[?25l[A[1Gpulling manifest [K
pulling e9183b5c18a0:  73% ▕█████████████     ▏  13 GB/ 18 GB  242 MB/s     20s[K[?25h[?2026l[?2026h[?25l[A[1Gpulling manifest [K
pulling e9183b5c18a0:  73% ▕█████████████     ▏  13 GB/ 18 GB  242 MB/s     20s[K[?25h[?2026l[?2026h[?25l[A[1Gpulling manifest [K
pulling e9183b5c18a0:  73% ▕█████████████     ▏  13 GB/ 18 GB  242 MB/s     20s[K[?25h[?2026l[?2026h[?25l[A[1Gpulling manifest [K
pulling e9183b5c18a0:  73% ▕█████████████     ▏  13 GB/ 18 GB  242 MB/s     20s[K[?25h[?2026l[?2026h[?25l[A[1Gpulling manifest [K
pulling e9183b5c18a0:  74% ▕█████████████     ▏  13 GB/ 18 GB  242 MB/s     20s[K[?25h[?2026l[?2026h[?25l[A[1Gpulling manifest [K
pulling e9183b5c18a0:  74% ▕█████████████     ▏  13 GB/ 18 GB  242 MB/s     20s[K[?25h[?2026l[?2026h[?25l[A[1Gpulling manifest [K
pulling e9183b5c18a0:  74% ▕█████████████     ▏  13 GB/ 18 GB  242 MB/s     20s[K[?25h[?2026l[?2026h[?25l[A[1Gpulling manifest [K
pulling e9183b5c18a0:  74% ▕█████████████     ▏  13 GB/ 18 GB  242 MB/s     20s[K[?25h[?2026l[?2026h[?25l[A[1Gpulling manifest [K
pulling e9183b5c18a0:  74% ▕█████████████     ▏  13 GB/ 18 GB  242 MB/s     19s[K[?25h[?2026l[?2026h[?25l[A[1Gpulling manifest [K
pulling e9183b5c18a0:  74% ▕█████████████     ▏  13 GB/ 18 GB  242 MB/s     19s[K[?25h[?2026l[?2026h[?25l[A[1Gpulling manifest [K
pulling e9183b5c18a0:  74% ▕█████████████     ▏  13 GB/ 18 GB  242 MB/s     19s[K[?25h[?2026l[?2026h[?25l[A[1Gpulling manifest [K
pulling e9183b5c18a0:  74% ▕█████████████     ▏  13 GB/ 18 GB  242 MB/s     19s[K[?25h[?2026l[?2026h[?25l[A[1Gpulling manifest [K
pulling e9183b5c18a0:  75% ▕█████████████     ▏  13 GB/ 18 GB  242 MB/s     19s[K[?25h[?2026l[?2026h[?25l[A[1Gpulling manifest [K
pulling e9183b5c18a0:  75% ▕█████████████     ▏  13 GB/ 18 GB  241 MB/s     19s[K[?25h[?2026l[?2026h[?25l[A[1Gpulling manifest [K
pulling e9183b5c18a0:  75% ▕█████████████     ▏  13 GB/ 18 GB  241 MB/s     19s[K[?25h[?2026l[?2026h[?25l[A[1Gpulling manifest [K
pulling e9183b5c18a0:  75% ▕█████████████     ▏  13 GB/ 18 GB  241 MB/s     19s[K[?25h[?2026l[?2026h[?25l[A[1Gpulling manifest [K
pulling e9183b5c18a0:  75% ▕█████████████     ▏  13 GB/ 18 GB  241 MB/s     19s[K[?25h[?2026l[?2026h[?25l[A[1Gpulling manifest [K
pulling e9183b5c18a0:  75% ▕█████████████     ▏  14 GB/ 18 GB  241 MB/s     19s[K[?25h[?2026l[?2026h[?25l[A[1Gpulling manifest [K
pulling e9183b5c18a0:  75% ▕█████████████     ▏  14 GB/ 18 GB  241 MB/s     19s[K[?25h[?2026l[?2026h[?25l[A[1Gpulling manifest [K
pulling e9183b5c18a0:  75% ▕█████████████     ▏  14 GB/ 18 GB  241 MB/s     18s[K[?25h[?2026l[?2026h[?25l[A[1Gpulling manifest [K
pulling e9183b5c18a0:  76% ▕█████████████     ▏  14 GB/ 18 GB  241 MB/s     18s[K[?25h[?2026l[?2026h[?25l[A[1Gpulling manifest [K
pulling e9183b5c18a0:  76% ▕█████████████     ▏  14 GB/ 18 GB  241 MB/s     18s[K[?25h[?2026l[?2026h[?25l[A[1Gpulling manifest [K
pulling e9183b5c18a0:  76% ▕█████████████     ▏  14 GB/ 18 GB  241 MB/s     18s[K[?25h[?2026l[?2026h[?25l[A[1Gpulling manifest [K
pulling e9183b5c18a0:  76% ▕█████████████     ▏  14 GB/ 18 GB  241 MB/s     18s[K[?25h[?2026l[?2026h[?25l[A[1Gpulling manifest [K
pulling e9183b5c18a0:  76% ▕█████████████     ▏  14 GB/ 18 GB  241 MB/s     18s[K[?25h[?2026l[?2026h[?25l[A[1Gpulling manifest [K
pulling e9183b5c18a0:  76% ▕█████████████     ▏  14 GB/ 18 GB  241 MB/s     18s[K[?25h[?2026l[?2026h[?25l[A[1Gpulling manifest [K
pulling e9183b5c18a0:  76% ▕█████████████     ▏  14 GB/ 18 GB  241 MB/s     18s[K[?25h[?2026l[?2026h[?25l[A[1Gpulling manifest [K
pulling e9183b5c18a0:  76% ▕█████████████     ▏  14 GB/ 18 GB  241 MB/s     18s[K[?25h[?2026l[?2026h[?25l[A[1Gpulling manifest [K
pulling e9183b5c18a0:  77% ▕█████████████     ▏  14 GB/ 18 GB  241 MB/s     18s[K[?25h[?2026l[?2026h[?25l[A[1Gpulling manifest [K
pulling e9183b5c18a0:  77% ▕█████████████     ▏  14 GB/ 18 GB  241 MB/s     17s[K[?25h[?2026l[?2026h[?25l[A[1Gpulling manifest [K
pulling e9183b5c18a0:  77% ▕█████████████     ▏  14 GB/ 18 GB  241 MB/s     17s[K[?25h[?2026l[?2026h[?25l[A[1Gpulling manifest [K
pulling e9183b5c18a0:  77% ▕█████████████     ▏  14 GB/ 18 GB  241 MB/s     17s[K[?25h[?2026l[?2026h[?25l[A[1Gpulling manifest [K
pulling e9183b5c18a0:  77% ▕█████████████     ▏  14 GB/ 18 GB  241 MB/s     17s[K[?25h[?2026l[?2026h[?25l[A[1Gpulling manifest [K
pulling e9183b5c18a0:  77% ▕█████████████     ▏  14 GB/ 18 GB  241 MB/s     17s[K[?25h[?2026l[?2026h[?25l[A[1Gpulling manifest [K
pulling e9183b5c18a0:  77% ▕█████████████     ▏  14 GB/ 18 GB  242 MB/s     17s[K[?25h[?2026l[?2026h[?25l[A[1Gpulling manifest [K
pulling e9183b5c18a0:  77% ▕█████████████     ▏  14 GB/ 18 GB  242 MB/s     17s[K[?25h[?2026l[?2026h[?25l[A[1Gpulling manifest [K
pulling e9183b5c18a0:  78% ▕█████████████     ▏  14 GB/ 18 GB  242 MB/s     17s[K[?25h[?2026l[?2026h[?25l[A[1Gpulling manifest [K
pulling e9183b5c18a0:  78% ▕█████████████     ▏  14 GB/ 18 GB  242 MB/s     17s[K[?25h[?2026l[?2026h[?25l[A[1Gpulling manifest [K
pulling e9183b5c18a0:  78% ▕██████████████    ▏  14 GB/ 18 GB  242 MB/s     17s[K[?25h[?2026l[?2026h[?25l[A[1Gpulling manifest [K
pulling e9183b5c18a0:  78% ▕██████████████    ▏  14 GB/ 18 GB  242 MB/s     16s[K[?25h[?2026l[?2026h[?25l[A[1Gpulling manifest [K
pulling e9183b5c18a0:  78% ▕██████████████    ▏  14 GB/ 18 GB  242 MB/s     16s[K[?25h[?2026l[?2026h[?25l[A[1Gpulling manifest [K
pulling e9183b5c18a0:  78% ▕██████████████    ▏  14 GB/ 18 GB  242 MB/s     16s[K[?25h[?2026l[?2026h[?25l[A[1Gpulling manifest [K
pulling e9183b5c18a0:  78% ▕██████████████    ▏  14 GB/ 18 GB  242 MB/s     16s[K[?25h[?2026l[?2026h[?25l[A[1Gpulling manifest [K
pulling e9183b5c18a0:  78% ▕██████████████    ▏  14 GB/ 18 GB  242 MB/s     16s[K[?25h[?2026l[?2026h[?25l[A[1Gpulling manifest [K
pulling e9183b5c18a0:  79% ▕██████████████    ▏  14 GB/ 18 GB  242 MB/s     16s[K[?25h[?2026l[?2026h[?25l[A[1Gpulling manifest [K
pulling e9183b5c18a0:  79% ▕██████████████    ▏  14 GB/ 18 GB  242 MB/s     16s[K[?25h[?2026l[?2026h[?25l[A[1Gpulling manifest [K
pulling e9183b5c18a0:  79% ▕██████████████    ▏  14 GB/ 18 GB  242 MB/s     16s[K[?25h[?2026l[?2026h[?25l[A[1Gpulling manifest [K
pulling e9183b5c18a0:  79% ▕██████████████    ▏  14 GB/ 18 GB  242 MB/s     16s[K[?25h[?2026l[?2026h[?25l[A[1Gpulling manifest [K
pulling e9183b5c18a0:  79% ▕██████████████    ▏  14 GB/ 18 GB  242 MB/s     16s[K[?25h[?2026l[?2026h[?25l[A[1Gpulling manifest [K
pulling e9183b5c18a0:  79% ▕██████████████    ▏  14 GB/ 18 GB  242 MB/s     15s[K[?25h[?2026l[?2026h[?25l[A[1Gpulling manifest [K
pulling e9183b5c18a0:  79% ▕██████████████    ▏  14 GB/ 18 GB  242 MB/s     15s[K[?25h[?2026l[?2026h[?25l[A[1Gpulling manifest [K
pulling e9183b5c18a0:  79% ▕██████████████    ▏  14 GB/ 18 GB  242 MB/s     15s[K[?25h[?2026l[?2026h[?25l[A[1Gpulling manifest [K
pulling e9183b5c18a0:  80% ▕██████████████    ▏  14 GB/ 18 GB  242 MB/s     15s[K[?25h[?2026l[?2026h[?25l[A[1Gpulling manifest [K
pulling e9183b5c18a0:  80% ▕██████████████    ▏  14 GB/ 18 GB  242 MB/s     15s[K[?25h[?2026l[?2026h[?25l[A[1Gpulling manifest [K
pulling e9183b5c18a0:  80% ▕██████████████    ▏  14 GB/ 18 GB  241 MB/s     15s[K[?25h[?2026l[?2026h[?25l[A[1Gpulling manifest [K
pulling e9183b5c18a0:  80% ▕██████████████    ▏  14 GB/ 18 GB  241 MB/s     15s[K[?25h[?2026l[?2026h[?25l[A[1Gpulling manifest [K
pulling e9183b5c18a0:  80% ▕██████████████    ▏  14 GB/ 18 GB  241 MB/s     15s[K[?25h[?2026l[?2026h[?25l[A[1Gpulling manifest [K
pulling e9183b5c18a0:  80% ▕██████████████    ▏  14 GB/ 18 GB  241 MB/s     15s[K[?25h[?2026l[?2026h[?25l[A[1Gpulling manifest [K
pulling e9183b5c18a0:  80% ▕██████████████    ▏  14 GB/ 18 GB  241 MB/s     15s[K[?25h[?2026l[?2026h[?25l[A[1Gpulling manifest [K
pulling e9183b5c18a0:  81% ▕██████████████    ▏  14 GB/ 18 GB  241 MB/s     15s[K[?25h[?2026l[?2026h[?25l[A[1Gpulling manifest [K
pulling e9183b5c18a0:  81% ▕██████████████    ▏  15 GB/ 18 GB  241 MB/s     14s[K[?25h[?2026l[?2026h[?25l[A[1Gpulling manifest [K
pulling e9183b5c18a0:  81% ▕██████████████    ▏  15 GB/ 18 GB  241 MB/s     14s[K[?25h[?2026l[?2026h[?25l[A[1Gpulling manifest [K
pulling e9183b5c18a0:  81% ▕██████████████    ▏  15 GB/ 18 GB  241 MB/s     14s[K[?25h[?2026l[?2026h[?25l[A[1Gpulling manifest [K
pulling e9183b5c18a0:  81% ▕██████████████    ▏  15 GB/ 18 GB  241 MB/s     14s[K[?25h[?2026l[?2026h[?25l[A[1Gpulling manifest [K
pulling e9183b5c18a0:  81% ▕██████████████    ▏  15 GB/ 18 GB  241 MB/s     14s[K[?25h[?2026l[?2026h[?25l[A[1Gpulling manifest [K
pulling e9183b5c18a0:  81% ▕██████████████    ▏  15 GB/ 18 GB  241 MB/s     14s[K[?25h[?2026l[?2026h[?25l[A[1Gpulling manifest [K
pulling e9183b5c18a0:  81% ▕██████████████    ▏  15 GB/ 18 GB  241 MB/s     14s[K[?25h[?2026l[?2026h[?25l[A[1Gpulling manifest [K
pulling e9183b5c18a0:  82% ▕██████████████    ▏  15 GB/ 18 GB  241 MB/s     14s[K[?25h[?2026l[?2026h[?25l[A[1Gpulling manifest [K
pulling e9183b5c18a0:  82% ▕██████████████    ▏  15 GB/ 18 GB  241 MB/s     14s[K[?25h[?2026l[?2026h[?25l[A[1Gpulling manifest [K
pulling e9183b5c18a0:  82% ▕██████████████    ▏  15 GB/ 18 GB  241 MB/s     14s[K[?25h[?2026l[?2026h[?25l[A[1Gpulling manifest [K
pulling e9183b5c18a0:  82% ▕██████████████    ▏  15 GB/ 18 GB  241 MB/s     13s[K[?25h[?2026l[?2026h[?25l[A[1Gpulling manifest [K
pulling e9183b5c18a0:  82% ▕██████████████    ▏  15 GB/ 18 GB  241 MB/s     13s[K[?25h[?2026l[?2026h[?25l[A[1Gpulling manifest [K
pulling e9183b5c18a0:  82% ▕██████████████    ▏  15 GB/ 18 GB  241 MB/s     13s[K[?25h[?2026l[?2026h[?25l[A[1Gpulling manifest [K
pulling e9183b5c18a0:  82% ▕██████████████    ▏  15 GB/ 18 GB  241 MB/s     13s[K[?25h[?2026l[?2026h[?25l[A[1Gpulling manifest [K
pulling e9183b5c18a0:  82% ▕██████████████    ▏  15 GB/ 18 GB  241 MB/s     13s[K[?25h[?2026l[?2026h[?25l[A[1Gpulling manifest [K
pulling e9183b5c18a0:  83% ▕██████████████    ▏  15 GB/ 18 GB  241 MB/s     13s[K[?25h[?2026l[?2026h[?25l[A[1Gpulling manifest [K
pulling e9183b5c18a0:  83% ▕██████████████    ▏  15 GB/ 18 GB  241 MB/s     13s[K[?25h[?2026l[?2026h[?25l[A[1Gpulling manifest [K
pulling e9183b5c18a0:  83% ▕██████████████    ▏  15 GB/ 18 GB  241 MB/s     13s[K[?25h[?2026l[?2026h[?25l[A[1Gpulling manifest [K
pulling e9183b5c18a0:  83% ▕██████████████    ▏  15 GB/ 18 GB  241 MB/s     13s[K[?25h[?2026l[?2026h[?25l[A[1Gpulling manifest [K
pulling e9183b5c18a0:  83% ▕██████████████    ▏  15 GB/ 18 GB  241 MB/s     13s[K[?25h[?2026l[?2026h[?25l[A[1Gpulling manifest [K
pulling e9183b5c18a0:  83% ▕██████████████    ▏  15 GB/ 18 GB  241 MB/s     12s[K[?25h[?2026l[?2026h[?25l[A[1Gpulling manifest [K
pulling e9183b5c18a0:  83% ▕██████████████    ▏  15 GB/ 18 GB  241 MB/s     12s[K[?25h[?2026l[?2026h[?25l[A[1Gpulling manifest [K
pulling e9183b5c18a0:  83% ▕███████████████   ▏  15 GB/ 18 GB  241 MB/s     12s[K[?25h[?2026l[?2026h[?25l[A[1Gpulling manifest [K
pulling e9183b5c18a0:  84% ▕███████████████   ▏  15 GB/ 18 GB  241 MB/s     12s[K[?25h[?2026l[?2026h[?25l[A[1Gpulling manifest [K
pulling e9183b5c18a0:  84% ▕███████████████   ▏  15 GB/ 18 GB  241 MB/s     12s[K[?25h[?2026l[?2026h[?25l[A[1Gpulling manifest [K
pulling e9183b5c18a0:  84% ▕███████████████   ▏  15 GB/ 18 GB  241 MB/s     12s[K[?25h[?2026l[?2026h[?25l[A[1Gpulling manifest [K
pulling e9183b5c18a0:  84% ▕███████████████   ▏  15 GB/ 18 GB  241 MB/s     12s[K[?25h[?2026l[?2026h[?25l[A[1Gpulling manifest [K
pulling e9183b5c18a0:  84% ▕███████████████   ▏  15 GB/ 18 GB  241 MB/s     12s[K[?25h[?2026l[?2026h[?25l[A[1Gpulling manifest [K
pulling e9183b5c18a0:  84% ▕███████████████   ▏  15 GB/ 18 GB  241 MB/s     12s[K[?25h[?2026l[?2026h[?25l[A[1Gpulling manifest [K
pulling e9183b5c18a0:  84% ▕███████████████   ▏  15 GB/ 18 GB  241 MB/s     12s[K[?25h[?2026l[?2026h[?25l[A[1Gpulling manifest [K
pulling e9183b5c18a0:  84% ▕███████████████   ▏  15 GB/ 18 GB  241 MB/s     12s[K[?25h[?2026l[?2026h[?25l[A[1Gpulling manifest [K
pulling e9183b5c18a0:  85% ▕███████████████   ▏  15 GB/ 18 GB  241 MB/s     11s[K[?25h[?2026l[?2026h[?25l[A[1Gpulling manifest [K
pulling e9183b5c18a0:  85% ▕███████████████   ▏  15 GB/ 18 GB  241 MB/s     11s[K[?25h[?2026l[?2026h[?25l[A[1Gpulling manifest [K
pulling e9183b5c18a0:  85% ▕███████████████   ▏  15 GB/ 18 GB  241 MB/s     11s[K[?25h[?2026l[?2026h[?25l[A[1Gpulling manifest [K
pulling e9183b5c18a0:  85% ▕███████████████   ▏  15 GB/ 18 GB  241 MB/s     11s[K[?25h[?2026l[?2026h[?25l[A[1Gpulling manifest [K
pulling e9183b5c18a0:  85% ▕███████████████   ▏  15 GB/ 18 GB  241 MB/s     11s[K[?25h[?2026l[?2026h[?25l[A[1Gpulling manifest [K
pulling e9183b5c18a0:  85% ▕███████████████   ▏  15 GB/ 18 GB  241 MB/s     11s[K[?25h[?2026l[?2026h[?25l[A[1Gpulling manifest [K
pulling e9183b5c18a0:  85% ▕███████████████   ▏  15 GB/ 18 GB  241 MB/s     11s[K[?25h[?2026l[?2026h[?25l[A[1Gpulling manifest [K
pulling e9183b5c18a0:  86% ▕███████████████   ▏  15 GB/ 18 GB  241 MB/s     11s[K[?25h[?2026l[?2026h[?25l[A[1Gpulling manifest [K
pulling e9183b5c18a0:  86% ▕███████████████   ▏  15 GB/ 18 GB  241 MB/s     11s[K[?25h[?2026l[?2026h[?25l[A[1Gpulling manifest [K
pulling e9183b5c18a0:  86% ▕███████████████   ▏  15 GB/ 18 GB  241 MB/s     11s[K[?25h[?2026l[?2026h[?25l[A[1Gpulling manifest [K
pulling e9183b5c18a0:  86% ▕███████████████   ▏  15 GB/ 18 GB  241 MB/s     10s[K[?25h[?2026l[?2026h[?25l[A[1Gpulling manifest [K
pulling e9183b5c18a0:  86% ▕███████████████   ▏  15 GB/ 18 GB  241 MB/s     10s[K[?25h[?2026l[?2026h[?25l[A[1Gpulling manifest [K
pulling e9183b5c18a0:  86% ▕███████████████   ▏  16 GB/ 18 GB  241 MB/s     10s[K[?25h[?2026l[?2026h[?25l[A[1Gpulling manifest [K
pulling e9183b5c18a0:  86% ▕███████████████   ▏  16 GB/ 18 GB  241 MB/s     10s[K[?25h[?2026l[?2026h[?25l[A[1Gpulling manifest [K
pulling e9183b5c18a0:  86% ▕███████████████   ▏  16 GB/ 18 GB  237 MB/s     10s[K[?25h[?2026l[?2026h[?25l[A[1Gpulling manifest [K
pulling e9183b5c18a0:  86% ▕███████████████   ▏  16 GB/ 18 GB  237 MB/s     10s[K[?25h[?2026l[?2026h[?25l[A[1Gpulling manifest [K
pulling e9183b5c18a0:  86% ▕███████████████   ▏  16 GB/ 18 GB  237 MB/s     10s[K[?25h[?2026l[?2026h[?25l[A[1Gpulling manifest [K
pulling e9183b5c18a0:  86% ▕███████████████   ▏  16 GB/ 18 GB  237 MB/s     10s[K[?25h[?2026l[?2026h[?25l[A[1Gpulling manifest [K
pulling e9183b5c18a0:  86% ▕███████████████   ▏  16 GB/ 18 GB  237 MB/s     10s[K[?25h[?2026l[?2026h[?25l[A[1Gpulling manifest [K
pulling e9183b5c18a0:  87% ▕███████████████   ▏  16 GB/ 18 GB  237 MB/s     10s[K[?25h[?2026l[?2026h[?25l[A[1Gpulling manifest [K
pulling e9183b5c18a0:  87% ▕███████████████   ▏  16 GB/ 18 GB  237 MB/s     10s[K[?25h[?2026l[?2026h[?25l[A[1Gpulling manifest [K
pulling e9183b5c18a0:  87% ▕███████████████   ▏  16 GB/ 18 GB  237 MB/s     10s[K[?25h[?2026l[?2026h[?25l[A[1Gpulling manifest [K
pulling e9183b5c18a0:  87% ▕███████████████   ▏  16 GB/ 18 GB  237 MB/s     10s[K[?25h[?2026l[?2026h[?25l[A[1Gpulling manifest [K
pulling e9183b5c18a0:  87% ▕███████████████   ▏  16 GB/ 18 GB  237 MB/s     10s[K[?25h[?2026l[?2026h[?25l[A[1Gpulling manifest [K
pulling e9183b5c18a0:  87% ▕███████████████   ▏  16 GB/ 18 GB  229 MB/s     10s[K[?25h[?2026l[?2026h[?25l[A[1Gpulling manifest [K
pulling e9183b5c18a0:  87% ▕███████████████   ▏  16 GB/ 18 GB  229 MB/s     10s[K[?25h[?2026l[?2026h[?25l[A[1Gpulling manifest [K
pulling e9183b5c18a0:  87% ▕███████████████   ▏  16 GB/ 18 GB  229 MB/s     10s[K[?25h[?2026l[?2026h[?25l[A[1Gpulling manifest [K
pulling e9183b5c18a0:  87% ▕███████████████   ▏  16 GB/ 18 GB  229 MB/s     10s[K[?25h[?2026l[?2026h[?25l[A[1Gpulling manifest [K
pulling e9183b5c18a0:  87% ▕███████████████   ▏  16 GB/ 18 GB  229 MB/s     10s[K[?25h[?2026l[?2026h[?25l[A[1Gpulling manifest [K
pulling e9183b5c18a0:  88% ▕███████████████   ▏  16 GB/ 18 GB  229 MB/s     10s[K[?25h[?2026l[?2026h[?25l[A[1Gpulling manifest [K
pulling e9183b5c18a0:  88% ▕███████████████   ▏  16 GB/ 18 GB  229 MB/s     10s[K[?25h[?2026l[?2026h[?25l[A[1Gpulling manifest [K
pulling e9183b5c18a0:  88% ▕███████████████   ▏  16 GB/ 18 GB  229 MB/s      9s[K[?25h[?2026l[?2026h[?25l[A[1Gpulling manifest [K
pulling e9183b5c18a0:  88% ▕███████████████   ▏  16 GB/ 18 GB  229 MB/s      9s[K[?25h[?2026l[?2026h[?25l[A[1Gpulling manifest [K
pulling e9183b5c18a0:  88% ▕███████████████   ▏  16 GB/ 18 GB  229 MB/s      9s[K[?25h[?2026l[?2026h[?25l[A[1Gpulling manifest [K
pulling e9183b5c18a0:  88% ▕███████████████   ▏  16 GB/ 18 GB  222 MB/s     10s[K[?25h[?2026l[?2026h[?25l[A[1Gpulling manifest [K
pulling e9183b5c18a0:  88% ▕███████████████   ▏  16 GB/ 18 GB  222 MB/s     10s[K[?25h[?2026l[?2026h[?25l[A[1Gpulling manifest [K
pulling e9183b5c18a0:  88% ▕███████████████   ▏  16 GB/ 18 GB  222 MB/s      9s[K[?25h[?2026l[?2026h[?25l[A[1Gpulling manifest [K
pulling e9183b5c18a0:  88% ▕███████████████   ▏  16 GB/ 18 GB  222 MB/s      9s[K[?25h[?2026l[?2026h[?25l[A[1Gpulling manifest [K
pulling e9183b5c18a0:  88% ▕███████████████   ▏  16 GB/ 18 GB  222 MB/s      9s[K[?25h[?2026l[?2026h[?25l[A[1Gpulling manifest [K
pulling e9183b5c18a0:  88% ▕███████████████   ▏  16 GB/ 18 GB  222 MB/s      9s[K[?25h[?2026l[?2026h[?25l[A[1Gpulling manifest [K
pulling e9183b5c18a0:  89% ▕███████████████   ▏  16 GB/ 18 GB  222 MB/s      9s[K[?25h[?2026l[?2026h[?25l[A[1Gpulling manifest [K
pulling e9183b5c18a0:  89% ▕███████████████   ▏  16 GB/ 18 GB  222 MB/s      9s[K[?25h[?2026l[?2026h[?25l[A[1Gpulling manifest [K
pulling e9183b5c18a0:  89% ▕███████████████   ▏  16 GB/ 18 GB  222 MB/s      9s[K[?25h[?2026l[?2026h[?25l[A[1Gpulling manifest [K
pulling e9183b5c18a0:  89% ▕███████████████   ▏  16 GB/ 18 GB  222 MB/s      9s[K[?25h[?2026l[?2026h[?25l[A[1Gpulling manifest [K
pulling e9183b5c18a0:  89% ▕████████████████  ▏  16 GB/ 18 GB  222 MB/s      9s[K[?25h[?2026l[?2026h[?25l[A[1Gpulling manifest [K
pulling e9183b5c18a0:  89% ▕████████████████  ▏  16 GB/ 18 GB  215 MB/s      9s[K[?25h[?2026l[?2026h[?25l[A[1Gpulling manifest [K
pulling e9183b5c18a0:  89% ▕████████████████  ▏  16 GB/ 18 GB  215 MB/s      9s[K[?25h[?2026l[?2026h[?25l[A[1Gpulling manifest [K
pulling e9183b5c18a0:  89% ▕████████████████  ▏  16 GB/ 18 GB  215 MB/s      9s[K[?25h[?2026l[?2026h[?25l[A[1Gpulling manifest [K
pulling e9183b5c18a0:  89% ▕████████████████  ▏  16 GB/ 18 GB  215 MB/s      9s[K[?25h[?2026l[?2026h[?25l[A[1Gpulling manifest [K
pulling e9183b5c18a0:  89% ▕████████████████  ▏  16 GB/ 18 GB  215 MB/s      9s[K[?25h[?2026l[?2026h[?25l[A[1Gpulling manifest [K
pulling e9183b5c18a0:  89% ▕████████████████  ▏  16 GB/ 18 GB  215 MB/s      9s[K[?25h[?2026l[?2026h[?25l[A[1Gpulling manifest [K
pulling e9183b5c18a0:  90% ▕████████████████  ▏  16 GB/ 18 GB  215 MB/s      9s[K[?25h[?2026l[?2026h[?25l[A[1Gpulling manifest [K
pulling e9183b5c18a0:  90% ▕████████████████  ▏  16 GB/ 18 GB  215 MB/s      8s[K[?25h[?2026l[?2026h[?25l[A[1Gpulling manifest [K
pulling e9183b5c18a0:  90% ▕████████████████  ▏  16 GB/ 18 GB  215 MB/s      8s[K[?25h[?2026l[?2026h[?25l[A[1Gpulling manifest [K
pulling e9183b5c18a0:  90% ▕████████████████  ▏  16 GB/ 18 GB  215 MB/s      8s[K[?25h[?2026l[?2026h[?25l[A[1Gpulling manifest [K
pulling e9183b5c18a0:  90% ▕████████████████  ▏  16 GB/ 18 GB  206 MB/s      9s[K[?25h[?2026l[?2026h[?25l[A[1Gpulling manifest [K
pulling e9183b5c18a0:  90% ▕████████████████  ▏  16 GB/ 18 GB  206 MB/s      9s[K[?25h[?2026l[?2026h[?25l[A[1Gpulling manifest [K
pulling e9183b5c18a0:  90% ▕████████████████  ▏  16 GB/ 18 GB  206 MB/s      8s[K[?25h[?2026l[?2026h[?25l[A[1Gpulling manifest [K
pulling e9183b5c18a0:  90% ▕████████████████  ▏  16 GB/ 18 GB  206 MB/s      8s[K[?25h[?2026l[?2026h[?25l[A[1Gpulling manifest [K
pulling e9183b5c18a0:  90% ▕████████████████  ▏  16 GB/ 18 GB  206 MB/s      8s[K[?25h[?2026l[?2026h[?25l[A[1Gpulling manifest [K
pulling e9183b5c18a0:  90% ▕████████████████  ▏  16 GB/ 18 GB  206 MB/s      8s[K[?25h[?2026l[?2026h[?25l[A[1Gpulling manifest [K
pulling e9183b5c18a0:  90% ▕████████████████  ▏  16 GB/ 18 GB  206 MB/s      8s[K[?25h[?2026l[?2026h[?25l[A[1Gpulling manifest [K
pulling e9183b5c18a0:  90% ▕████████████████  ▏  16 GB/ 18 GB  206 MB/s      8s[K[?25h[?2026l[?2026h[?25l[A[1Gpulling manifest [K
pulling e9183b5c18a0:  91% ▕████████████████  ▏  16 GB/ 18 GB  206 MB/s      8s[K[?25h[?2026l[?2026h[?25l[A[1Gpulling manifest [K
pulling e9183b5c18a0:  91% ▕████████████████  ▏  16 GB/ 18 GB  206 MB/s      8s[K[?25h[?2026l[?2026h[?25l[A[1Gpulling manifest [K
pulling e9183b5c18a0:  91% ▕████████████████  ▏  16 GB/ 18 GB  197 MB/s      8s[K[?25h[?2026l[?2026h[?25l[A[1Gpulling manifest [K
pulling e9183b5c18a0:  91% ▕████████████████  ▏  16 GB/ 18 GB  197 MB/s      8s[K[?25h[?2026l[?2026h[?25l[A[1Gpulling manifest [K
pulling e9183b5c18a0:  91% ▕████████████████  ▏  16 GB/ 18 GB  197 MB/s      8s[K[?25h[?2026l[?2026h[?25l[A[1Gpulling manifest [K
pulling e9183b5c18a0:  91% ▕████████████████  ▏  16 GB/ 18 GB  197 MB/s      8s[K[?25h[?2026l[?2026h[?25l[A[1Gpulling manifest [K
pulling e9183b5c18a0:  91% ▕████████████████  ▏  16 GB/ 18 GB  197 MB/s      8s[K[?25h[?2026l[?2026h[?25l[A[1Gpulling manifest [K
pulling e9183b5c18a0:  91% ▕████████████████  ▏  16 GB/ 18 GB  197 MB/s      8s[K[?25h[?2026l[?2026h[?25l[A[1Gpulling manifest [K
pulling e9183b5c18a0:  91% ▕████████████████  ▏  16 GB/ 18 GB  197 MB/s      8s[K[?25h[?2026l[?2026h[?25l[A[1Gpulling manifest [K
pulling e9183b5c18a0:  91% ▕████████████████  ▏  16 GB/ 18 GB  197 MB/s      8s[K[?25h[?2026l[?2026h[?25l[A[1Gpulling manifest [K
pulling e9183b5c18a0:  91% ▕████████████████  ▏  17 GB/ 18 GB  197 MB/s      8s[K[?25h[?2026l[?2026h[?25l[A[1Gpulling manifest [K
pulling e9183b5c18a0:  91% ▕████████████████  ▏  17 GB/ 18 GB  197 MB/s      8s[K[?25h[?2026l[?2026h[?25l[A[1Gpulling manifest [K
pulling e9183b5c18a0:  92% ▕████████████████  ▏  17 GB/ 18 GB  187 MB/s      8s[K[?25h[?2026l[?2026h[?25l[A[1Gpulling manifest [K
pulling e9183b5c18a0:  92% ▕████████████████  ▏  17 GB/ 18 GB  187 MB/s      8s[K[?25h[?2026l[?2026h[?25l[A[1Gpulling manifest [K
pulling e9183b5c18a0:  92% ▕████████████████  ▏  17 GB/ 18 GB  187 MB/s      8s[K[?25h[?2026l[?2026h[?25l[A[1Gpulling manifest [K
pulling e9183b5c18a0:  92% ▕████████████████  ▏  17 GB/ 18 GB  187 MB/s      8s[K[?25h[?2026l[?2026h[?25l[A[1Gpulling manifest [K
pulling e9183b5c18a0:  92% ▕████████████████  ▏  17 GB/ 18 GB  187 MB/s      8s[K[?25h[?2026l[?2026h[?25l[A[1Gpulling manifest [K
pulling e9183b5c18a0:  92% ▕████████████████  ▏  17 GB/ 18 GB  187 MB/s      8s[K[?25h[?2026l[?2026h[?25l[A[1Gpulling manifest [K
pulling e9183b5c18a0:  92% ▕████████████████  ▏  17 GB/ 18 GB  187 MB/s      7s[K[?25h[?2026l[?2026h[?25l[A[1Gpulling manifest [K
pulling e9183b5c18a0:  92% ▕████████████████  ▏  17 GB/ 18 GB  187 MB/s      7s[K[?25h[?2026l[?2026h[?25l[A[1Gpulling manifest [K
pulling e9183b5c18a0:  92% ▕████████████████  ▏  17 GB/ 18 GB  187 MB/s      7s[K[?25h[?2026l[?2026h[?25l[A[1Gpulling manifest [K
pulling e9183b5c18a0:  92% ▕████████████████  ▏  17 GB/ 18 GB  187 MB/s      7s[K[?25h[?2026l[?2026h[?25l[A[1Gpulling manifest [K
pulling e9183b5c18a0:  92% ▕████████████████  ▏  17 GB/ 18 GB  176 MB/s      8s[K[?25h[?2026l[?2026h[?25l[A[1Gpulling manifest [K
pulling e9183b5c18a0:  92% ▕████████████████  ▏  17 GB/ 18 GB  176 MB/s      8s[K[?25h[?2026l[?2026h[?25l[A[1Gpulling manifest [K
pulling e9183b5c18a0:  92% ▕████████████████  ▏  17 GB/ 18 GB  176 MB/s      7s[K[?25h[?2026l[?2026h[?25l[A[1Gpulling manifest [K
pulling e9183b5c18a0:  93% ▕████████████████  ▏  17 GB/ 18 GB  176 MB/s      7s[K[?25h[?2026l[?2026h[?25l[A[1Gpulling manifest [K
pulling e9183b5c18a0:  93% ▕████████████████  ▏  17 GB/ 18 GB  176 MB/s      7s[K[?25h[?2026l[?2026h[?25l[A[1Gpulling manifest [K
pulling e9183b5c18a0:  93% ▕████████████████  ▏  17 GB/ 18 GB  176 MB/s      7s[K[?25h[?2026l[?2026h[?25l[A[1Gpulling manifest [K
pulling e9183b5c18a0:  93% ▕████████████████  ▏  17 GB/ 18 GB  176 MB/s      7s[K[?25h[?2026l[?2026h[?25l[A[1Gpulling manifest [K
pulling e9183b5c18a0:  93% ▕████████████████  ▏  17 GB/ 18 GB  176 MB/s      7s[K[?25h[?2026l[?2026h[?25l[A[1Gpulling manifest [K
pulling e9183b5c18a0:  93% ▕████████████████  ▏  17 GB/ 18 GB  176 MB/s      7s[K[?25h[?2026l[?2026h[?25l[A[1Gpulling manifest [K
pulling e9183b5c18a0:  93% ▕████████████████  ▏  17 GB/ 18 GB  176 MB/s      7s[K[?25h[?2026l[?2026h[?25l[A[1Gpulling manifest [K
pulling e9183b5c18a0:  93% ▕████████████████  ▏  17 GB/ 18 GB  176 MB/s      7s[K[?25h[?2026l[?2026h[?25l[A[1Gpulling manifest [K
pulling e9183b5c18a0:  93% ▕████████████████  ▏  17 GB/ 18 GB  167 MB/s      7s[K[?25h[?2026l[?2026h[?25l[A[1Gpulling manifest [K
pulling e9183b5c18a0:  93% ▕████████████████  ▏  17 GB/ 18 GB  167 MB/s      7s[K[?25h[?2026l[?2026h[?25l[A[1Gpulling manifest [K
pulling e9183b5c18a0:  93% ▕████████████████  ▏  17 GB/ 18 GB  167 MB/s      7s[K[?25h[?2026l[?2026h[?25l[A[1Gpulling manifest [K
pulling e9183b5c18a0:  93% ▕████████████████  ▏  17 GB/ 18 GB  167 MB/s      7s[K[?25h[?2026l[?2026h[?25l[A[1Gpulling manifest [K
pulling e9183b5c18a0:  94% ▕████████████████  ▏  17 GB/ 18 GB  167 MB/s      7s[K[?25h[?2026l[?2026h[?25l[A[1Gpulling manifest [K
pulling e9183b5c18a0:  94% ▕████████████████  ▏  17 GB/ 18 GB  167 MB/s      7s[K[?25h[?2026l[?2026h[?25l[A[1Gpulling manifest [K
pulling e9183b5c18a0:  94% ▕████████████████  ▏  17 GB/ 18 GB  167 MB/s      7s[K[?25h[?2026l[?2026h[?25l[A[1Gpulling manifest [K
pulling e9183b5c18a0:  94% ▕████████████████  ▏  17 GB/ 18 GB  167 MB/s      6s[K[?25h[?2026l[?2026h[?25l[A[1Gpulling manifest [K
pulling e9183b5c18a0:  94% ▕████████████████  ▏  17 GB/ 18 GB  167 MB/s      6s[K[?25h[?2026l[?2026h[?25l[A[1Gpulling manifest [K
pulling e9183b5c18a0:  94% ▕████████████████  ▏  17 GB/ 18 GB  167 MB/s      6s[K[?25h[?2026l[?2026h[?25l[A[1Gpulling manifest [K
pulling e9183b5c18a0:  94% ▕████████████████  ▏  17 GB/ 18 GB  162 MB/s      6s[K[?25h[?2026l[?2026h[?25l[A[1Gpulling manifest [K
pulling e9183b5c18a0:  94% ▕████████████████  ▏  17 GB/ 18 GB  162 MB/s      6s[K[?25h[?2026l[?2026h[?25l[A[1Gpulling manifest [K
pulling e9183b5c18a0:  94% ▕████████████████  ▏  17 GB/ 18 GB  162 MB/s      6s[K[?25h[?2026l[?2026h[?25l[A[1Gpulling manifest [K
pulling e9183b5c18a0:  94% ▕████████████████  ▏  17 GB/ 18 GB  162 MB/s      6s[K[?25h[?2026l[?2026h[?25l[A[1Gpulling manifest [K
pulling e9183b5c18a0:  94% ▕████████████████  ▏  17 GB/ 18 GB  162 MB/s      6s[K[?25h[?2026l[?2026h[?25l[A[1Gpulling manifest [K
pulling e9183b5c18a0:  94% ▕████████████████  ▏  17 GB/ 18 GB  162 MB/s      6s[K[?25h[?2026l[?2026h[?25l[A[1Gpulling manifest [K
pulling e9183b5c18a0:  94% ▕█████████████████ ▏  17 GB/ 18 GB  162 MB/s      6s[K[?25h[?2026l[?2026h[?25l[A[1Gpulling manifest [K
pulling e9183b5c18a0:  95% ▕█████████████████ ▏  17 GB/ 18 GB  162 MB/s      6s[K[?25h[?2026l[?2026h[?25l[A[1Gpulling manifest [K
pulling e9183b5c18a0:  95% ▕█████████████████ ▏  17 GB/ 18 GB  162 MB/s      6s[K[?25h[?2026l[?2026h[?25l[A[1Gpulling manifest [K
pulling e9183b5c18a0:  95% ▕█████████████████ ▏  17 GB/ 18 GB  162 MB/s      6s[K[?25h[?2026l[?2026h[?25l[A[1Gpulling manifest [K
pulling e9183b5c18a0:  95% ▕█████████████████ ▏  17 GB/ 18 GB  158 MB/s      6s[K[?25h[?2026l[?2026h[?25l[A[1Gpulling manifest [K
pulling e9183b5c18a0:  95% ▕█████████████████ ▏  17 GB/ 18 GB  158 MB/s      6s[K[?25h[?2026l[?2026h[?25l[A[1Gpulling manifest [K
pulling e9183b5c18a0:  95% ▕█████████████████ ▏  17 GB/ 18 GB  158 MB/s      6s[K[?25h[?2026l[?2026h[?25l[A[1Gpulling manifest [K
pulling e9183b5c18a0:  95% ▕█████████████████ ▏  17 GB/ 18 GB  158 MB/s      5s[K[?25h[?2026l[?2026h[?25l[A[1Gpulling manifest [K
pulling e9183b5c18a0:  95% ▕█████████████████ ▏  17 GB/ 18 GB  158 MB/s      5s[K[?25h[?2026l[?2026h[?25l[A[1Gpulling manifest [K
pulling e9183b5c18a0:  95% ▕█████████████████ ▏  17 GB/ 18 GB  158 MB/s      5s[K[?25h[?2026l[?2026h[?25l[A[1Gpulling manifest [K
pulling e9183b5c18a0:  95% ▕█████████████████ ▏  17 GB/ 18 GB  158 MB/s      5s[K[?25h[?2026l[?2026h[?25l[A[1Gpulling manifest [K
pulling e9183b5c18a0:  95% ▕█████████████████ ▏  17 GB/ 18 GB  158 MB/s      5s[K[?25h[?2026l[?2026h[?25l[A[1Gpulling manifest [K
pulling e9183b5c18a0:  95% ▕█████████████████ ▏  17 GB/ 18 GB  158 MB/s      5s[K[?25h[?2026l[?2026h[?25l[A[1Gpulling manifest [K
pulling e9183b5c18a0:  95% ▕█████████████████ ▏  17 GB/ 18 GB  158 MB/s      5s[K[?25h[?2026l[?2026h[?25l[A[1Gpulling manifest [K
pulling e9183b5c18a0:  95% ▕█████████████████ ▏  17 GB/ 18 GB  153 MB/s      5s[K[?25h[?2026l[?2026h[?25l[A[1Gpulling manifest [K
pulling e9183b5c18a0:  95% ▕█████████████████ ▏  17 GB/ 18 GB  153 MB/s      5s[K[?25h[?2026l[?2026h[?25l[A[1Gpulling manifest [K
pulling e9183b5c18a0:  96% ▕█████████████████ ▏  17 GB/ 18 GB  153 MB/s      5s[K[?25h[?2026l[?2026h[?25l[A[1Gpulling manifest [K
pulling e9183b5c18a0:  96% ▕█████████████████ ▏  17 GB/ 18 GB  153 MB/s      5s[K[?25h[?2026l[?2026h[?25l[A[1Gpulling manifest [K
pulling e9183b5c18a0:  96% ▕█████████████████ ▏  17 GB/ 18 GB  153 MB/s      5s[K[?25h[?2026l[?2026h[?25l[A[1Gpulling manifest [K
pulling e9183b5c18a0:  96% ▕█████████████████ ▏  17 GB/ 18 GB  153 MB/s      5s[K[?25h[?2026l[?2026h[?25l[A[1Gpulling manifest [K
pulling e9183b5c18a0:  96% ▕█████████████████ ▏  17 GB/ 18 GB  153 MB/s      5s[K[?25h[?2026l[?2026h[?25l[A[1Gpulling manifest [K
pulling e9183b5c18a0:  96% ▕█████████████████ ▏  17 GB/ 18 GB  153 MB/s      5s[K[?25h[?2026l[?2026h[?25l[A[1Gpulling manifest [K
pulling e9183b5c18a0:  96% ▕█████████████████ ▏  17 GB/ 18 GB  153 MB/s      4s[K[?25h[?2026l[?2026h[?25l[A[1Gpulling manifest [K
pulling e9183b5c18a0:  96% ▕█████████████████ ▏  17 GB/ 18 GB  153 MB/s      4s[K[?25h[?2026l[?2026h[?25l[A[1Gpulling manifest [K
pulling e9183b5c18a0:  96% ▕█████████████████ ▏  17 GB/ 18 GB  146 MB/s      5s[K[?25h[?2026l[?2026h[?25l[A[1Gpulling manifest [K
pulling e9183b5c18a0:  96% ▕█████████████████ ▏  17 GB/ 18 GB  146 MB/s      4s[K[?25h[?2026l[?2026h[?25l[A[1Gpulling manifest [K
pulling e9183b5c18a0:  96% ▕█████████████████ ▏  17 GB/ 18 GB  146 MB/s      4s[K[?25h[?2026l[?2026h[?25l[A[1Gpulling manifest [K
pulling e9183b5c18a0:  96% ▕█████████████████ ▏  17 GB/ 18 GB  146 MB/s      4s[K[?25h[?2026l[?2026h[?25l[A[1Gpulling manifest [K
pulling e9183b5c18a0:  96% ▕█████████████████ ▏  17 GB/ 18 GB  146 MB/s      4s[K[?25h[?2026l[?2026h[?25l[A[1Gpulling manifest [K
pulling e9183b5c18a0:  96% ▕█████████████████ ▏  17 GB/ 18 GB  146 MB/s      4s[K[?25h[?2026l[?2026h[?25l[A[1Gpulling manifest [K
pulling e9183b5c18a0:  96% ▕█████████████████ ▏  17 GB/ 18 GB  146 MB/s      4s[K[?25h[?2026l[?2026h[?25l[A[1Gpulling manifest [K
pulling e9183b5c18a0:  96% ▕█████████████████ ▏  17 GB/ 18 GB  146 MB/s      4s[K[?25h[?2026l[?2026h[?25l[A[1Gpulling manifest [K
pulling e9183b5c18a0:  96% ▕█████████████████ ▏  17 GB/ 18 GB  146 MB/s      4s[K[?25h[?2026l[?2026h[?25l[A[1Gpulling manifest [K
pulling e9183b5c18a0:  97% ▕█████████████████ ▏  17 GB/ 18 GB  146 MB/s      4s[K[?25h[?2026l[?2026h[?25l[A[1Gpulling manifest [K
pulling e9183b5c18a0:  97% ▕█████████████████ ▏  17 GB/ 18 GB  146 MB/s      4s[K[?25h[?2026l[?2026h[?25l[A[1Gpulling manifest [K
pulling e9183b5c18a0:  97% ▕█████████████████ ▏  18 GB/ 18 GB  140 MB/s      4s[K[?25h[?2026l[?2026h[?25l[A[1Gpulling manifest [K
pulling e9183b5c18a0:  97% ▕█████████████████ ▏  18 GB/ 18 GB  140 MB/s      4s[K[?25h[?2026l[?2026h[?25l[A[1Gpulling manifest [K
pulling e9183b5c18a0:  97% ▕█████████████████ ▏  18 GB/ 18 GB  140 MB/s      4s[K[?25h[?2026l[?2026h[?25l[A[1Gpulling manifest [K
pulling e9183b5c18a0:  97% ▕█████████████████ ▏  18 GB/ 18 GB  140 MB/s      4s[K[?25h[?2026l[?2026h[?25l[A[1Gpulling manifest [K
pulling e9183b5c18a0:  97% ▕█████████████████ ▏  18 GB/ 18 GB  140 MB/s      3s[K[?25h[?2026l[?2026h[?25l[A[1Gpulling manifest [K
pulling e9183b5c18a0:  97% ▕█████████████████ ▏  18 GB/ 18 GB  140 MB/s      3s[K[?25h[?2026l[?2026h[?25l[A[1Gpulling manifest [K
pulling e9183b5c18a0:  97% ▕█████████████████ ▏  18 GB/ 18 GB  140 MB/s      3s[K[?25h[?2026l[?2026h[?25l[A[1Gpulling manifest [K
pulling e9183b5c18a0:  97% ▕█████████████████ ▏  18 GB/ 18 GB  140 MB/s      3s[K[?25h[?2026l[?2026h[?25l[A[1Gpulling manifest [K
pulling e9183b5c18a0:  97% ▕█████████████████ ▏  18 GB/ 18 GB  140 MB/s      3s[K[?25h[?2026l[?2026h[?25l[A[1Gpulling manifest [K
pulling e9183b5c18a0:  97% ▕█████████████████ ▏  18 GB/ 18 GB  140 MB/s      3s[K[?25h[?2026l[?2026h[?25l[A[1Gpulling manifest [K
pulling e9183b5c18a0:  98% ▕█████████████████ ▏  18 GB/ 18 GB  141 MB/s      3s[K[?25h[?2026l[?2026h[?25l[A[1Gpulling manifest [K
pulling e9183b5c18a0:  98% ▕█████████████████ ▏  18 GB/ 18 GB  141 MB/s      3s[K[?25h[?2026l[?2026h[?25l[A[1Gpulling manifest [K
pulling e9183b5c18a0:  98% ▕█████████████████ ▏  18 GB/ 18 GB  141 MB/s      3s[K[?25h[?2026l[?2026h[?25l[A[1Gpulling manifest [K
pulling e9183b5c18a0:  98% ▕█████████████████ ▏  18 GB/ 18 GB  141 MB/s      2s[K[?25h[?2026l[?2026h[?25l[A[1Gpulling manifest [K
pulling e9183b5c18a0:  98% ▕█████████████████ ▏  18 GB/ 18 GB  141 MB/s      2s[K[?25h[?2026l[?2026h[?25l[A[1Gpulling manifest [K
pulling e9183b5c18a0:  98% ▕█████████████████ ▏  18 GB/ 18 GB  141 MB/s      2s[K[?25h[?2026l[?2026h[?25l[A[1Gpulling manifest [K
pulling e9183b5c18a0:  98% ▕█████████████████ ▏  18 GB/ 18 GB  141 MB/s      2s[K[?25h[?2026l[?2026h[?25l[A[1Gpulling manifest [K
pulling e9183b5c18a0:  98% ▕█████████████████ ▏  18 GB/ 18 GB  141 MB/s      2s[K[?25h[?2026l[?2026h[?25l[A[1Gpulling manifest [K
pulling e9183b5c18a0:  98% ▕█████████████████ ▏  18 GB/ 18 GB  141 MB/s      2s[K[?25h[?2026l[?2026h[?25l[A[1Gpulling manifest [K
pulling e9183b5c18a0:  98% ▕█████████████████ ▏  18 GB/ 18 GB  141 MB/s      2s[K[?25h[?2026l[?2026h[?25l[A[1Gpulling manifest [K
pulling e9183b5c18a0:  98% ▕█████████████████ ▏  18 GB/ 18 GB  142 MB/s      2s[K[?25h[?2026l[?2026h[?25l[A[1Gpulling manifest [K
pulling e9183b5c18a0:  98% ▕█████████████████ ▏  18 GB/ 18 GB  142 MB/s      1s[K[?25h[?2026l[?2026h[?25l[A[1Gpulling manifest [K
pulling e9183b5c18a0:  99% ▕█████████████████ ▏  18 GB/ 18 GB  142 MB/s      1s[K[?25h[?2026l[?2026h[?25l[A[1Gpulling manifest [K
pulling e9183b5c18a0:  99% ▕█████████████████ ▏  18 GB/ 18 GB  142 MB/s      1s[K[?25h[?2026l[?2026h[?25l[A[1Gpulling manifest [K
pulling e9183b5c18a0:  99% ▕█████████████████ ▏  18 GB/ 18 GB  142 MB/s      1s[K[?25h[?2026l[?2026h[?25l[A[1Gpulling manifest [K
pulling e9183b5c18a0:  99% ▕█████████████████ ▏  18 GB/ 18 GB  142 MB/s      1s[K[?25h[?2026l[?2026h[?25l[A[1Gpulling manifest [K
pulling e9183b5c18a0:  99% ▕█████████████████ ▏  18 GB/ 18 GB  142 MB/s      1s[K[?25h[?2026l[?2026h[?25l[A[1Gpulling manifest [K
pulling e9183b5c18a0:  99% ▕█████████████████ ▏  18 GB/ 18 GB  142 MB/s      1s[K[?25h[?2026l[?2026h[?25l[A[1Gpulling manifest [K
pulling e9183b5c18a0:  99% ▕█████████████████ ▏  18 GB/ 18 GB  142 MB/s      1s[K[?25h[?2026l[?2026h[?25l[A[1Gpulling manifest [K
pulling e9183b5c18a0:  99% ▕█████████████████ ▏  18 GB/ 18 GB  142 MB/s      1s[K[?25h[?2026l[?2026h[?25l[A[1Gpulling manifest [K
pulling e9183b5c18a0:  99% ▕█████████████████ ▏  18 GB/ 18 GB  144 MB/s      0s[K[?25h[?2026l[?2026h[?25l[A[1Gpulling manifest [K
pulling e9183b5c18a0:  99% ▕█████████████████ ▏  18 GB/ 18 GB  144 MB/s      0s[K[?25h[?2026l[?2026h[?25l[A[1Gpulling manifest [K
pulling e9183b5c18a0:  99% ▕█████████████████ ▏  18 GB/ 18 GB  144 MB/s      0s[K[?25h[?2026l[?2026h[?25l[A[1Gpulling manifest [K
pulling e9183b5c18a0:  99% ▕█████████████████ ▏  18 GB/ 18 GB  144 MB/s      0s[K[?25h[?2026l[?2026h[?25l[A[1Gpulling manifest [K
pulling e9183b5c18a0: 100% ▕█████████████████ ▏  18 GB/ 18 GB  144 MB/s      0s[K[?25h[?2026l[?2026h[?25l[A[1Gpulling manifest [K
pulling e9183b5c18a0: 100% ▕█████████████████ ▏  18 GB/ 18 GB  144 MB/s      0s[K[?25h[?2026l[?2026h[?25l[A[1Gpulling manifest [K
pulling e9183b5c18a0: 100% ▕█████████████████ ▏  18 GB/ 18 GB  144 MB/s      0s[K[?25h[?2026l[?2026h[?25l[A[1Gpulling manifest [K
pulling e9183b5c18a0: 100% ▕█████████████████ ▏  18 GB/ 18 GB  144 MB/s      0s[K[?25h[?2026l[?2026h[?25l[A[1Gpulling manifest [K
pulling e9183b5c18a0: 100% ▕█████████████████ ▏  18 GB/ 18 GB  144 MB/s      0s[K[?25h[?2026l[?2026h[?25l[A[1Gpulling manifest [K
pulling e9183b5c18a0: 100% ▕█████████████████ ▏  18 GB/ 18 GB  144 MB/s      0s[K[?25h[?2026l[?2026h[?25l[A[1Gpulling manifest [K
pulling e9183b5c18a0: 100% ▕█████████████████ ▏  18 GB/ 18 GB  136 MB/s      0s[K[?25h[?2026l[?2026h[?25l[A[1Gpulling manifest [K
pulling e9183b5c18a0: 100% ▕█████████████████ ▏  18 GB/ 18 GB  136 MB/s      0s[K[?25h[?2026l[?2026h[?25l[A[1Gpulling manifest [K
pulling e9183b5c18a0: 100% ▕█████████████████ ▏  18 GB/ 18 GB  136 MB/s      0s[K[?25h[?2026l[?2026h[?25l[A[1Gpulling manifest [K
pulling e9183b5c18a0: 100% ▕█████████████████ ▏  18 GB/ 18 GB  136 MB/s      0s[K[?25h[?2026l[?2026h[?25l[A[1Gpulling manifest [K
pulling e9183b5c18a0: 100% ▕█████████████████ ▏  18 GB/ 18 GB  136 MB/s      0s[K[?25h[?2026l[?2026h[?25l[A[1Gpulling manifest [K
pulling e9183b5c18a0: 100% ▕█████████████████ ▏  18 GB/ 18 GB  136 MB/s      0s[K[?25h[?2026l[?2026h[?25l[A[1Gpulling manifest [K
pulling e9183b5c18a0: 100% ▕█████████████████ ▏  18 GB/ 18 GB  136 MB/s      0s[K[?25h[?2026l[?2026h[?25l[A[1Gpulling manifest [K
pulling e9183b5c18a0: 100% ▕█████████████████ ▏  18 GB/ 18 GB  136 MB/s      0s[K[?25h[?2026l[?2026h[?25l[A[1Gpulling manifest [K
pulling e9183b5c18a0: 100% ▕█████████████████ ▏  18 GB/ 18 GB  136 MB/s      0s[K[?25h[?2026l[?2026h[?25l[A[1Gpulling manifest [K
pulling e9183b5c18a0: 100% ▕█████████████████ ▏  18 GB/ 18 GB  136 MB/s      0s[K[?25h[?2026l[?2026h[?25l[A[1Gpulling manifest [K
pulling e9183b5c18a0: 100% ▕█████████████████ ▏  18 GB/ 18 GB  136 MB/s      0s[K
pulling ae370d884f10: 100% ▕██████████████████▏ 1.7 KB                         [K
pulling d18a5cc71b84: 100% ▕██████████████████▏  11 KB                         [K
pulling cff3f395ef37: 100% ▕██████████████████▏  120 B                         [K[?25h[?2026l[?2026h[?25l[A[A[A[A[1Gpulling manifest [K
pulling e9183b5c18a0: 100% ▕█████████████████ ▏  18 GB/ 18 GB  136 MB/s      0s[K
pulling ae370d884f10: 100% ▕██████████████████▏ 1.7 KB                         [K
pulling d18a5cc71b84: 100% ▕██████████████████▏  11 KB                         [K
pulling cff3f395ef37: 100% ▕██████████████████▏  120 B                         [K[?25h[?2026l[?2026h[?25l[A[A[A[A[1Gpulling manifest [K
pulling e9183b5c18a0: 100% ▕█████████████████ ▏  18 GB/ 18 GB  136 MB/s      0s[K
pulling ae370d884f10: 100% ▕██████████████████▏ 1.7 KB                         [K
pulling d18a5cc71b84: 100% ▕██████████████████▏  11 KB                         [K
pulling cff3f395ef37: 100% ▕██████████████████▏  120 B                         [K
verifying sha256 digest ⠋ [K[?25h[?2026l[?2026h[?25l[A[A[A[A[A[1Gpulling manifest [K
pulling e9183b5c18a0: 100% ▕█████████████████ ▏  18 GB/ 18 GB  136 MB/s      0s[K
pulling ae370d884f10: 100% ▕██████████████████▏ 1.7 KB                         [K
pulling d18a5cc71b84: 100% ▕██████████████████▏  11 KB                         [K
pulling cff3f395ef37: 100% ▕██████████████████▏  120 B                         [K
verifying sha256 digest ⠙ [K[?25h[?2026l[?2026h[?25l[A[A[A[A[A[1Gpulling manifest [K
pulling e9183b5c18a0: 100% ▕█████████████████ ▏  18 GB/ 18 GB  136 MB/s      0s[K
pulling ae370d884f10: 100% ▕██████████████████▏ 1.7 KB                         [K
pulling d18a5cc71b84: 100% ▕██████████████████▏  11 KB                         [K
pulling cff3f395ef37: 100% ▕██████████████████▏  120 B                         [K
verifying sha256 digest ⠹ [K[?25h[?2026l[?2026h[?25l[A[A[A[A[A[1Gpulling manifest [K
pulling e9183b5c18a0: 100% ▕█████████████████ ▏  18 GB/ 18 GB  136 MB/s      0s[K
pulling ae370d884f10: 100% ▕██████████████████▏ 1.7 KB                         [K
pulling d18a5cc71b84: 100% ▕██████████████████▏  11 KB                         [K
pulling cff3f395ef37: 100% ▕██████████████████▏  120 B                         [K
verifying sha256 digest ⠸ [K[?25h[?2026l[?2026h[?25l[A[A[A[A[A[1Gpulling manifest [K
pulling e9183b5c18a0: 100% ▕█████████████████ ▏  18 GB/ 18 GB  136 MB/s      0s[K
pulling ae370d884f10: 100% ▕██████████████████▏ 1.7 KB                         [K
pulling d18a5cc71b84: 100% ▕██████████████████▏  11 KB                         [K
pulling cff3f395ef37: 100% ▕██████████████████▏  120 B                         [K
verifying sha256 digest ⠼ [K[?25h[?2026l[?2026h[?25l[A[A[A[A[A[1Gpulling manifest [K
pulling e9183b5c18a0: 100% ▕█████████████████ ▏  18 GB/ 18 GB  136 MB/s      0s[K
pulling ae370d884f10: 100% ▕██████████████████▏ 1.7 KB                         [K
pulling d18a5cc71b84: 100% ▕██████████████████▏  11 KB                         [K
pulling cff3f395ef37: 100% ▕██████████████████▏  120 B                         [K
verifying sha256 digest ⠴ [K[?25h[?2026l[?2026h[?25l[A[A[A[A[A[1Gpulling manifest [K
pulling e9183b5c18a0: 100% ▕█████████████████ ▏  18 GB/ 18 GB  136 MB/s      0s[K
pulling ae370d884f10: 100% ▕██████████████████▏ 1.7 KB                         [K
pulling d18a5cc71b84: 100% ▕██████████████████▏  11 KB                         [K
pulling cff3f395ef37: 100% ▕██████████████████▏  120 B                         [K
verifying sha256 digest ⠦ [K[?25h[?2026l[?2026h[?25l[A[A[A[A[A[1Gpulling manifest [K
pulling e9183b5c18a0: 100% ▕█████████████████ ▏  18 GB/ 18 GB  136 MB/s      0s[K
pulling ae370d884f10: 100% ▕██████████████████▏ 1.7 KB                         [K
pulling d18a5cc71b84: 100% ▕██████████████████▏  11 KB                         [K
pulling cff3f395ef37: 100% ▕██████████████████▏  120 B                         [K
verifying sha256 digest ⠧ [K[?25h[?2026l[?2026h[?25l[A[A[A[A[A[1Gpulling manifest [K
pulling e9183b5c18a0: 100% ▕█████████████████ ▏  18 GB/ 18 GB  136 MB/s      0s[K
pulling ae370d884f10: 100% ▕██████████████████▏ 1.7 KB                         [K
pulling d18a5cc71b84: 100% ▕██████████████████▏  11 KB                         [K
pulling cff3f395ef37: 100% ▕██████████████████▏  120 B                         [K
verifying sha256 digest ⠇ [K[?25h[?2026l[?2026h[?25l[A[A[A[A[A[1Gpulling manifest [K
pulling e9183b5c18a0: 100% ▕█████████████████ ▏  18 GB/ 18 GB  136 MB/s      0s[K
pulling ae370d884f10: 100% ▕██████████████████▏ 1.7 KB                         [K
pulling d18a5cc71b84: 100% ▕██████████████████▏  11 KB                         [K
pulling cff3f395ef37: 100% ▕██████████████████▏  120 B                         [K
verifying sha256 digest ⠏ [K[?25h[?2026l[?2026h[?25l[A[A[A[A[A[1Gpulling manifest [K
pulling e9183b5c18a0: 100% ▕█████████████████ ▏  18 GB/ 18 GB  136 MB/s      0s[K
pulling ae370d884f10: 100% ▕██████████████████▏ 1.7 KB                         [K
pulling d18a5cc71b84: 100% ▕██████████████████▏  11 KB                         [K
pulling cff3f395ef37: 100% ▕██████████████████▏  120 B                         [K
verifying sha256 digest ⠋ [K[?25h[?2026l[?2026h[?25l[A[A[A[A[A[1Gpulling manifest [K
pulling e9183b5c18a0: 100% ▕█████████████████ ▏  18 GB/ 18 GB  136 MB/s      0s[K
pulling ae370d884f10: 100% ▕██████████████████▏ 1.7 KB                         [K
pulling d18a5cc71b84: 100% ▕██████████████████▏  11 KB                         [K
pulling cff3f395ef37: 100% ▕██████████████████▏  120 B                         [K
verifying sha256 digest ⠙ [K[?25h[?2026l[?2026h[?25l[A[A[A[A[A[1Gpulling manifest [K
pulling e9183b5c18a0: 100% ▕█████████████████ ▏  18 GB/ 18 GB  136 MB/s      0s[K
pulling ae370d884f10: 100% ▕██████████████████▏ 1.7 KB                         [K
pulling d18a5cc71b84: 100% ▕██████████████████▏  11 KB                         [K
pulling cff3f395ef37: 100% ▕██████████████████▏  120 B                         [K
verifying sha256 digest ⠹ [K[?25h[?2026l[?2026h[?25l[A[A[A[A[A[1Gpulling manifest [K
pulling e9183b5c18a0: 100% ▕█████████████████ ▏  18 GB/ 18 GB  136 MB/s      0s[K
pulling ae370d884f10: 100% ▕██████████████████▏ 1.7 KB                         [K
pulling d18a5cc71b84: 100% ▕██████████████████▏  11 KB                         [K
pulling cff3f395ef37: 100% ▕██████████████████▏  120 B                         [K
verifying sha256 digest ⠸ [K[?25h[?2026l[?2026h[?25l[A[A[A[A[A[1Gpulling manifest [K
pulling e9183b5c18a0: 100% ▕█████████████████ ▏  18 GB/ 18 GB  136 MB/s      0s[K
pulling ae370d884f10: 100% ▕██████████████████▏ 1.7 KB                         [K
pulling d18a5cc71b84: 100% ▕██████████████████▏  11 KB                         [K
pulling cff3f395ef37: 100% ▕██████████████████▏  120 B                         [K
verifying sha256 digest ⠼ [K[?25h[?2026l[?2026h[?25l[A[A[A[A[A[1Gpulling manifest [K
pulling e9183b5c18a0: 100% ▕█████████████████ ▏  18 GB/ 18 GB  136 MB/s      0s[K
pulling ae370d884f10: 100% ▕██████████████████▏ 1.7 KB                         [K
pulling d18a5cc71b84: 100% ▕██████████████████▏  11 KB                         [K
pulling cff3f395ef37: 100% ▕██████████████████▏  120 B                         [K
verifying sha256 digest ⠴ [K[?25h[?2026l[?2026h[?25l[A[A[A[A[A[1Gpulling manifest [K
pulling e9183b5c18a0: 100% ▕█████████████████ ▏  18 GB/ 18 GB  136 MB/s      0s[K
pulling ae370d884f10: 100% ▕██████████████████▏ 1.7 KB                         [K
pulling d18a5cc71b84: 100% ▕██████████████████▏  11 KB                         [K
pulling cff3f395ef37: 100% ▕██████████████████▏  120 B                         [K
verifying sha256 digest ⠦ [K[?25h[?2026l[?2026h[?25l[A[A[A[A[A[1Gpulling manifest [K
pulling e9183b5c18a0: 100% ▕█████████████████ ▏  18 GB/ 18 GB  136 MB/s      0s[K
pulling ae370d884f10: 100% ▕██████████████████▏ 1.7 KB                         [K
pulling d18a5cc71b84: 100% ▕██████████████████▏  11 KB                         [K
pulling cff3f395ef37: 100% ▕██████████████████▏  120 B                         [K
verifying sha256 digest ⠧ [K[?25h[?2026l[?2026h[?25l[A[A[A[A[A[1Gpulling manifest [K
pulling e9183b5c18a0: 100% ▕█████████████████ ▏  18 GB/ 18 GB  136 MB/s      0s[K
pulling ae370d884f10: 100% ▕██████████████████▏ 1.7 KB                         [K
pulling d18a5cc71b84: 100% ▕██████████████████▏  11 KB                         [K
pulling cff3f395ef37: 100% ▕██████████████████▏  120 B                         [K
verifying sha256 digest ⠇ [K[?25h[?2026l[?2026h[?25l[A[A[A[A[A[1Gpulling manifest [K
pulling e9183b5c18a0: 100% ▕█████████████████ ▏  18 GB/ 18 GB  136 MB/s      0s[K
pulling ae370d884f10: 100% ▕██████████████████▏ 1.7 KB                         [K
pulling d18a5cc71b84: 100% ▕██████████████████▏  11 KB                         [K
pulling cff3f395ef37: 100% ▕██████████████████▏  120 B                         [K
verifying sha256 digest ⠏ [K[?25h[?2026l[?2026h[?25l[A[A[A[A[A[1Gpulling manifest [K
pulling e9183b5c18a0: 100% ▕█████████████████ ▏  18 GB/ 18 GB  136 MB/s      0s[K
pulling ae370d884f10: 100% ▕██████████████████▏ 1.7 KB                         [K
pulling d18a5cc71b84: 100% ▕██████████████████▏  11 KB                         [K
pulling cff3f395ef37: 100% ▕██████████████████▏  120 B                         [K
verifying sha256 digest ⠋ [K[?25h[?2026l[?2026h[?25l[A[A[A[A[A[1Gpulling manifest [K
pulling e9183b5c18a0: 100% ▕█████████████████ ▏  18 GB/ 18 GB  136 MB/s      0s[K
pulling ae370d884f10: 100% ▕██████████████████▏ 1.7 KB                         [K
pulling d18a5cc71b84: 100% ▕██████████████████▏  11 KB                         [K
pulling cff3f395ef37: 100% ▕██████████████████▏  120 B                         [K
verifying sha256 digest ⠙ [K[?25h[?2026l[?2026h[?25l[A[A[A[A[A[1Gpulling manifest [K
pulling e9183b5c18a0: 100% ▕█████████████████ ▏  18 GB/ 18 GB  136 MB/s      0s[K
pulling ae370d884f10: 100% ▕██████████████████▏ 1.7 KB                         [K
pulling d18a5cc71b84: 100% ▕██████████████████▏  11 KB                         [K
pulling cff3f395ef37: 100% ▕██████████████████▏  120 B                         [K
verifying sha256 digest ⠹ [K[?25h[?2026l[?2026h[?25l[A[A[A[A[A[1Gpulling manifest [K
pulling e9183b5c18a0: 100% ▕█████████████████ ▏  18 GB/ 18 GB  136 MB/s      0s[K
pulling ae370d884f10: 100% ▕██████████████████▏ 1.7 KB                         [K
pulling d18a5cc71b84: 100% ▕██████████████████▏  11 KB                         [K
pulling cff3f395ef37: 100% ▕██████████████████▏  120 B                         [K
verifying sha256 digest ⠸ [K[?25h[?2026l[?2026h[?25l[A[A[A[A[A[1Gpulling manifest [K
pulling e9183b5c18a0: 100% ▕█████████████████ ▏  18 GB/ 18 GB  136 MB/s      0s[K
pulling ae370d884f10: 100% ▕██████████████████▏ 1.7 KB                         [K
pulling d18a5cc71b84: 100% ▕██████████████████▏  11 KB                         [K
pulling cff3f395ef37: 100% ▕██████████████████▏  120 B                         [K
verifying sha256 digest ⠼ [K[?25h[?2026l[?2026h[?25l[A[A[A[A[A[1Gpulling manifest [K
pulling e9183b5c18a0: 100% ▕█████████████████ ▏  18 GB/ 18 GB  136 MB/s      0s[K
pulling ae370d884f10: 100% ▕██████████████████▏ 1.7 KB                         [K
pulling d18a5cc71b84: 100% ▕██████████████████▏  11 KB                         [K
pulling cff3f395ef37: 100% ▕██████████████████▏  120 B                         [K
verifying sha256 digest ⠴ [K[?25h[?2026l[?2026h[?25l[A[A[A[A[A[1Gpulling manifest [K
pulling e9183b5c18a0: 100% ▕█████████████████ ▏  18 GB/ 18 GB  136 MB/s      0s[K
pulling ae370d884f10: 100% ▕██████████████████▏ 1.7 KB                         [K
pulling d18a5cc71b84: 100% ▕██████████████████▏  11 KB                         [K
pulling cff3f395ef37: 100% ▕██████████████████▏  120 B                         [K
verifying sha256 digest ⠦ [K[?25h[?2026l[?2026h[?25l[A[A[A[A[A[1Gpulling manifest [K
pulling e9183b5c18a0: 100% ▕█████████████████ ▏  18 GB/ 18 GB  136 MB/s      0s[K
pulling ae370d884f10: 100% ▕██████████████████▏ 1.7 KB                         [K
pulling d18a5cc71b84: 100% ▕██████████████████▏  11 KB                         [K
pulling cff3f395ef37: 100% ▕██████████████████▏  120 B                         [K
verifying sha256 digest ⠧ [K[?25h[?2026l[?2026h[?25l[A[A[A[A[A[1Gpulling manifest [K
pulling e9183b5c18a0: 100% ▕█████████████████ ▏  18 GB/ 18 GB  136 MB/s      0s[K
pulling ae370d884f10: 100% ▕██████████████████▏ 1.7 KB                         [K
pulling d18a5cc71b84: 100% ▕██████████████████▏  11 KB                         [K
pulling cff3f395ef37: 100% ▕██████████████████▏  120 B                         [K
verifying sha256 digest ⠇ [K[?25h[?2026l[?2026h[?25l[A[A[A[A[A[1Gpulling manifest [K
pulling e9183b5c18a0: 100% ▕█████████████████ ▏  18 GB/ 18 GB  136 MB/s      0s[K
pulling ae370d884f10: 100% ▕██████████████████▏ 1.7 KB                         [K
pulling d18a5cc71b84: 100% ▕██████████████████▏  11 KB                         [K
pulling cff3f395ef37: 100% ▕██████████████████▏  120 B                         [K
verifying sha256 digest ⠏ [K[?25h[?2026l[?2026h[?25l[A[A[A[A[A[1Gpulling manifest [K
pulling e9183b5c18a0: 100% ▕█████████████████ ▏  18 GB/ 18 GB  136 MB/s      0s[K
pulling ae370d884f10: 100% ▕██████████████████▏ 1.7 KB                         [K
pulling d18a5cc71b84: 100% ▕██████████████████▏  11 KB                         [K
pulling cff3f395ef37: 100% ▕██████████████████▏  120 B                         [K
verifying sha256 digest ⠋ [K[?25h[?2026l[?2026h[?25l[A[A[A[A[A[1Gpulling manifest [K
pulling e9183b5c18a0: 100% ▕█████████████████ ▏  18 GB/ 18 GB  136 MB/s      0s[K
pulling ae370d884f10: 100% ▕██████████████████▏ 1.7 KB                         [K
pulling d18a5cc71b84: 100% ▕██████████████████▏  11 KB                         [K
pulling cff3f395ef37: 100% ▕██████████████████▏  120 B                         [K
verifying sha256 digest ⠙ [K[?25h[?2026l[?2026h[?25l[A[A[A[A[A[1Gpulling manifest [K
pulling e9183b5c18a0: 100% ▕█████████████████ ▏  18 GB/ 18 GB  136 MB/s      0s[K
pulling ae370d884f10: 100% ▕██████████████████▏ 1.7 KB                         [K
pulling d18a5cc71b84: 100% ▕██████████████████▏  11 KB                         [K
pulling cff3f395ef37: 100% ▕██████████████████▏  120 B                         [K
verifying sha256 digest ⠹ [K[?25h[?2026l[?2026h[?25l[A[A[A[A[A[1Gpulling manifest [K
pulling e9183b5c18a0: 100% ▕█████████████████ ▏  18 GB/ 18 GB  136 MB/s      0s[K
pulling ae370d884f10: 100% ▕██████████████████▏ 1.7 KB                         [K
pulling d18a5cc71b84: 100% ▕██████████████████▏  11 KB                         [K
pulling cff3f395ef37: 100% ▕██████████████████▏  120 B                         [K
verifying sha256 digest ⠸ [K[?25h[?2026l[?2026h[?25l[A[A[A[A[A[1Gpulling manifest [K
pulling e9183b5c18a0: 100% ▕█████████████████ ▏  18 GB/ 18 GB  136 MB/s      0s[K
pulling ae370d884f10: 100% ▕██████████████████▏ 1.7 KB                         [K
pulling d18a5cc71b84: 100% ▕██████████████████▏  11 KB                         [K
pulling cff3f395ef37: 100% ▕██████████████████▏  120 B                         [K
verifying sha256 digest ⠼ [K[?25h[?2026l[?2026h[?25l[A[A[A[A[A[1Gpulling manifest [K
pulling e9183b5c18a0: 100% ▕█████████████████ ▏  18 GB/ 18 GB  136 MB/s      0s[K
pulling ae370d884f10: 100% ▕██████████████████▏ 1.7 KB                         [K
pulling d18a5cc71b84: 100% ▕██████████████████▏  11 KB                         [K
pulling cff3f395ef37: 100% ▕██████████████████▏  120 B                         [K
verifying sha256 digest ⠴ [K[?25h[?2026l[?2026h[?25l[A[A[A[A[A[1Gpulling manifest [K
pulling e9183b5c18a0: 100% ▕█████████████████ ▏  18 GB/ 18 GB  136 MB/s      0s[K
pulling ae370d884f10: 100% ▕██████████████████▏ 1.7 KB                         [K
pulling d18a5cc71b84: 100% ▕██████████████████▏  11 KB                         [K
pulling cff3f395ef37: 100% ▕██████████████████▏  120 B                         [K
verifying sha256 digest ⠦ [K[?25h[?2026l[?2026h[?25l[A[A[A[A[A[1Gpulling manifest [K
pulling e9183b5c18a0: 100% ▕█████████████████ ▏  18 GB/ 18 GB  136 MB/s      0s[K
pulling ae370d884f10: 100% ▕██████████████████▏ 1.7 KB                         [K
pulling d18a5cc71b84: 100% ▕██████████████████▏  11 KB                         [K
pulling cff3f395ef37: 100% ▕██████████████████▏  120 B                         [K
verifying sha256 digest ⠧ [K[?25h[?2026l[?2026h[?25l[A[A[A[A[A[1Gpulling manifest [K
pulling e9183b5c18a0: 100% ▕█████████████████ ▏  18 GB/ 18 GB  136 MB/s      0s[K
pulling ae370d884f10: 100% ▕██████████████████▏ 1.7 KB                         [K
pulling d18a5cc71b84: 100% ▕██████████████████▏  11 KB                         [K
pulling cff3f395ef37: 100% ▕██████████████████▏  120 B                         [K
verifying sha256 digest ⠇ [K[?25h[?2026l[?2026h[?25l[A[A[A[A[A[1Gpulling manifest [K
pulling e9183b5c18a0: 100% ▕█████████████████ ▏  18 GB/ 18 GB  136 MB/s      0s[K
pulling ae370d884f10: 100% ▕██████████████████▏ 1.7 KB                         [K
pulling d18a5cc71b84: 100% ▕██████████████████▏  11 KB                         [K
pulling cff3f395ef37: 100% ▕██████████████████▏  120 B                         [K
verifying sha256 digest ⠏ [K[?25h[?2026l[?2026h[?25l[A[A[A[A[A[1Gpulling manifest [K
pulling e9183b5c18a0: 100% ▕█████████████████ ▏  18 GB/ 18 GB  136 MB/s      0s[K
pulling ae370d884f10: 100% ▕██████████████████▏ 1.7 KB                         [K
pulling d18a5cc71b84: 100% ▕██████████████████▏  11 KB                         [K
pulling cff3f395ef37: 100% ▕██████████████████▏  120 B                         [K
verifying sha256 digest ⠋ [K[?25h[?2026l[?2026h[?25l[A[A[A[A[A[1Gpulling manifest [K
pulling e9183b5c18a0: 100% ▕█████████████████ ▏  18 GB/ 18 GB  136 MB/s      0s[K
pulling ae370d884f10: 100% ▕██████████████████▏ 1.7 KB                         [K
pulling d18a5cc71b84: 100% ▕██████████████████▏  11 KB                         [K
pulling cff3f395ef37: 100% ▕██████████████████▏  120 B                         [K
verifying sha256 digest ⠙ [K[?25h[?2026l[?2026h[?25l[A[A[A[A[A[1Gpulling manifest [K
pulling e9183b5c18a0: 100% ▕█████████████████ ▏  18 GB/ 18 GB  136 MB/s      0s[K
pulling ae370d884f10: 100% ▕██████████████████▏ 1.7 KB                         [K
pulling d18a5cc71b84: 100% ▕██████████████████▏  11 KB                         [K
pulling cff3f395ef37: 100% ▕██████████████████▏  120 B                         [K
verifying sha256 digest ⠹ [K[?25h[?2026l[?2026h[?25l[A[A[A[A[A[1Gpulling manifest [K
pulling e9183b5c18a0: 100% ▕█████████████████ ▏  18 GB/ 18 GB  136 MB/s      0s[K
pulling ae370d884f10: 100% ▕██████████████████▏ 1.7 KB                         [K
pulling d18a5cc71b84: 100% ▕██████████████████▏  11 KB                         [K
pulling cff3f395ef37: 100% ▕██████████████████▏  120 B                         [K
verifying sha256 digest ⠸ [K[?25h[?2026l[?2026h[?25l[A[A[A[A[A[1Gpulling manifest [K
pulling e9183b5c18a0: 100% ▕█████████████████ ▏  18 GB/ 18 GB  136 MB/s      0s[K
pulling ae370d884f10: 100% ▕██████████████████▏ 1.7 KB                         [K
pulling d18a5cc71b84: 100% ▕██████████████████▏  11 KB                         [K
pulling cff3f395ef37: 100% ▕██████████████████▏  120 B                         [K
verifying sha256 digest ⠼ [K[?25h[?2026l[?2026h[?25l[A[A[A[A[A[1Gpulling manifest [K
pulling e9183b5c18a0: 100% ▕█████████████████ ▏  18 GB/ 18 GB  136 MB/s      0s[K
pulling ae370d884f10: 100% ▕██████████████████▏ 1.7 KB                         [K
pulling d18a5cc71b84: 100% ▕██████████████████▏  11 KB                         [K
pulling cff3f395ef37: 100% ▕██████████████████▏  120 B                         [K
verifying sha256 digest ⠴ [K[?25h[?2026l[?2026h[?25l[A[A[A[A[A[1Gpulling manifest [K
pulling e9183b5c18a0: 100% ▕█████████████████ ▏  18 GB/ 18 GB  136 MB/s      0s[K
pulling ae370d884f10: 100% ▕██████████████████▏ 1.7 KB                         [K
pulling d18a5cc71b84: 100% ▕██████████████████▏  11 KB                         [K
pulling cff3f395ef37: 100% ▕██████████████████▏  120 B                         [K
verifying sha256 digest ⠦ [K[?25h[?2026l[?2026h[?25l[A[A[A[A[A[1Gpulling manifest [K
pulling e9183b5c18a0: 100% ▕█████████████████ ▏  18 GB/ 18 GB  136 MB/s      0s[K
pulling ae370d884f10: 100% ▕██████████████████▏ 1.7 KB                         [K
pulling d18a5cc71b84: 100% ▕██████████████████▏  11 KB                         [K
pulling cff3f395ef37: 100% ▕██████████████████▏  120 B                         [K
verifying sha256 digest ⠧ [K[?25h[?2026l[?2026h[?25l[A[A[A[A[A[1Gpulling manifest [K
pulling e9183b5c18a0: 100% ▕█████████████████ ▏  18 GB/ 18 GB  136 MB/s      0s[K
pulling ae370d884f10: 100% ▕██████████████████▏ 1.7 KB                         [K
pulling d18a5cc71b84: 100% ▕██████████████████▏  11 KB                         [K
pulling cff3f395ef37: 100% ▕██████████████████▏  120 B                         [K
verifying sha256 digest ⠇ [K[?25h[?2026l[?2026h[?25l[A[A[A[A[A[1Gpulling manifest [K
pulling e9183b5c18a0: 100% ▕█████████████████ ▏  18 GB/ 18 GB  136 MB/s      0s[K
pulling ae370d884f10: 100% ▕██████████████████▏ 1.7 KB                         [K
pulling d18a5cc71b84: 100% ▕██████████████████▏  11 KB                         [K
pulling cff3f395ef37: 100% ▕██████████████████▏  120 B                         [K
verifying sha256 digest ⠏ [K[?25h[?2026l[?2026h[?25l[A[A[A[A[A[1Gpulling manifest [K
pulling e9183b5c18a0: 100% ▕█████████████████ ▏  18 GB/ 18 GB  136 MB/s      0s[K
pulling ae370d884f10: 100% ▕██████████████████▏ 1.7 KB                         [K
pulling d18a5cc71b84: 100% ▕██████████████████▏  11 KB                         [K
pulling cff3f395ef37: 100% ▕██████████████████▏  120 B                         [K
verifying sha256 digest ⠋ [K[?25h[?2026l[?2026h[?25l[A[A[A[A[A[1Gpulling manifest [K
pulling e9183b5c18a0: 100% ▕█████████████████ ▏  18 GB/ 18 GB  136 MB/s      0s[K
pulling ae370d884f10: 100% ▕██████████████████▏ 1.7 KB                         [K
pulling d18a5cc71b84: 100% ▕██████████████████▏  11 KB                         [K
pulling cff3f395ef37: 100% ▕██████████████████▏  120 B                         [K
verifying sha256 digest ⠙ [K[?25h[?2026l[?2026h[?25l[A[A[A[A[A[1Gpulling manifest [K
pulling e9183b5c18a0: 100% ▕█████████████████ ▏  18 GB/ 18 GB  136 MB/s      0s[K
pulling ae370d884f10: 100% ▕██████████████████▏ 1.7 KB                         [K
pulling d18a5cc71b84: 100% ▕██████████████████▏  11 KB                         [K
pulling cff3f395ef37: 100% ▕██████████████████▏  120 B                         [K
verifying sha256 digest ⠹ [K[?25h[?2026l[?2026h[?25l[A[A[A[A[A[1Gpulling manifest [K
pulling e9183b5c18a0: 100% ▕█████████████████ ▏  18 GB/ 18 GB  136 MB/s      0s[K
pulling ae370d884f10: 100% ▕██████████████████▏ 1.7 KB                         [K
pulling d18a5cc71b84: 100% ▕██████████████████▏  11 KB                         [K
pulling cff3f395ef37: 100% ▕██████████████████▏  120 B                         [K
verifying sha256 digest ⠸ [K[?25h[?2026l[?2026h[?25l[A[A[A[A[A[1Gpulling manifest [K
pulling e9183b5c18a0: 100% ▕█████████████████ ▏  18 GB/ 18 GB  136 MB/s      0s[K
pulling ae370d884f10: 100% ▕██████████████████▏ 1.7 KB                         [K
pulling d18a5cc71b84: 100% ▕██████████████████▏  11 KB                         [K
pulling cff3f395ef37: 100% ▕██████████████████▏  120 B                         [K
verifying sha256 digest ⠼ [K[?25h[?2026l[?2026h[?25l[A[A[A[A[A[1Gpulling manifest [K
pulling e9183b5c18a0: 100% ▕█████████████████ ▏  18 GB/ 18 GB  136 MB/s      0s[K
pulling ae370d884f10: 100% ▕██████████████████▏ 1.7 KB                         [K
pulling d18a5cc71b84: 100% ▕██████████████████▏  11 KB                         [K
pulling cff3f395ef37: 100% ▕██████████████████▏  120 B                         [K
verifying sha256 digest ⠴ [K[?25h[?2026l[?2026h[?25l[A[A[A[A[A[1Gpulling manifest [K
pulling e9183b5c18a0: 100% ▕█████████████████ ▏  18 GB/ 18 GB  136 MB/s      0s[K
pulling ae370d884f10: 100% ▕██████████████████▏ 1.7 KB                         [K
pulling d18a5cc71b84: 100% ▕██████████████████▏  11 KB                         [K
pulling cff3f395ef37: 100% ▕██████████████████▏  120 B                         [K
verifying sha256 digest ⠦ [K[?25h[?2026l[?2026h[?25l[A[A[A[A[A[1Gpulling manifest [K
pulling e9183b5c18a0: 100% ▕█████████████████ ▏  18 GB/ 18 GB  136 MB/s      0s[K
pulling ae370d884f10: 100% ▕██████████████████▏ 1.7 KB                         [K
pulling d18a5cc71b84: 100% ▕██████████████████▏  11 KB                         [K
pulling cff3f395ef37: 100% ▕██████████████████▏  120 B                         [K
verifying sha256 digest ⠧ [K[?25h[?2026l[?2026h[?25l[A[A[A[A[A[1Gpulling manifest [K
pulling e9183b5c18a0: 100% ▕█████████████████ ▏  18 GB/ 18 GB  136 MB/s      0s[K
pulling ae370d884f10: 100% ▕██████████████████▏ 1.7 KB                         [K
pulling d18a5cc71b84: 100% ▕██████████████████▏  11 KB                         [K
pulling cff3f395ef37: 100% ▕██████████████████▏  120 B                         [K
verifying sha256 digest ⠇ [K[?25h[?2026l[?2026h[?25l[A[A[A[A[A[1Gpulling manifest [K
pulling e9183b5c18a0: 100% ▕█████████████████ ▏  18 GB/ 18 GB  136 MB/s      0s[K
pulling ae370d884f10: 100% ▕██████████████████▏ 1.7 KB                         [K
pulling d18a5cc71b84: 100% ▕██████████████████▏  11 KB                         [K
pulling cff3f395ef37: 100% ▕██████████████████▏  120 B                         [K
verifying sha256 digest ⠏ [K[?25h[?2026l[?2026h[?25l[A[A[A[A[A[1Gpulling manifest [K
pulling e9183b5c18a0: 100% ▕█████████████████ ▏  18 GB/ 18 GB  136 MB/s      0s[K
pulling ae370d884f10: 100% ▕██████████████████▏ 1.7 KB                         [K
pulling d18a5cc71b84: 100% ▕██████████████████▏  11 KB                         [K
pulling cff3f395ef37: 100% ▕██████████████████▏  120 B                         [K
verifying sha256 digest ⠋ [K[?25h[?2026l[?2026h[?25l[A[A[A[A[A[1Gpulling manifest [K
pulling e9183b5c18a0: 100% ▕█████████████████ ▏  18 GB/ 18 GB  136 MB/s      0s[K
pulling ae370d884f10: 100% ▕██████████████████▏ 1.7 KB                         [K
pulling d18a5cc71b84: 100% ▕██████████████████▏  11 KB                         [K
pulling cff3f395ef37: 100% ▕██████████████████▏  120 B                         [K
verifying sha256 digest ⠙ [K[?25h[?2026l[?2026h[?25l[A[A[A[A[A[1Gpulling manifest [K
pulling e9183b5c18a0: 100% ▕█████████████████ ▏  18 GB/ 18 GB  136 MB/s      0s[K
pulling ae370d884f10: 100% ▕██████████████████▏ 1.7 KB                         [K
pulling d18a5cc71b84: 100% ▕██████████████████▏  11 KB                         [K
pulling cff3f395ef37: 100% ▕██████████████████▏  120 B                         [K
verifying sha256 digest ⠹ [K[?25h[?2026l[?2026h[?25l[A[A[A[A[A[1Gpulling manifest [K
pulling e9183b5c18a0: 100% ▕█████████████████ ▏  18 GB/ 18 GB  136 MB/s      0s[K
pulling ae370d884f10: 100% ▕██████████████████▏ 1.7 KB                         [K
pulling d18a5cc71b84: 100% ▕██████████████████▏  11 KB                         [K
pulling cff3f395ef37: 100% ▕██████████████████▏  120 B                         [K
verifying sha256 digest ⠸ [K[?25h[?2026l[?2026h[?25l[A[A[A[A[A[1Gpulling manifest [K
pulling e9183b5c18a0: 100% ▕█████████████████ ▏  18 GB/ 18 GB  136 MB/s      0s[K
pulling ae370d884f10: 100% ▕██████████████████▏ 1.7 KB                         [K
pulling d18a5cc71b84: 100% ▕██████████████████▏  11 KB                         [K
pulling cff3f395ef37: 100% ▕██████████████████▏  120 B                         [K
verifying sha256 digest ⠼ [K[?25h[?2026l[?2026h[?25l[A[A[A[A[A[1Gpulling manifest [K
pulling e9183b5c18a0: 100% ▕█████████████████ ▏  18 GB/ 18 GB  136 MB/s      0s[K
pulling ae370d884f10: 100% ▕██████████████████▏ 1.7 KB                         [K
pulling d18a5cc71b84: 100% ▕██████████████████▏  11 KB                         [K
pulling cff3f395ef37: 100% ▕██████████████████▏  120 B                         [K
verifying sha256 digest ⠴ [K[?25h[?2026l[?2026h[?25l[A[A[A[A[A[1Gpulling manifest [K
pulling e9183b5c18a0: 100% ▕█████████████████ ▏  18 GB/ 18 GB  136 MB/s      0s[K
pulling ae370d884f10: 100% ▕██████████████████▏ 1.7 KB                         [K
pulling d18a5cc71b84: 100% ▕██████████████████▏  11 KB                         [K
pulling cff3f395ef37: 100% ▕██████████████████▏  120 B                         [K
verifying sha256 digest ⠦ [K[?25h[?2026l[?2026h[?25l[A[A[A[A[A[1Gpulling manifest [K
pulling e9183b5c18a0: 100% ▕█████████████████ ▏  18 GB/ 18 GB  136 MB/s      0s[K
pulling ae370d884f10: 100% ▕██████████████████▏ 1.7 KB                         [K
pulling d18a5cc71b84: 100% ▕██████████████████▏  11 KB                         [K
pulling cff3f395ef37: 100% ▕██████████████████▏  120 B                         [K
verifying sha256 digest ⠧ [K[?25h[?2026l[?2026h[?25l[A[A[A[A[A[1Gpulling manifest [K
pulling e9183b5c18a0: 100% ▕█████████████████ ▏  18 GB/ 18 GB  136 MB/s      0s[K
pulling ae370d884f10: 100% ▕██████████████████▏ 1.7 KB                         [K
pulling d18a5cc71b84: 100% ▕██████████████████▏  11 KB                         [K
pulling cff3f395ef37: 100% ▕██████████████████▏  120 B                         [K
verifying sha256 digest ⠇ [K[?25h[?2026l[?2026h[?25l[A[A[A[A[A[1Gpulling manifest [K
pulling e9183b5c18a0: 100% ▕█████████████████ ▏  18 GB/ 18 GB  136 MB/s      0s[K
pulling ae370d884f10: 100% ▕██████████████████▏ 1.7 KB                         [K
pulling d18a5cc71b84: 100% ▕██████████████████▏  11 KB                         [K
pulling cff3f395ef37: 100% ▕██████████████████▏  120 B                         [K
verifying sha256 digest ⠏ [K[?25h[?2026l[?2026h[?25l[A[A[A[A[A[1Gpulling manifest [K
pulling e9183b5c18a0: 100% ▕█████████████████ ▏  18 GB/ 18 GB  136 MB/s      0s[K
pulling ae370d884f10: 100% ▕██████████████████▏ 1.7 KB                         [K
pulling d18a5cc71b84: 100% ▕██████████████████▏  11 KB                         [K
pulling cff3f395ef37: 100% ▕██████████████████▏  120 B                         [K
verifying sha256 digest ⠋ [K[?25h[?2026l[?2026h[?25l[A[A[A[A[A[1Gpulling manifest [K
pulling e9183b5c18a0: 100% ▕█████████████████ ▏  18 GB/ 18 GB  136 MB/s      0s[K
pulling ae370d884f10: 100% ▕██████████████████▏ 1.7 KB                         [K
pulling d18a5cc71b84: 100% ▕██████████████████▏  11 KB                         [K
pulling cff3f395ef37: 100% ▕██████████████████▏  120 B                         [K
verifying sha256 digest ⠙ [K[?25h[?2026l[?2026h[?25l[A[A[A[A[A[1Gpulling manifest [K
pulling e9183b5c18a0: 100% ▕█████████████████ ▏  18 GB/ 18 GB  136 MB/s      0s[K
pulling ae370d884f10: 100% ▕██████████████████▏ 1.7 KB                         [K
pulling d18a5cc71b84: 100% ▕██████████████████▏  11 KB                         [K
pulling cff3f395ef37: 100% ▕██████████████████▏  120 B                         [K
verifying sha256 digest ⠹ [K[?25h[?2026l[?2026h[?25l[A[A[A[A[A[1Gpulling manifest [K
pulling e9183b5c18a0: 100% ▕█████████████████ ▏  18 GB/ 18 GB  136 MB/s      0s[K
pulling ae370d884f10: 100% ▕██████████████████▏ 1.7 KB                         [K
pulling d18a5cc71b84: 100% ▕██████████████████▏  11 KB                         [K
pulling cff3f395ef37: 100% ▕██████████████████▏  120 B                         [K
verifying sha256 digest ⠸ [K[?25h[?2026l[?2026h[?25l[A[A[A[A[A[1Gpulling manifest [K
pulling e9183b5c18a0: 100% ▕█████████████████ ▏  18 GB/ 18 GB  136 MB/s      0s[K
pulling ae370d884f10: 100% ▕██████████████████▏ 1.7 KB                         [K
pulling d18a5cc71b84: 100% ▕██████████████████▏  11 KB                         [K
pulling cff3f395ef37: 100% ▕██████████████████▏  120 B                         [K
verifying sha256 digest ⠼ [K[?25h[?2026l[?2026h[?25l[A[A[A[A[A[1Gpulling manifest [K
pulling e9183b5c18a0: 100% ▕█████████████████ ▏  18 GB/ 18 GB  136 MB/s      0s[K
pulling ae370d884f10: 100% ▕██████████████████▏ 1.7 KB                         [K
pulling d18a5cc71b84: 100% ▕██████████████████▏  11 KB                         [K
pulling cff3f395ef37: 100% ▕██████████████████▏  120 B                         [K
verifying sha256 digest ⠴ [K[?25h[?2026l[?2026h[?25l[A[A[A[A[A[1Gpulling manifest [K
pulling e9183b5c18a0: 100% ▕█████████████████ ▏  18 GB/ 18 GB  136 MB/s      0s[K
pulling ae370d884f10: 100% ▕██████████████████▏ 1.7 KB                         [K
pulling d18a5cc71b84: 100% ▕██████████████████▏  11 KB                         [K
pulling cff3f395ef37: 100% ▕██████████████████▏  120 B                         [K
verifying sha256 digest ⠦ [K[?25h[?2026l[?2026h[?25l[A[A[A[A[A[1Gpulling manifest [K
pulling e9183b5c18a0: 100% ▕█████████████████ ▏  18 GB/ 18 GB  136 MB/s      0s[K
pulling ae370d884f10: 100% ▕██████████████████▏ 1.7 KB                         [K
pulling d18a5cc71b84: 100% ▕██████████████████▏  11 KB                         [K
pulling cff3f395ef37: 100% ▕██████████████████▏  120 B                         [K
verifying sha256 digest ⠧ [K[?25h[?2026l[?2026h[?25l[A[A[A[A[A[1Gpulling manifest [K
pulling e9183b5c18a0: 100% ▕█████████████████ ▏  18 GB/ 18 GB  136 MB/s      0s[K
pulling ae370d884f10: 100% ▕██████████████████▏ 1.7 KB                         [K
pulling d18a5cc71b84: 100% ▕██████████████████▏  11 KB                         [K
pulling cff3f395ef37: 100% ▕██████████████████▏  120 B                         [K
verifying sha256 digest ⠇ [K[?25h[?2026l[?2026h[?25l[A[A[A[A[A[1Gpulling manifest [K
pulling e9183b5c18a0: 100% ▕█████████████████ ▏  18 GB/ 18 GB  136 MB/s      0s[K
pulling ae370d884f10: 100% ▕██████████████████▏ 1.7 KB                         [K
pulling d18a5cc71b84: 100% ▕██████████████████▏  11 KB                         [K
pulling cff3f395ef37: 100% ▕██████████████████▏  120 B                         [K
verifying sha256 digest ⠏ [K[?25h[?2026l[?2026h[?25l[A[A[A[A[A[1Gpulling manifest [K
pulling e9183b5c18a0: 100% ▕█████████████████ ▏  18 GB/ 18 GB  136 MB/s      0s[K
pulling ae370d884f10: 100% ▕██████████████████▏ 1.7 KB                         [K
pulling d18a5cc71b84: 100% ▕██████████████████▏  11 KB                         [K
pulling cff3f395ef37: 100% ▕██████████████████▏  120 B                         [K
verifying sha256 digest ⠋ [K[?25h[?2026l[?2026h[?25l[A[A[A[A[A[1Gpulling manifest [K
pulling e9183b5c18a0: 100% ▕█████████████████ ▏  18 GB/ 18 GB  136 MB/s      0s[K
pulling ae370d884f10: 100% ▕██████████████████▏ 1.7 KB                         [K
pulling d18a5cc71b84: 100% ▕██████████████████▏  11 KB                         [K
pulling cff3f395ef37: 100% ▕██████████████████▏  120 B                         [K
verifying sha256 digest ⠙ [K[?25h[?2026l[?2026h[?25l[A[A[A[A[A[1Gpulling manifest [K
pulling e9183b5c18a0: 100% ▕█████████████████ ▏  18 GB/ 18 GB  136 MB/s      0s[K
pulling ae370d884f10: 100% ▕██████████████████▏ 1.7 KB                         [K
pulling d18a5cc71b84: 100% ▕██████████████████▏  11 KB                         [K
pulling cff3f395ef37: 100% ▕██████████████████▏  120 B                         [K
verifying sha256 digest ⠹ [K[?25h[?2026l[?2026h[?25l[A[A[A[A[A[1Gpulling manifest [K
pulling e9183b5c18a0: 100% ▕█████████████████ ▏  18 GB/ 18 GB  136 MB/s      0s[K
pulling ae370d884f10: 100% ▕██████████████████▏ 1.7 KB                         [K
pulling d18a5cc71b84: 100% ▕██████████████████▏  11 KB                         [K
pulling cff3f395ef37: 100% ▕██████████████████▏  120 B                         [K
verifying sha256 digest ⠸ [K[?25h[?2026l[?2026h[?25l[A[A[A[A[A[1Gpulling manifest [K
pulling e9183b5c18a0: 100% ▕█████████████████ ▏  18 GB/ 18 GB  136 MB/s      0s[K
pulling ae370d884f10: 100% ▕██████████████████▏ 1.7 KB                         [K
pulling d18a5cc71b84: 100% ▕██████████████████▏  11 KB                         [K
pulling cff3f395ef37: 100% ▕██████████████████▏  120 B                         [K
verifying sha256 digest ⠼ [K[?25h[?2026l[?2026h[?25l[A[A[A[A[A[1Gpulling manifest [K
pulling e9183b5c18a0: 100% ▕█████████████████ ▏  18 GB/ 18 GB  136 MB/s      0s[K
pulling ae370d884f10: 100% ▕██████████████████▏ 1.7 KB                         [K
pulling d18a5cc71b84: 100% ▕██████████████████▏  11 KB                         [K
pulling cff3f395ef37: 100% ▕██████████████████▏  120 B                         [K
verifying sha256 digest ⠴ [K[?25h[?2026l[?2026h[?25l[A[A[A[A[A[1Gpulling manifest [K
pulling e9183b5c18a0: 100% ▕█████████████████ ▏  18 GB/ 18 GB  136 MB/s      0s[K
pulling ae370d884f10: 100% ▕██████████████████▏ 1.7 KB                         [K
pulling d18a5cc71b84: 100% ▕██████████████████▏  11 KB                         [K
pulling cff3f395ef37: 100% ▕██████████████████▏  120 B                         [K
verifying sha256 digest ⠦ [K[?25h[?2026l[?2026h[?25l[A[A[A[A[A[1Gpulling manifest [K
pulling e9183b5c18a0: 100% ▕█████████████████ ▏  18 GB/ 18 GB  136 MB/s      0s[K
pulling ae370d884f10: 100% ▕██████████████████▏ 1.7 KB                         [K
pulling d18a5cc71b84: 100% ▕██████████████████▏  11 KB                         [K
pulling cff3f395ef37: 100% ▕██████████████████▏  120 B                         [K
verifying sha256 digest ⠧ [K[?25h[?2026l[?2026h[?25l[A[A[A[A[A[1Gpulling manifest [K
pulling e9183b5c18a0: 100% ▕█████████████████ ▏  18 GB/ 18 GB  136 MB/s      0s[K
pulling ae370d884f10: 100% ▕██████████████████▏ 1.7 KB                         [K
pulling d18a5cc71b84: 100% ▕██████████████████▏  11 KB                         [K
pulling cff3f395ef37: 100% ▕██████████████████▏  120 B                         [K
verifying sha256 digest ⠇ [K[?25h[?2026l[?2026h[?25l[A[A[A[A[A[1Gpulling manifest [K
pulling e9183b5c18a0: 100% ▕█████████████████ ▏  18 GB/ 18 GB  136 MB/s      0s[K
pulling ae370d884f10: 100% ▕██████████████████▏ 1.7 KB                         [K
pulling d18a5cc71b84: 100% ▕██████████████████▏  11 KB                         [K
pulling cff3f395ef37: 100% ▕██████████████████▏  120 B                         [K
verifying sha256 digest ⠏ [K[?25h[?2026l[?2026h[?25l[A[A[A[A[A[1Gpulling manifest [K
pulling e9183b5c18a0: 100% ▕█████████████████ ▏  18 GB/ 18 GB  136 MB/s      0s[K
pulling ae370d884f10: 100% ▕██████████████████▏ 1.7 KB                         [K
pulling d18a5cc71b84: 100% ▕██████████████████▏  11 KB                         [K
pulling cff3f395ef37: 100% ▕██████████████████▏  120 B                         [K
verifying sha256 digest ⠋ [K[?25h[?2026l[?2026h[?25l[A[A[A[A[A[1Gpulling manifest [K
pulling e9183b5c18a0: 100% ▕█████████████████ ▏  18 GB/ 18 GB  136 MB/s      0s[K
pulling ae370d884f10: 100% ▕██████████████████▏ 1.7 KB                         [K
pulling d18a5cc71b84: 100% ▕██████████████████▏  11 KB                         [K
pulling cff3f395ef37: 100% ▕██████████████████▏  120 B                         [K
verifying sha256 digest ⠙ [K[?25h[?2026l[?2026h[?25l[A[A[A[A[A[1Gpulling manifest [K
pulling e9183b5c18a0: 100% ▕█████████████████ ▏  18 GB/ 18 GB  136 MB/s      0s[K
pulling ae370d884f10: 100% ▕██████████████████▏ 1.7 KB                         [K
pulling d18a5cc71b84: 100% ▕██████████████████▏  11 KB                         [K
pulling cff3f395ef37: 100% ▕██████████████████▏  120 B                         [K
verifying sha256 digest ⠹ [K[?25h[?2026l[?2026h[?25l[A[A[A[A[A[1Gpulling manifest [K
pulling e9183b5c18a0: 100% ▕█████████████████ ▏  18 GB/ 18 GB  136 MB/s      0s[K
pulling ae370d884f10: 100% ▕██████████████████▏ 1.7 KB                         [K
pulling d18a5cc71b84: 100% ▕██████████████████▏  11 KB                         [K
pulling cff3f395ef37: 100% ▕██████████████████▏  120 B                         [K
verifying sha256 digest ⠸ [K[?25h[?2026l[?2026h[?25l[A[A[A[A[A[1Gpulling manifest [K
pulling e9183b5c18a0: 100% ▕█████████████████ ▏  18 GB/ 18 GB  136 MB/s      0s[K
pulling ae370d884f10: 100% ▕██████████████████▏ 1.7 KB                         [K
pulling d18a5cc71b84: 100% ▕██████████████████▏  11 KB                         [K
pulling cff3f395ef37: 100% ▕██████████████████▏  120 B                         [K
verifying sha256 digest ⠼ [K[?25h[?2026l[?2026h[?25l[A[A[A[A[A[1Gpulling manifest [K
pulling e9183b5c18a0: 100% ▕█████████████████ ▏  18 GB/ 18 GB  136 MB/s      0s[K
pulling ae370d884f10: 100% ▕██████████████████▏ 1.7 KB                         [K
pulling d18a5cc71b84: 100% ▕██████████████████▏  11 KB                         [K
pulling cff3f395ef37: 100% ▕██████████████████▏  120 B                         [K
verifying sha256 digest ⠴ [K[?25h[?2026l[?2026h[?25l[A[A[A[A[A[1Gpulling manifest [K
pulling e9183b5c18a0: 100% ▕█████████████████ ▏  18 GB/ 18 GB  136 MB/s      0s[K
pulling ae370d884f10: 100% ▕██████████████████▏ 1.7 KB                         [K
pulling d18a5cc71b84: 100% ▕██████████████████▏  11 KB                         [K
pulling cff3f395ef37: 100% ▕██████████████████▏  120 B                         [K
verifying sha256 digest ⠦ [K[?25h[?2026l[?2026h[?25l[A[A[A[A[A[1Gpulling manifest [K
pulling e9183b5c18a0: 100% ▕█████████████████ ▏  18 GB/ 18 GB  136 MB/s      0s[K
pulling ae370d884f10: 100% ▕██████████████████▏ 1.7 KB                         [K
pulling d18a5cc71b84: 100% ▕██████████████████▏  11 KB                         [K
pulling cff3f395ef37: 100% ▕██████████████████▏  120 B                         [K
verifying sha256 digest ⠧ [K[?25h[?2026l[?2026h[?25l[A[A[A[A[A[1Gpulling manifest [K
pulling e9183b5c18a0: 100% ▕█████████████████ ▏  18 GB/ 18 GB  136 MB/s      0s[K
pulling ae370d884f10: 100% ▕██████████████████▏ 1.7 KB                         [K
pulling d18a5cc71b84: 100% ▕██████████████████▏  11 KB                         [K
pulling cff3f395ef37: 100% ▕██████████████████▏  120 B                         [K
verifying sha256 digest ⠇ [K[?25h[?2026l[?2026h[?25l[A[A[A[A[A[1Gpulling manifest [K
pulling e9183b5c18a0: 100% ▕█████████████████ ▏  18 GB/ 18 GB  136 MB/s      0s[K
pulling ae370d884f10: 100% ▕██████████████████▏ 1.7 KB                         [K
pulling d18a5cc71b84: 100% ▕██████████████████▏  11 KB                         [K
pulling cff3f395ef37: 100% ▕██████████████████▏  120 B                         [K
verifying sha256 digest ⠏ [K[?25h[?2026l[?2026h[?25l[A[A[A[A[A[1Gpulling manifest [K
pulling e9183b5c18a0: 100% ▕█████████████████ ▏  18 GB/ 18 GB  136 MB/s      0s[K
pulling ae370d884f10: 100% ▕██████████████████▏ 1.7 KB                         [K
pulling d18a5cc71b84: 100% ▕██████████████████▏  11 KB                         [K
pulling cff3f395ef37: 100% ▕██████████████████▏  120 B                         [K
verifying sha256 digest ⠋ [K[?25h[?2026l[?2026h[?25l[A[A[A[A[A[1Gpulling manifest [K
pulling e9183b5c18a0: 100% ▕█████████████████ ▏  18 GB/ 18 GB  136 MB/s      0s[K
pulling ae370d884f10: 100% ▕██████████████████▏ 1.7 KB                         [K
pulling d18a5cc71b84: 100% ▕██████████████████▏  11 KB                         [K
pulling cff3f395ef37: 100% ▕██████████████████▏  120 B                         [K
verifying sha256 digest ⠙ [K[?25h[?2026l[?2026h[?25l[A[A[A[A[A[1Gpulling manifest [K
pulling e9183b5c18a0: 100% ▕█████████████████ ▏  18 GB/ 18 GB  136 MB/s      0s[K
pulling ae370d884f10: 100% ▕██████████████████▏ 1.7 KB                         [K
pulling d18a5cc71b84: 100% ▕██████████████████▏  11 KB                         [K
pulling cff3f395ef37: 100% ▕██████████████████▏  120 B                         [K
verifying sha256 digest ⠹ [K[?25h[?2026l[?2026h[?25l[A[A[A[A[A[1Gpulling manifest [K
pulling e9183b5c18a0: 100% ▕█████████████████ ▏  18 GB/ 18 GB  136 MB/s      0s[K
pulling ae370d884f10: 100% ▕██████████████████▏ 1.7 KB                         [K
pulling d18a5cc71b84: 100% ▕██████████████████▏  11 KB                         [K
pulling cff3f395ef37: 100% ▕██████████████████▏  120 B                         [K
verifying sha256 digest ⠸ [K[?25h[?2026l[?2026h[?25l[A[A[A[A[A[1Gpulling manifest [K
pulling e9183b5c18a0: 100% ▕█████████████████ ▏  18 GB/ 18 GB  136 MB/s      0s[K
pulling ae370d884f10: 100% ▕██████████████████▏ 1.7 KB                         [K
pulling d18a5cc71b84: 100% ▕██████████████████▏  11 KB                         [K
pulling cff3f395ef37: 100% ▕██████████████████▏  120 B                         [K
verifying sha256 digest ⠼ [K[?25h[?2026l[?2026h[?25l[A[A[A[A[A[1Gpulling manifest [K
pulling e9183b5c18a0: 100% ▕█████████████████ ▏  18 GB/ 18 GB  136 MB/s      0s[K
pulling ae370d884f10: 100% ▕██████████████████▏ 1.7 KB                         [K
pulling d18a5cc71b84: 100% ▕██████████████████▏  11 KB                         [K
pulling cff3f395ef37: 100% ▕██████████████████▏  120 B                         [K
verifying sha256 digest ⠴ [K[?25h[?2026l[?2026h[?25l[A[A[A[A[A[1Gpulling manifest [K
pulling e9183b5c18a0: 100% ▕█████████████████ ▏  18 GB/ 18 GB  136 MB/s      0s[K
pulling ae370d884f10: 100% ▕██████████████████▏ 1.7 KB                         [K
pulling d18a5cc71b84: 100% ▕██████████████████▏  11 KB                         [K
pulling cff3f395ef37: 100% ▕██████████████████▏  120 B                         [K
verifying sha256 digest ⠦ [K[?25h[?2026l[?2026h[?25l[A[A[A[A[A[1Gpulling manifest [K
pulling e9183b5c18a0: 100% ▕█████████████████ ▏  18 GB/ 18 GB  136 MB/s      0s[K
pulling ae370d884f10: 100% ▕██████████████████▏ 1.7 KB                         [K
pulling d18a5cc71b84: 100% ▕██████████████████▏  11 KB                         [K
pulling cff3f395ef37: 100% ▕██████████████████▏  120 B                         [K
verifying sha256 digest ⠧ [K[?25h[?2026l[?2026h[?25l[A[A[A[A[A[1Gpulling manifest [K
pulling e9183b5c18a0: 100% ▕█████████████████ ▏  18 GB/ 18 GB  136 MB/s      0s[K
pulling ae370d884f10: 100% ▕██████████████████▏ 1.7 KB                         [K
pulling d18a5cc71b84: 100% ▕██████████████████▏  11 KB                         [K
pulling cff3f395ef37: 100% ▕██████████████████▏  120 B                         [K
verifying sha256 digest ⠇ [K[?25h[?2026l[?2026h[?25l[A[A[A[A[A[1Gpulling manifest [K
pulling e9183b5c18a0: 100% ▕█████████████████ ▏  18 GB/ 18 GB  136 MB/s      0s[K
pulling ae370d884f10: 100% ▕██████████████████▏ 1.7 KB                         [K
pulling d18a5cc71b84: 100% ▕██████████████████▏  11 KB                         [K
pulling cff3f395ef37: 100% ▕██████████████████▏  120 B                         [K
verifying sha256 digest ⠏ [K[?25h[?2026l[?2026h[?25l[A[A[A[A[A[1Gpulling manifest [K
pulling e9183b5c18a0: 100% ▕█████████████████ ▏  18 GB/ 18 GB  136 MB/s      0s[K
pulling ae370d884f10: 100% ▕██████████████████▏ 1.7 KB                         [K
pulling d18a5cc71b84: 100% ▕██████████████████▏  11 KB                         [K
pulling cff3f395ef37: 100% ▕██████████████████▏  120 B                         [K
verifying sha256 digest ⠋ [K[?25h[?2026l[?2026h[?25l[A[A[A[A[A[1Gpulling manifest [K
pulling e9183b5c18a0: 100% ▕█████████████████ ▏  18 GB/ 18 GB  136 MB/s      0s[K
pulling ae370d884f10: 100% ▕██████████████████▏ 1.7 KB                         [K
pulling d18a5cc71b84: 100% ▕██████████████████▏  11 KB                         [K
pulling cff3f395ef37: 100% ▕██████████████████▏  120 B                         [K
verifying sha256 digest ⠙ [K[?25h[?2026l[?2026h[?25l[A[A[A[A[A[1Gpulling manifest [K
pulling e9183b5c18a0: 100% ▕█████████████████ ▏  18 GB/ 18 GB  136 MB/s      0s[K
pulling ae370d884f10: 100% ▕██████████████████▏ 1.7 KB                         [K
pulling d18a5cc71b84: 100% ▕██████████████████▏  11 KB                         [K
pulling cff3f395ef37: 100% ▕██████████████████▏  120 B                         [K
verifying sha256 digest ⠹ [K[?25h[?2026l[?2026h[?25l[A[A[A[A[A[1Gpulling manifest [K
pulling e9183b5c18a0: 100% ▕█████████████████ ▏  18 GB/ 18 GB  136 MB/s      0s[K
pulling ae370d884f10: 100% ▕██████████████████▏ 1.7 KB                         [K
pulling d18a5cc71b84: 100% ▕██████████████████▏  11 KB                         [K
pulling cff3f395ef37: 100% ▕██████████████████▏  120 B                         [K
verifying sha256 digest ⠸ [K[?25h[?2026l[?2026h[?25l[A[A[A[A[A[1Gpulling manifest [K
pulling e9183b5c18a0: 100% ▕█████████████████ ▏  18 GB/ 18 GB  136 MB/s      0s[K
pulling ae370d884f10: 100% ▕██████████████████▏ 1.7 KB                         [K
pulling d18a5cc71b84: 100% ▕██████████████████▏  11 KB                         [K
pulling cff3f395ef37: 100% ▕██████████████████▏  120 B                         [K
verifying sha256 digest ⠼ [K[?25h[?2026l[?2026h[?25l[A[A[A[A[A[1Gpulling manifest [K
pulling e9183b5c18a0: 100% ▕█████████████████ ▏  18 GB/ 18 GB  136 MB/s      0s[K
pulling ae370d884f10: 100% ▕██████████████████▏ 1.7 KB                         [K
pulling d18a5cc71b84: 100% ▕██████████████████▏  11 KB                         [K
pulling cff3f395ef37: 100% ▕██████████████████▏  120 B                         [K
verifying sha256 digest ⠴ [K[?25h[?2026l[?2026h[?25l[A[A[A[A[A[1Gpulling manifest [K
pulling e9183b5c18a0: 100% ▕█████████████████ ▏  18 GB/ 18 GB  136 MB/s      0s[K
pulling ae370d884f10: 100% ▕██████████████████▏ 1.7 KB                         [K
pulling d18a5cc71b84: 100% ▕██████████████████▏  11 KB                         [K
pulling cff3f395ef37: 100% ▕██████████████████▏  120 B                         [K
verifying sha256 digest ⠦ [K[?25h[?2026l[?2026h[?25l[A[A[A[A[A[1Gpulling manifest [K
pulling e9183b5c18a0: 100% ▕█████████████████ ▏  18 GB/ 18 GB  136 MB/s      0s[K
pulling ae370d884f10: 100% ▕██████████████████▏ 1.7 KB                         [K
pulling d18a5cc71b84: 100% ▕██████████████████▏  11 KB                         [K
pulling cff3f395ef37: 100% ▕██████████████████▏  120 B                         [K
verifying sha256 digest ⠧ [K[?25h[?2026l[?2026h[?25l[A[A[A[A[A[1Gpulling manifest [K
pulling e9183b5c18a0: 100% ▕█████████████████ ▏  18 GB/ 18 GB  136 MB/s      0s[K
pulling ae370d884f10: 100% ▕██████████████████▏ 1.7 KB                         [K
pulling d18a5cc71b84: 100% ▕██████████████████▏  11 KB                         [K
pulling cff3f395ef37: 100% ▕██████████████████▏  120 B                         [K
verifying sha256 digest ⠇ [K[?25h[?2026l[?2026h[?25l[A[A[A[A[A[1Gpulling manifest [K
pulling e9183b5c18a0: 100% ▕█████████████████ ▏  18 GB/ 18 GB  136 MB/s      0s[K
pulling ae370d884f10: 100% ▕██████████████████▏ 1.7 KB                         [K
pulling d18a5cc71b84: 100% ▕██████████████████▏  11 KB                         [K
pulling cff3f395ef37: 100% ▕██████████████████▏  120 B                         [K
verifying sha256 digest ⠏ [K[?25h[?2026l[?2026h[?25l[A[A[A[A[A[1Gpulling manifest [K
pulling e9183b5c18a0: 100% ▕█████████████████ ▏  18 GB/ 18 GB  136 MB/s      0s[K
pulling ae370d884f10: 100% ▕██████████████████▏ 1.7 KB                         [K
pulling d18a5cc71b84: 100% ▕██████████████████▏  11 KB                         [K
pulling cff3f395ef37: 100% ▕██████████████████▏  120 B                         [K
verifying sha256 digest ⠋ [K[?25h[?2026l[?2026h[?25l[A[A[A[A[A[1Gpulling manifest [K
pulling e9183b5c18a0: 100% ▕█████████████████ ▏  18 GB/ 18 GB  136 MB/s      0s[K
pulling ae370d884f10: 100% ▕██████████████████▏ 1.7 KB                         [K
pulling d18a5cc71b84: 100% ▕██████████████████▏  11 KB                         [K
pulling cff3f395ef37: 100% ▕██████████████████▏  120 B                         [K
verifying sha256 digest ⠙ [K[?25h[?2026l[?2026h[?25l[A[A[A[A[A[1Gpulling manifest [K
pulling e9183b5c18a0: 100% ▕█████████████████ ▏  18 GB/ 18 GB  136 MB/s      0s[K
pulling ae370d884f10: 100% ▕██████████████████▏ 1.7 KB                         [K
pulling d18a5cc71b84: 100% ▕██████████████████▏  11 KB                         [K
pulling cff3f395ef37: 100% ▕██████████████████▏  120 B                         [K
verifying sha256 digest ⠹ [K[?25h[?2026l[?2026h[?25l[A[A[A[A[A[1Gpulling manifest [K
pulling e9183b5c18a0: 100% ▕█████████████████ ▏  18 GB/ 18 GB  136 MB/s      0s[K
pulling ae370d884f10: 100% ▕██████████████████▏ 1.7 KB                         [K
pulling d18a5cc71b84: 100% ▕██████████████████▏  11 KB                         [K
pulling cff3f395ef37: 100% ▕██████████████████▏  120 B                         [K
verifying sha256 digest ⠸ [K[?25h[?2026l[?2026h[?25l[A[A[A[A[A[1Gpulling manifest [K
pulling e9183b5c18a0: 100% ▕█████████████████ ▏  18 GB/ 18 GB  136 MB/s      0s[K
pulling ae370d884f10: 100% ▕██████████████████▏ 1.7 KB                         [K
pulling d18a5cc71b84: 100% ▕██████████████████▏  11 KB                         [K
pulling cff3f395ef37: 100% ▕██████████████████▏  120 B                         [K
verifying sha256 digest ⠼ [K[?25h[?2026l[?2026h[?25l[A[A[A[A[A[1Gpulling manifest [K
pulling e9183b5c18a0: 100% ▕█████████████████ ▏  18 GB/ 18 GB  136 MB/s      0s[K
pulling ae370d884f10: 100% ▕██████████████████▏ 1.7 KB                         [K
pulling d18a5cc71b84: 100% ▕██████████████████▏  11 KB                         [K
pulling cff3f395ef37: 100% ▕██████████████████▏  120 B                         [K
verifying sha256 digest ⠴ [K[?25h[?2026l[?2026h[?25l[A[A[A[A[A[1Gpulling manifest [K
pulling e9183b5c18a0: 100% ▕█████████████████ ▏  18 GB/ 18 GB  136 MB/s      0s[K
pulling ae370d884f10: 100% ▕██████████████████▏ 1.7 KB                         [K
pulling d18a5cc71b84: 100% ▕██████████████████▏  11 KB                         [K
pulling cff3f395ef37: 100% ▕██████████████████▏  120 B                         [K
verifying sha256 digest ⠦ [K[?25h[?2026l[?2026h[?25l[A[A[A[A[A[1Gpulling manifest [K
pulling e9183b5c18a0: 100% ▕█████████████████ ▏  18 GB/ 18 GB  136 MB/s      0s[K
pulling ae370d884f10: 100% ▕██████████████████▏ 1.7 KB                         [K
pulling d18a5cc71b84: 100% ▕██████████████████▏  11 KB                         [K
pulling cff3f395ef37: 100% ▕██████████████████▏  120 B                         [K
verifying sha256 digest ⠧ [K[?25h[?2026l[?2026h[?25l[A[A[A[A[A[1Gpulling manifest [K
pulling e9183b5c18a0: 100% ▕█████████████████ ▏  18 GB/ 18 GB  136 MB/s      0s[K
pulling ae370d884f10: 100% ▕██████████████████▏ 1.7 KB                         [K
pulling d18a5cc71b84: 100% ▕██████████████████▏  11 KB                         [K
pulling cff3f395ef37: 100% ▕██████████████████▏  120 B                         [K
verifying sha256 digest ⠇ [K[?25h[?2026l[?2026h[?25l[A[A[A[A[A[1Gpulling manifest [K
pulling e9183b5c18a0: 100% ▕█████████████████ ▏  18 GB/ 18 GB  136 MB/s      0s[K
pulling ae370d884f10: 100% ▕██████████████████▏ 1.7 KB                         [K
pulling d18a5cc71b84: 100% ▕██████████████████▏  11 KB                         [K
pulling cff3f395ef37: 100% ▕██████████████████▏  120 B                         [K
verifying sha256 digest ⠏ [K[?25h[?2026l[?2026h[?25l[A[A[A[A[A[1Gpulling manifest [K
pulling e9183b5c18a0: 100% ▕█████████████████ ▏  18 GB/ 18 GB  136 MB/s      0s[K
pulling ae370d884f10: 100% ▕██████████████████▏ 1.7 KB                         [K
pulling d18a5cc71b84: 100% ▕██████████████████▏  11 KB                         [K
pulling cff3f395ef37: 100% ▕██████████████████▏  120 B                         [K
verifying sha256 digest ⠋ [K[?25h[?2026l[?2026h[?25l[A[A[A[A[A[1Gpulling manifest [K
pulling e9183b5c18a0: 100% ▕█████████████████ ▏  18 GB/ 18 GB  136 MB/s      0s[K
pulling ae370d884f10: 100% ▕██████████████████▏ 1.7 KB                         [K
pulling d18a5cc71b84: 100% ▕██████████████████▏  11 KB                         [K
pulling cff3f395ef37: 100% ▕██████████████████▏  120 B                         [K
verifying sha256 digest ⠙ [K[?25h[?2026l[?2026h[?25l[A[A[A[A[A[1Gpulling manifest [K
pulling e9183b5c18a0: 100% ▕█████████████████ ▏  18 GB/ 18 GB  136 MB/s      0s[K
pulling ae370d884f10: 100% ▕██████████████████▏ 1.7 KB                         [K
pulling d18a5cc71b84: 100% ▕██████████████████▏  11 KB                         [K
pulling cff3f395ef37: 100% ▕██████████████████▏  120 B                         [K
verifying sha256 digest ⠹ [K[?25h[?2026l[?2026h[?25l[A[A[A[A[A[1Gpulling manifest [K
pulling e9183b5c18a0: 100% ▕█████████████████ ▏  18 GB/ 18 GB  136 MB/s      0s[K
pulling ae370d884f10: 100% ▕██████████████████▏ 1.7 KB                         [K
pulling d18a5cc71b84: 100% ▕██████████████████▏  11 KB                         [K
pulling cff3f395ef37: 100% ▕██████████████████▏  120 B                         [K
verifying sha256 digest ⠸ [K[?25h[?2026l[?2026h[?25l[A[A[A[A[A[1Gpulling manifest [K
pulling e9183b5c18a0: 100% ▕█████████████████ ▏  18 GB/ 18 GB  136 MB/s      0s[K
pulling ae370d884f10: 100% ▕██████████████████▏ 1.7 KB                         [K
pulling d18a5cc71b84: 100% ▕██████████████████▏  11 KB                         [K
pulling cff3f395ef37: 100% ▕██████████████████▏  120 B                         [K
verifying sha256 digest ⠼ [K[?25h[?2026l[?2026h[?25l[A[A[A[A[A[1Gpulling manifest [K
pulling e9183b5c18a0: 100% ▕█████████████████ ▏  18 GB/ 18 GB  136 MB/s      0s[K
pulling ae370d884f10: 100% ▕██████████████████▏ 1.7 KB                         [K
pulling d18a5cc71b84: 100% ▕██████████████████▏  11 KB                         [K
pulling cff3f395ef37: 100% ▕██████████████████▏  120 B                         [K
verifying sha256 digest ⠴ [K[?25h[?2026l[?2026h[?25l[A[A[A[A[A[1Gpulling manifest [K
pulling e9183b5c18a0: 100% ▕█████████████████ ▏  18 GB/ 18 GB  136 MB/s      0s[K
pulling ae370d884f10: 100% ▕██████████████████▏ 1.7 KB                         [K
pulling d18a5cc71b84: 100% ▕██████████████████▏  11 KB                         [K
pulling cff3f395ef37: 100% ▕██████████████████▏  120 B                         [K
verifying sha256 digest ⠦ [K[?25h[?2026l[?2026h[?25l[A[A[A[A[A[1Gpulling manifest [K
pulling e9183b5c18a0: 100% ▕█████████████████ ▏  18 GB/ 18 GB  136 MB/s      0s[K
pulling ae370d884f10: 100% ▕██████████████████▏ 1.7 KB                         [K
pulling d18a5cc71b84: 100% ▕██████████████████▏  11 KB                         [K
pulling cff3f395ef37: 100% ▕██████████████████▏  120 B                         [K
verifying sha256 digest ⠧ [K[?25h[?2026l[?2026h[?25l[A[A[A[A[A[1Gpulling manifest [K
pulling e9183b5c18a0: 100% ▕█████████████████ ▏  18 GB/ 18 GB  136 MB/s      0s[K
pulling ae370d884f10: 100% ▕██████████████████▏ 1.7 KB                         [K
pulling d18a5cc71b84: 100% ▕██████████████████▏  11 KB                         [K
pulling cff3f395ef37: 100% ▕██████████████████▏  120 B                         [K
verifying sha256 digest ⠇ [K[?25h[?2026l[?2026h[?25l[A[A[A[A[A[1Gpulling manifest [K
pulling e9183b5c18a0: 100% ▕█████████████████ ▏  18 GB/ 18 GB  136 MB/s      0s[K
pulling ae370d884f10: 100% ▕██████████████████▏ 1.7 KB                         [K
pulling d18a5cc71b84: 100% ▕██████████████████▏  11 KB                         [K
pulling cff3f395ef37: 100% ▕██████████████████▏  120 B                         [K
verifying sha256 digest ⠏ [K[?25h[?2026l[?2026h[?25l[A[A[A[A[A[1Gpulling manifest [K
pulling e9183b5c18a0: 100% ▕█████████████████ ▏  18 GB/ 18 GB  136 MB/s      0s[K
pulling ae370d884f10: 100% ▕██████████████████▏ 1.7 KB                         [K
pulling d18a5cc71b84: 100% ▕██████████████████▏  11 KB                         [K
pulling cff3f395ef37: 100% ▕██████████████████▏  120 B                         [K
verifying sha256 digest ⠋ [K[?25h[?2026l[?2026h[?25l[A[A[A[A[A[1Gpulling manifest [K
pulling e9183b5c18a0: 100% ▕█████████████████ ▏  18 GB/ 18 GB  136 MB/s      0s[K
pulling ae370d884f10: 100% ▕██████████████████▏ 1.7 KB                         [K
pulling d18a5cc71b84: 100% ▕██████████████████▏  11 KB                         [K
pulling cff3f395ef37: 100% ▕██████████████████▏  120 B                         [K
verifying sha256 digest ⠙ [K[?25h[?2026l[?2026h[?25l[A[A[A[A[A[1Gpulling manifest [K
pulling e9183b5c18a0: 100% ▕█████████████████ ▏  18 GB/ 18 GB  136 MB/s      0s[K
pulling ae370d884f10: 100% ▕██████████████████▏ 1.7 KB                         [K
pulling d18a5cc71b84: 100% ▕██████████████████▏  11 KB                         [K
pulling cff3f395ef37: 100% ▕██████████████████▏  120 B                         [K
verifying sha256 digest [K
writing manifest [K
success [K[?25h[?2026l
