[?2026h[?25l[1Gpulling manifest ⠋ [K[?25h[?2026l[?2026h[?25l[1Gpulling manifest ⠙ [K[?25h[?2026l[?2026h[?25l[1Gpulling manifest ⠹ [K[?25h[?2026l[?2026h[?25l[1Gpulling manifest ⠸ [K[?25h[?2026l[?2026h[?25l[1Gpulling manifest ⠼ [K[?25h[?2026l[?2026h[?25l[1Gpulling manifest ⠴ [K[?25h[?2026l[?2026h[?25l[1Gpulling manifest [K
pulling 4824460d29f2:   0% ▕                  ▏  35 MB/ 42 GB                  [K[?25h[?2026l[?2026h[?25l[A[1Gpulling manifest [K
pulling 4824460d29f2:   0% ▕                  ▏  84 MB/ 42 GB                  [K[?25h[?2026l[?2026h[?25l[A[1Gpulling manifest [K
pulling 4824460d29f2:   0% ▕                  ▏ 183 MB/ 42 GB                  [K[?25h[?2026l[?2026h[?25l[A[1Gpulling manifest [K
pulling 4824460d29f2:   1% ▕                  ▏ 302 MB/ 42 GB                  [K[?25h[?2026l[?2026h[?25l[A[1Gpulling manifest [K
pulling 4824460d29f2:   1% ▕                  ▏ 362 MB/ 42 GB                  [K[?25h[?2026l[?2026h[?25l[A[1Gpulling manifest [K
pulling 4824460d29f2:   1% ▕                  ▏ 481 MB/ 42 GB                  [K[?25h[?2026l[?2026h[?25l[A[1Gpulling manifest [K
pulling 4824460d29f2:   1% ▕                  ▏ 600 MB/ 42 GB                  [K[?25h[?2026l[?2026h[?25l[A[1Gpulling manifest [K
pulling 4824460d29f2:   2% ▕                  ▏ 665 MB/ 42 GB                  [K[?25h[?2026l[?2026h[?25l[A[1Gpulling manifest [K
pulling 4824460d29f2:   2% ▕                  ▏ 782 MB/ 42 GB                  [K[?25h[?2026l[?2026h[?25l[A[1Gpulling manifest [K
pulling 4824460d29f2:   2% ▕                  ▏ 902 MB/ 42 GB                  [K[?25h[?2026l[?2026h[?25l[A[1Gpulling manifest [K
pulling 4824460d29f2:   2% ▕                  ▏ 963 MB/ 42 GB  958 MB/s     43s[K[?25h[?2026l[?2026h[?25l[A[1Gpulling manifest [K
pulling 4824460d29f2:   3% ▕                  ▏ 1.1 GB/ 42 GB  958 MB/s     43s[K[?25h[?2026l[?2026h[?25l[A[1Gpulling manifest [K
pulling 4824460d29f2:   3% ▕                  ▏ 1.2 GB/ 42 GB  958 MB/s     43s[K[?25h[?2026l[?2026h[?25l[A[1Gpulling manifest [K
pulling 4824460d29f2:   3% ▕                  ▏ 1.3 GB/ 42 GB  958 MB/s     43s[K[?25h[?2026l[?2026h[?25l[A[1Gpulling manifest [K
pulling 4824460d29f2:   3% ▕                  ▏ 1.4 GB/ 42 GB  958 MB/s     42s[K[?25h[?2026l[?2026h[?25l[A[1Gpulling manifest [K
pulling 4824460d29f2:   3% ▕                  ▏ 1.5 GB/ 42 GB  958 MB/s     42s[K[?25h[?2026l[?2026h[?25l[A[1Gpulling manifest [K
pulling 4824460d29f2:   4% ▕                  ▏ 1.5 GB/ 42 GB  958 MB/s     42s[K[?25h[?2026l[?2026h[?25l[A[1Gpulling manifest [K
pulling 4824460d29f2:   4% ▕                  ▏ 1.6 GB/ 42 GB  958 MB/s     42s[K[?25h[?2026l[?2026h[?25l[A[1Gpulling manifest [K
pulling 4824460d29f2:   4% ▕                  ▏ 1.8 GB/ 42 GB  958 MB/s     42s[K[?25h[?2026l[?2026h[?25l[A[1Gpulling manifest [K
pulling 4824460d29f2:   4% ▕                  ▏ 1.8 GB/ 42 GB  958 MB/s     42s[K[?25h[?2026l[?2026h[?25l[A[1Gpulling manifest [K
pulling 4824460d29f2:   5% ▕                  ▏ 1.9 GB/ 42 GB  966 MB/s     41s[K[?25h[?2026l[?2026h[?25l[A[1Gpulling manifest [K
pulling 4824460d29f2:   5% ▕                  ▏ 2.1 GB/ 42 GB  966 MB/s     41s[K[?25h[?2026l[?2026h[?25l[A[1Gpulling manifest [K
pulling 4824460d29f2:   5% ▕                  ▏ 2.1 GB/ 42 GB  966 MB/s     41s[K[?25h[?2026l[?2026h[?25l[A[1Gpulling manifest [K
pulling 4824460d29f2:   5% ▕                  ▏ 2.2 GB/ 42 GB  966 MB/s     41s[K[?25h[?2026l[?2026h[?25l[A[1Gpulling manifest [K
pulling 4824460d29f2:   6% ▕                  ▏ 2.4 GB/ 42 GB  966 MB/s     41s[K[?25h[?2026l[?2026h[?25l[A[1Gpulling manifest [K
pulling 4824460d29f2:   6% ▕█                 ▏ 2.4 GB/ 42 GB  966 MB/s     41s[K[?25h[?2026l[?2026h[?25l[A[1Gpulling manifest [K
pulling 4824460d29f2:   6% ▕█                 ▏ 2.5 GB/ 42 GB  966 MB/s     41s[K[?25h[?2026l[?2026h[?25l[A[1Gpulling manifest [K
pulling 4824460d29f2:   6% ▕█                 ▏ 2.7 GB/ 42 GB  966 MB/s     41s[K[?25h[?2026l[?2026h[?25l[A[1Gpulling manifest [K
pulling 4824460d29f2:   6% ▕█                 ▏ 2.7 GB/ 42 GB  966 MB/s     41s[K[?25h[?2026l[?2026h[?25l[A[1Gpulling manifest [K
pulling 4824460d29f2:   7% ▕█                 ▏ 2.8 GB/ 42 GB  966 MB/s     41s[K[?25h[?2026l[?2026h[?25l[A[1Gpulling manifest [K
pulling 4824460d29f2:   7% ▕█                 ▏ 3.0 GB/ 42 GB  987 MB/s     40s[K[?25h[?2026l[?2026h[?25l[A[1Gpulling manifest [K
pulling 4824460d29f2:   7% ▕█                 ▏ 3.0 GB/ 42 GB  987 MB/s     39s[K[?25h[?2026l[?2026h[?25l[A[1Gpulling manifest [K
pulling 4824460d29f2:   7% ▕█                 ▏ 3.1 GB/ 42 GB  987 MB/s     39s[K[?25h[?2026l[?2026h[?25l[A[1Gpulling manifest [K
pulling 4824460d29f2:   8% ▕█                 ▏ 3.3 GB/ 42 GB  987 MB/s     39s[K[?25h[?2026l[?2026h[?25l[A[1Gpulling manifest [K
pulling 4824460d29f2:   8% ▕█                 ▏ 3.3 GB/ 42 GB  987 MB/s     39s[K[?25h[?2026l[?2026h[?25l[A[1Gpulling manifest [K
pulling 4824460d29f2:   8% ▕█                 ▏ 3.5 GB/ 42 GB  987 MB/s     39s[K[?25h[?2026l[?2026h[?25l[A[1Gpulling manifest [K
pulling 4824460d29f2:   8% ▕█                 ▏ 3.6 GB/ 42 GB  987 MB/s     39s[K[?25h[?2026l[?2026h[?25l[A[1Gpulling manifest [K
pulling 4824460d29f2:   9% ▕█                 ▏ 3.6 GB/ 42 GB  987 MB/s     39s[K[?25h[?2026l[?2026h[?25l[A[1Gpulling manifest [K
pulling 4824460d29f2:   9% ▕█                 ▏ 3.8 GB/ 42 GB  987 MB/s     39s[K[?25h[?2026l[?2026h[?25l[A[1Gpulling manifest [K
pulling 4824460d29f2:   9% ▕█                 ▏ 3.9 GB/ 42 GB  987 MB/s     39s[K[?25h[?2026l[?2026h[?25l[A[1Gpulling manifest [K
pulling 4824460d29f2:   9% ▕█                 ▏ 3.9 GB/ 42 GB  987 MB/s     39s[K[?25h[?2026l[?2026h[?25l[A[1Gpulling manifest [K
pulling 4824460d29f2:   9% ▕█                 ▏ 4.0 GB/ 42 GB  995 MB/s     38s[K[?25h[?2026l[?2026h[?25l[A[1Gpulling manifest [K
pulling 4824460d29f2:  10% ▕█                 ▏ 4.1 GB/ 42 GB  995 MB/s     38s[K[?25h[?2026l[?2026h[?25l[A[1Gpulling manifest [K
pulling 4824460d29f2:  10% ▕█                 ▏ 4.2 GB/ 42 GB  995 MB/s     38s[K[?25h[?2026l[?2026h[?25l[A[1Gpulling manifest [K
pulling 4824460d29f2:  10% ▕█                 ▏ 4.3 GB/ 42 GB  995 MB/s     38s[K[?25h[?2026l[?2026h[?25l[A[1Gpulling manifest [K
pulling 4824460d29f2:  10% ▕█                 ▏ 4.4 GB/ 42 GB  995 MB/s     38s[K[?25h[?2026l[?2026h[?25l[A[1Gpulling manifest [K
pulling 4824460d29f2:  11% ▕█                 ▏ 4.5 GB/ 42 GB  995 MB/s     38s[K[?25h[?2026l[?2026h[?25l[A[1Gpulling manifest [K
pulling 4824460d29f2:  11% ▕█                 ▏ 4.6 GB/ 42 GB  995 MB/s     38s[K[?25h[?2026l[?2026h[?25l[A[1Gpulling manifest [K
pulling 4824460d29f2:  11% ▕█                 ▏ 4.7 GB/ 42 GB  995 MB/s     38s[K[?25h[?2026l[?2026h[?25l[A[1Gpulling manifest [K
pulling 4824460d29f2:  11% ▕█                 ▏ 4.7 GB/ 42 GB  995 MB/s     37s[K[?25h[?2026l[?2026h[?25l[A[1Gpulling manifest [K
pulling 4824460d29f2:  11% ▕██                ▏ 4.8 GB/ 42 GB  995 MB/s     37s[K[?25h[?2026l[?2026h[?25l[A[1Gpulling manifest [K
pulling 4824460d29f2:  11% ▕██                ▏ 4.9 GB/ 42 GB  967 MB/s     38s[K[?25h[?2026l[?2026h[?25l[A[1Gpulling manifest [K
pulling 4824460d29f2:  12% ▕██                ▏ 4.9 GB/ 42 GB  967 MB/s     38s[K[?25h[?2026l[?2026h[?25l[A[1Gpulling manifest [K
pulling 4824460d29f2:  12% ▕██                ▏ 5.0 GB/ 42 GB  967 MB/s     38s[K[?25h[?2026l[?2026h[?25l[A[1Gpulling manifest [K
pulling 4824460d29f2:  12% ▕██                ▏ 5.1 GB/ 42 GB  967 MB/s     38s[K[?25h[?2026l[?2026h[?25l[A[1Gpulling manifest [K
pulling 4824460d29f2:  12% ▕██                ▏ 5.2 GB/ 42 GB  967 MB/s     38s[K[?25h[?2026l[?2026h[?25l[A[1Gpulling manifest [K
pulling 4824460d29f2:  12% ▕██                ▏ 5.3 GB/ 42 GB  967 MB/s     38s[K[?25h[?2026l[?2026h[?25l[A[1Gpulling manifest [K
pulling 4824460d29f2:  13% ▕██                ▏ 5.4 GB/ 42 GB  967 MB/s     38s[K[?25h[?2026l[?2026h[?25l[A[1Gpulling manifest [K
pulling 4824460d29f2:  13% ▕██                ▏ 5.4 GB/ 42 GB  967 MB/s     38s[K[?25h[?2026l[?2026h[?25l[A[1Gpulling manifest [K
pulling 4824460d29f2:  13% ▕██                ▏ 5.5 GB/ 42 GB  967 MB/s     38s[K[?25h[?2026l[?2026h[?25l[A[1Gpulling manifest [K
pulling 4824460d29f2:  13% ▕██                ▏ 5.6 GB/ 42 GB  967 MB/s     38s[K[?25h[?2026l[?2026h[?25l[A[1Gpulling manifest [K
pulling 4824460d29f2:  13% ▕██                ▏ 5.7 GB/ 42 GB  943 MB/s     39s[K[?25h[?2026l[?2026h[?25l[A[1Gpulling manifest [K
pulling 4824460d29f2:  14% ▕██                ▏ 5.8 GB/ 42 GB  943 MB/s     38s[K[?25h[?2026l[?2026h[?25l[A[1Gpulling manifest [K
pulling 4824460d29f2:  14% ▕██                ▏ 5.9 GB/ 42 GB  943 MB/s     38s[K[?25h[?2026l[?2026h[?25l[A[1Gpulling manifest [K
pulling 4824460d29f2:  14% ▕██                ▏ 5.9 GB/ 42 GB  943 MB/s     38s[K[?25h[?2026l[?2026h[?25l[A[1Gpulling manifest [K
pulling 4824460d29f2:  14% ▕██                ▏ 6.0 GB/ 42 GB  943 MB/s     38s[K[?25h[?2026l[?2026h[?25l[A[1Gpulling manifest [K
pulling 4824460d29f2:  14% ▕██                ▏ 6.1 GB/ 42 GB  943 MB/s     38s[K[?25h[?2026l[?2026h[?25l[A[1Gpulling manifest [K
pulling 4824460d29f2:  15% ▕██                ▏ 6.2 GB/ 42 GB  943 MB/s     38s[K[?25h[?2026l[?2026h[?25l[A[1Gpulling manifest [K
pulling 4824460d29f2:  15% ▕██                ▏ 6.3 GB/ 42 GB  943 MB/s     38s[K[?25h[?2026l[?2026h[?25l[A[1Gpulling manifest [K
pulling 4824460d29f2:  15% ▕██                ▏ 6.4 GB/ 42 GB  943 MB/s     38s[K[?25h[?2026l[?2026h[?25l[A[1Gpulling manifest [K
pulling 4824460d29f2:  15% ▕██                ▏ 6.4 GB/ 42 GB  943 MB/s     38s[K[?25h[?2026l[?2026h[?25l[A[1Gpulling manifest [K
pulling 4824460d29f2:  15% ▕██                ▏ 6.5 GB/ 42 GB  930 MB/s     38s[K[?25h[?2026l[?2026h[?25l[A[1Gpulling manifest [K
pulling 4824460d29f2:  16% ▕██                ▏ 6.6 GB/ 42 GB  930 MB/s     38s[K[?25h[?2026l[?2026h[?25l[A[1Gpulling manifest [K
pulling 4824460d29f2:  16% ▕██                ▏ 6.7 GB/ 42 GB  930 MB/s     38s[K[?25h[?2026l[?2026h[?25l[A[1Gpulling manifest [K
pulling 4824460d29f2:  16% ▕██                ▏ 6.8 GB/ 42 GB  930 MB/s     38s[K[?25h[?2026l[?2026h[?25l[A[1Gpulling manifest [K
pulling 4824460d29f2:  16% ▕██                ▏ 6.9 GB/ 42 GB  930 MB/s     38s[K[?25h[?2026l[?2026h[?25l[A[1Gpulling manifest [K
pulling 4824460d29f2:  16% ▕██                ▏ 6.9 GB/ 42 GB  930 MB/s     38s[K[?25h[?2026l[?2026h[?25l[A[1Gpulling manifest [K
pulling 4824460d29f2:  16% ▕██                ▏ 7.0 GB/ 42 GB  930 MB/s     38s[K[?25h[?2026l[?2026h[?25l[A[1Gpulling manifest [K
pulling 4824460d29f2:  17% ▕███               ▏ 7.1 GB/ 42 GB  930 MB/s     38s[K[?25h[?2026l[?2026h[?25l[A[1Gpulling manifest [K
pulling 4824460d29f2:  17% ▕███               ▏ 7.2 GB/ 42 GB  930 MB/s     37s[K[?25h[?2026l[?2026h[?25l[A[1Gpulling manifest [K
pulling 4824460d29f2:  17% ▕███               ▏ 7.2 GB/ 42 GB  930 MB/s     37s[K[?25h[?2026l[?2026h[?25l[A[1Gpulling manifest [K
pulling 4824460d29f2:  17% ▕███               ▏ 7.3 GB/ 42 GB  917 MB/s     38s[K[?25h[?2026l[?2026h[?25l[A[1Gpulling manifest [K
pulling 4824460d29f2:  17% ▕███               ▏ 7.4 GB/ 42 GB  917 MB/s     38s[K[?25h[?2026l[?2026h[?25l[A[1Gpulling manifest [K
pulling 4824460d29f2:  18% ▕███               ▏ 7.5 GB/ 42 GB  917 MB/s     38s[K[?25h[?2026l[?2026h[?25l[A[1Gpulling manifest [K
pulling 4824460d29f2:  18% ▕███               ▏ 7.6 GB/ 42 GB  917 MB/s     38s[K[?25h[?2026l[?2026h[?25l[A[1Gpulling manifest [K
pulling 4824460d29f2:  18% ▕███               ▏ 7.6 GB/ 42 GB  917 MB/s     38s[K[?25h[?2026l[?2026h[?25l[A[1Gpulling manifest [K
pulling 4824460d29f2:  18% ▕███               ▏ 7.7 GB/ 42 GB  917 MB/s     37s[K[?25h[?2026l[?2026h[?25l[A[1Gpulling manifest [K
pulling 4824460d29f2:  18% ▕███               ▏ 7.8 GB/ 42 GB  917 MB/s     37s[K[?25h[?2026l[?2026h[?25l[A[1Gpulling manifest [K
pulling 4824460d29f2:  18% ▕███               ▏ 7.9 GB/ 42 GB  917 MB/s     37s[K[?25h[?2026l[?2026h[?25l[A[1Gpulling manifest [K
pulling 4824460d29f2:  19% ▕███               ▏ 7.9 GB/ 42 GB  917 MB/s     37s[K[?25h[?2026l[?2026h[?25l[A[1Gpulling manifest [K
pulling 4824460d29f2:  19% ▕███               ▏ 8.0 GB/ 42 GB  917 MB/s     37s[K[?25h[?2026l[?2026h[?25l[A[1Gpulling manifest [K
pulling 4824460d29f2:  19% ▕███               ▏ 8.1 GB/ 42 GB  917 MB/s     37s[K[?25h[?2026l[?2026h[?25l[A[1Gpulling manifest [K
pulling 4824460d29f2:  19% ▕███               ▏ 8.2 GB/ 42 GB  901 MB/s     38s[K[?25h[?2026l[?2026h[?25l[A[1Gpulling manifest [K
pulling 4824460d29f2:  19% ▕███               ▏ 8.3 GB/ 42 GB  901 MB/s     37s[K[?25h[?2026l[?2026h[?25l[A[1Gpulling manifest [K
pulling 4824460d29f2:  20% ▕███               ▏ 8.3 GB/ 42 GB  901 MB/s     37s[K[?25h[?2026l[?2026h[?25l[A[1Gpulling manifest [K
pulling 4824460d29f2:  20% ▕███               ▏ 8.4 GB/ 42 GB  901 MB/s     37s[K[?25h[?2026l[?2026h[?25l[A[1Gpulling manifest [K
pulling 4824460d29f2:  20% ▕███               ▏ 8.5 GB/ 42 GB  901 MB/s     37s[K[?25h[?2026l[?2026h[?25l[A[1Gpulling manifest [K
pulling 4824460d29f2:  20% ▕███               ▏ 8.6 GB/ 42 GB  901 MB/s     37s[K[?25h[?2026l[?2026h[?25l[A[1Gpulling manifest [K
pulling 4824460d29f2:  20% ▕███               ▏ 8.7 GB/ 42 GB  901 MB/s     37s[K[?25h[?2026l[?2026h[?25l[A[1Gpulling manifest [K
pulling 4824460d29f2:  21% ▕███               ▏ 8.8 GB/ 42 GB  901 MB/s     37s[K[?25h[?2026l[?2026h[?25l[A[1Gpulling manifest [K
pulling 4824460d29f2:  21% ▕███               ▏ 8.8 GB/ 42 GB  901 MB/s     37s[K[?25h[?2026l[?2026h[?25l[A[1Gpulling manifest [K
pulling 4824460d29f2:  21% ▕███               ▏ 8.9 GB/ 42 GB  901 MB/s     37s[K[?25h[?2026l[?2026h[?25l[A[1Gpulling manifest [K
pulling 4824460d29f2:  21% ▕███               ▏ 9.0 GB/ 42 GB  887 MB/s     37s[K[?25h[?2026l[?2026h[?25l[A[1Gpulling manifest [K
pulling 4824460d29f2:  21% ▕███               ▏ 9.0 GB/ 42 GB  887 MB/s     37s[K[?25h[?2026l[?2026h[?25l[A[1Gpulling manifest [K
pulling 4824460d29f2:  21% ▕███               ▏ 9.1 GB/ 42 GB  887 MB/s     37s[K[?25h[?2026l[?2026h[?25l[A[1Gpulling manifest [K
pulling 4824460d29f2:  22% ▕███               ▏ 9.2 GB/ 42 GB  887 MB/s     37s[K[?25h[?2026l[?2026h[?25l[A[1Gpulling manifest [K
pulling 4824460d29f2:  22% ▕███               ▏ 9.3 GB/ 42 GB  887 MB/s     37s[K[?25h[?2026l[?2026h[?25l[A[1Gpulling manifest [K
pulling 4824460d29f2:  22% ▕███               ▏ 9.4 GB/ 42 GB  887 MB/s     37s[K[?25h[?2026l[?2026h[?25l[A[1Gpulling manifest [K
pulling 4824460d29f2:  22% ▕████              ▏ 9.5 GB/ 42 GB  887 MB/s     37s[K[?25h[?2026l[?2026h[?25l[A[1Gpulling manifest [K
pulling 4824460d29f2:  22% ▕████              ▏ 9.5 GB/ 42 GB  887 MB/s     37s[K[?25h[?2026l[?2026h[?25l[A[1Gpulling manifest [K
pulling 4824460d29f2:  23% ▕████              ▏ 9.6 GB/ 42 GB  887 MB/s     37s[K[?25h[?2026l[?2026h[?25l[A[1Gpulling manifest [K
pulling 4824460d29f2:  23% ▕████              ▏ 9.7 GB/ 42 GB  887 MB/s     36s[K[?25h[?2026l[?2026h[?25l[A[1Gpulling manifest [K
pulling 4824460d29f2:  23% ▕████              ▏ 9.8 GB/ 42 GB  872 MB/s     37s[K[?25h[?2026l[?2026h[?25l[A[1Gpulling manifest [K
pulling 4824460d29f2:  23% ▕████              ▏ 9.9 GB/ 42 GB  872 MB/s     37s[K[?25h[?2026l[?2026h[?25l[A[1Gpulling manifest [K
pulling 4824460d29f2:  23% ▕███              ▏ 10.0 GB/ 42 GB  872 MB/s     37s[K[?25h[?2026l[?2026h[?25l[A[1Gpulling manifest [K
pulling 4824460d29f2:  24% ▕████              ▏  10 GB/ 42 GB  872 MB/s     37s[K[?25h[?2026l[?2026h[?25l[A[1Gpulling manifest [K
pulling 4824460d29f2:  24% ▕████              ▏  10 GB/ 42 GB  872 MB/s     37s[K[?25h[?2026l[?2026h[?25l[A[1Gpulling manifest [K
pulling 4824460d29f2:  24% ▕████              ▏  10 GB/ 42 GB  872 MB/s     37s[K[?25h[?2026l[?2026h[?25l[A[1Gpulling manifest [K
pulling 4824460d29f2:  24% ▕████              ▏  10 GB/ 42 GB  872 MB/s     36s[K[?25h[?2026l[?2026h[?25l[A[1Gpulling manifest [K
pulling 4824460d29f2:  24% ▕████              ▏  10 GB/ 42 GB  872 MB/s     36s[K[?25h[?2026l[?2026h[?25l[A[1Gpulling manifest [K
pulling 4824460d29f2:  25% ▕████              ▏  10 GB/ 42 GB  872 MB/s     36s[K[?25h[?2026l[?2026h[?25l[A[1Gpulling manifest [K
pulling 4824460d29f2:  25% ▕████              ▏  10 GB/ 42 GB  872 MB/s     36s[K[?25h[?2026l[?2026h[?25l[A[1Gpulling manifest [K
pulling 4824460d29f2:  25% ▕████              ▏  10 GB/ 42 GB  854 MB/s     37s[K[?25h[?2026l[?2026h[?25l[A[1Gpulling manifest [K
pulling 4824460d29f2:  25% ▕████              ▏  10 GB/ 42 GB  854 MB/s     37s[K[?25h[?2026l[?2026h[?25l[A[1Gpulling manifest [K
pulling 4824460d29f2:  25% ▕████              ▏  10 GB/ 42 GB  854 MB/s     37s[K[?25h[?2026l[?2026h[?25l[A[1Gpulling manifest [K
pulling 4824460d29f2:  26% ▕████              ▏  10 GB/ 42 GB  854 MB/s     36s[K[?25h[?2026l[?2026h[?25l[A[1Gpulling manifest [K
pulling 4824460d29f2:  26% ▕████              ▏  11 GB/ 42 GB  854 MB/s     36s[K[?25h[?2026l[?2026h[?25l[A[1Gpulling manifest [K
pulling 4824460d29f2:  26% ▕████              ▏  11 GB/ 42 GB  854 MB/s     36s[K[?25h[?2026l[?2026h[?25l[A[1Gpulling manifest [K
pulling 4824460d29f2:  26% ▕████              ▏  11 GB/ 42 GB  854 MB/s     36s[K[?25h[?2026l[?2026h[?25l[A[1Gpulling manifest [K
pulling 4824460d29f2:  27% ▕████              ▏  11 GB/ 42 GB  854 MB/s     36s[K[?25h[?2026l[?2026h[?25l[A[1Gpulling manifest [K
pulling 4824460d29f2:  27% ▕████              ▏  11 GB/ 42 GB  854 MB/s     36s[K[?25h[?2026l[?2026h[?25l[A[1Gpulling manifest [K
pulling 4824460d29f2:  27% ▕████              ▏  11 GB/ 42 GB  854 MB/s     36s[K[?25h[?2026l[?2026h[?25l[A[1Gpulling manifest [K
pulling 4824460d29f2:  27% ▕████              ▏  11 GB/ 42 GB  839 MB/s     36s[K[?25h[?2026l[?2026h[?25l[A[1Gpulling manifest [K
pulling 4824460d29f2:  27% ▕████              ▏  11 GB/ 42 GB  839 MB/s     36s[K[?25h[?2026l[?2026h[?25l[A[1Gpulling manifest [K
pulling 4824460d29f2:  28% ▕████              ▏  11 GB/ 42 GB  839 MB/s     36s[K[?25h[?2026l[?2026h[?25l[A[1Gpulling manifest [K
pulling 4824460d29f2:  28% ▕████              ▏  11 GB/ 42 GB  839 MB/s     36s[K[?25h[?2026l[?2026h[?25l[A[1Gpulling manifest [K
pulling 4824460d29f2:  28% ▕█████             ▏  11 GB/ 42 GB  839 MB/s     36s[K[?25h[?2026l[?2026h[?25l[A[1Gpulling manifest [K
pulling 4824460d29f2:  28% ▕█████             ▏  11 GB/ 42 GB  839 MB/s     36s[K[?25h[?2026l[?2026h[?25l[A[1Gpulling manifest [K
pulling 4824460d29f2:  28% ▕█████             ▏  12 GB/ 42 GB  839 MB/s     36s[K[?25h[?2026l[?2026h[?25l[A[1Gpulling manifest [K
pulling 4824460d29f2:  28% ▕█████             ▏  12 GB/ 42 GB  839 MB/s     36s[K[?25h[?2026l[?2026h[?25l[A[1Gpulling manifest [K
pulling 4824460d29f2:  29% ▕█████             ▏  12 GB/ 42 GB  839 MB/s     36s[K[?25h[?2026l[?2026h[?25l[A[1Gpulling manifest [K
pulling 4824460d29f2:  29% ▕█████             ▏  12 GB/ 42 GB  839 MB/s     36s[K[?25h[?2026l[?2026h[?25l[A[1Gpulling manifest [K
pulling 4824460d29f2:  29% ▕█████             ▏  12 GB/ 42 GB  839 MB/s     35s[K[?25h[?2026l[?2026h[?25l[A[1Gpulling manifest [K
pulling 4824460d29f2:  29% ▕█████             ▏  12 GB/ 42 GB  841 MB/s     35s[K[?25h[?2026l[?2026h[?25l[A[1Gpulling manifest [K
pulling 4824460d29f2:  29% ▕█████             ▏  12 GB/ 42 GB  841 MB/s     35s[K[?25h[?2026l[?2026h[?25l[A[1Gpulling manifest [K
pulling 4824460d29f2:  30% ▕█████             ▏  12 GB/ 42 GB  841 MB/s     35s[K[?25h[?2026l[?2026h[?25l[A[1Gpulling manifest [K
pulling 4824460d29f2:  30% ▕█████             ▏  12 GB/ 42 GB  841 MB/s     35s[K[?25h[?2026l[?2026h[?25l[A[1Gpulling manifest [K
pulling 4824460d29f2:  30% ▕█████             ▏  12 GB/ 42 GB  841 MB/s     35s[K[?25h[?2026l[?2026h[?25l[A[1Gpulling manifest [K
pulling 4824460d29f2:  30% ▕█████             ▏  12 GB/ 42 GB  841 MB/s     35s[K[?25h[?2026l[?2026h[?25l[A[1Gpulling manifest [K
pulling 4824460d29f2:  30% ▕█████             ▏  12 GB/ 42 GB  841 MB/s     35s[K[?25h[?2026l[?2026h[?25l[A[1Gpulling manifest [K
pulling 4824460d29f2:  31% ▕█████             ▏  13 GB/ 42 GB  841 MB/s     35s[K[?25h[?2026l[?2026h[?25l[A[1Gpulling manifest [K
pulling 4824460d29f2:  31% ▕█████             ▏  13 GB/ 42 GB  841 MB/s     35s[K[?25h[?2026l[?2026h[?25l[A[1Gpulling manifest [K
pulling 4824460d29f2:  31% ▕█████             ▏  13 GB/ 42 GB  841 MB/s     34s[K[?25h[?2026l[?2026h[?25l[A[1Gpulling manifest [K
pulling 4824460d29f2:  31% ▕█████             ▏  13 GB/ 42 GB  838 MB/s     34s[K[?25h[?2026l[?2026h[?25l[A[1Gpulling manifest [K
pulling 4824460d29f2:  31% ▕█████             ▏  13 GB/ 42 GB  838 MB/s     34s[K[?25h[?2026l[?2026h[?25l[A[1Gpulling manifest [K
pulling 4824460d29f2:  32% ▕█████             ▏  13 GB/ 42 GB  838 MB/s     34s[K[?25h[?2026l[?2026h[?25l[A[1Gpulling manifest [K
pulling 4824460d29f2:  32% ▕█████             ▏  13 GB/ 42 GB  838 MB/s     34s[K[?25h[?2026l[?2026h[?25l[A[1Gpulling manifest [K
pulling 4824460d29f2:  32% ▕█████             ▏  13 GB/ 42 GB  838 MB/s     34s[K[?25h[?2026l[?2026h[?25l[A[1Gpulling manifest [K
pulling 4824460d29f2:  32% ▕█████             ▏  13 GB/ 42 GB  838 MB/s     34s[K[?25h[?2026l[?2026h[?25l[A[1Gpulling manifest [K
pulling 4824460d29f2:  32% ▕█████             ▏  13 GB/ 42 GB  838 MB/s     34s[K[?25h[?2026l[?2026h[?25l[A[1Gpulling manifest [K
pulling 4824460d29f2:  33% ▕█████             ▏  13 GB/ 42 GB  838 MB/s     34s[K[?25h[?2026l[?2026h[?25l[A[1Gpulling manifest [K
pulling 4824460d29f2:  33% ▕█████             ▏  13 GB/ 42 GB  838 MB/s     34s[K[?25h[?2026l[?2026h[?25l[A[1Gpulling manifest [K
pulling 4824460d29f2:  33% ▕█████             ▏  14 GB/ 42 GB  838 MB/s     34s[K[?25h[?2026l[?2026h[?25l[A[1Gpulling manifest [K
pulling 4824460d29f2:  33% ▕█████             ▏  14 GB/ 42 GB  837 MB/s     33s[K[?25h[?2026l[?2026h[?25l[A[1Gpulling manifest [K
pulling 4824460d29f2:  33% ▕█████             ▏  14 GB/ 42 GB  837 MB/s     33s[K[?25h[?2026l[?2026h[?25l[A[1Gpulling manifest [K
pulling 4824460d29f2:  34% ▕██████            ▏  14 GB/ 42 GB  837 MB/s     33s[K[?25h[?2026l[?2026h[?25l[A[1Gpulling manifest [K
pulling 4824460d29f2:  34% ▕██████            ▏  14 GB/ 42 GB  837 MB/s     33s[K[?25h[?2026l[?2026h[?25l[A[1Gpulling manifest [K
pulling 4824460d29f2:  34% ▕██████            ▏  14 GB/ 42 GB  837 MB/s     33s[K[?25h[?2026l[?2026h[?25l[A[1Gpulling manifest [K
pulling 4824460d29f2:  34% ▕██████            ▏  14 GB/ 42 GB  837 MB/s     33s[K[?25h[?2026l[?2026h[?25l[A[1Gpulling manifest [K
pulling 4824460d29f2:  34% ▕██████            ▏  14 GB/ 42 GB  837 MB/s     33s[K[?25h[?2026l[?2026h[?25l[A[1Gpulling manifest [K
pulling 4824460d29f2:  34% ▕██████            ▏  14 GB/ 42 GB  837 MB/s     33s[K[?25h[?2026l[?2026h[?25l[A[1Gpulling manifest [K
pulling 4824460d29f2:  35% ▕██████            ▏  14 GB/ 42 GB  837 MB/s     33s[K[?25h[?2026l[?2026h[?25l[A[1Gpulling manifest [K
pulling 4824460d29f2:  35% ▕██████            ▏  14 GB/ 42 GB  837 MB/s     33s[K[?25h[?2026l[?2026h[?25l[A[1Gpulling manifest [K
pulling 4824460d29f2:  35% ▕██████            ▏  14 GB/ 42 GB  834 MB/s     33s[K[?25h[?2026l[?2026h[?25l[A[1Gpulling manifest [K
pulling 4824460d29f2:  35% ▕██████            ▏  14 GB/ 42 GB  834 MB/s     33s[K[?25h[?2026l[?2026h[?25l[A[1Gpulling manifest [K
pulling 4824460d29f2:  35% ▕██████            ▏  15 GB/ 42 GB  834 MB/s     32s[K[?25h[?2026l[?2026h[?25l[A[1Gpulling manifest [K
pulling 4824460d29f2:  36% ▕██████            ▏  15 GB/ 42 GB  834 MB/s     32s[K[?25h[?2026l[?2026h[?25l[A[1Gpulling manifest [K
pulling 4824460d29f2:  36% ▕██████            ▏  15 GB/ 42 GB  834 MB/s     32s[K[?25h[?2026l[?2026h[?25l[A[1Gpulling manifest [K
pulling 4824460d29f2:  36% ▕██████            ▏  15 GB/ 42 GB  834 MB/s     32s[K[?25h[?2026l[?2026h[?25l[A[1Gpulling manifest [K
pulling 4824460d29f2:  36% ▕██████            ▏  15 GB/ 42 GB  834 MB/s     32s[K[?25h[?2026l[?2026h[?25l[A[1Gpulling manifest [K
pulling 4824460d29f2:  36% ▕██████            ▏  15 GB/ 42 GB  834 MB/s     32s[K[?25h[?2026l[?2026h[?25l[A[1Gpulling manifest [K
pulling 4824460d29f2:  37% ▕██████            ▏  15 GB/ 42 GB  834 MB/s     32s[K[?25h[?2026l[?2026h[?25l[A[1Gpulling manifest [K
pulling 4824460d29f2:  37% ▕██████            ▏  15 GB/ 42 GB  834 MB/s     32s[K[?25h[?2026l[?2026h[?25l[A[1Gpulling manifest [K
pulling 4824460d29f2:  37% ▕██████            ▏  15 GB/ 42 GB  844 MB/s     31s[K[?25h[?2026l[?2026h[?25l[A[1Gpulling manifest [K
pulling 4824460d29f2:  37% ▕██████            ▏  15 GB/ 42 GB  844 MB/s     31s[K[?25h[?2026l[?2026h[?25l[A[1Gpulling manifest [K
pulling 4824460d29f2:  37% ▕██████            ▏  15 GB/ 42 GB  844 MB/s     31s[K[?25h[?2026l[?2026h[?25l[A[1Gpulling manifest [K
pulling 4824460d29f2:  38% ▕██████            ▏  15 GB/ 42 GB  844 MB/s     31s[K[?25h[?2026l[?2026h[?25l[A[1Gpulling manifest [K
pulling 4824460d29f2:  38% ▕██████            ▏  16 GB/ 42 GB  844 MB/s     31s[K[?25h[?2026l[?2026h[?25l[A[1Gpulling manifest [K
pulling 4824460d29f2:  38% ▕██████            ▏  16 GB/ 42 GB  844 MB/s     31s[K[?25h[?2026l[?2026h[?25l[A[1Gpulling manifest [K
pulling 4824460d29f2:  38% ▕██████            ▏  16 GB/ 42 GB  844 MB/s     31s[K[?25h[?2026l[?2026h[?25l[A[1Gpulling manifest [K
pulling 4824460d29f2:  38% ▕██████            ▏  16 GB/ 42 GB  844 MB/s     31s[K[?25h[?2026l[?2026h[?25l[A[1Gpulling manifest [K
pulling 4824460d29f2:  39% ▕██████            ▏  16 GB/ 42 GB  844 MB/s     30s[K[?25h[?2026l[?2026h[?25l[A[1Gpulling manifest [K
pulling 4824460d29f2:  39% ▕██████            ▏  16 GB/ 42 GB  844 MB/s     30s[K[?25h[?2026l[?2026h[?25l[A[1Gpulling manifest [K
pulling 4824460d29f2:  39% ▕██████            ▏  16 GB/ 42 GB  844 MB/s     30s[K[?25h[?2026l[?2026h[?25l[A[1Gpulling manifest [K
pulling 4824460d29f2:  39% ▕███████           ▏  16 GB/ 42 GB  843 MB/s     30s[K[?25h[?2026l[?2026h[?25l[A[1Gpulling manifest [K
pulling 4824460d29f2:  39% ▕███████           ▏  16 GB/ 42 GB  843 MB/s     30s[K[?25h[?2026l[?2026h[?25l[A[1Gpulling manifest [K
pulling 4824460d29f2:  39% ▕███████           ▏  16 GB/ 42 GB  843 MB/s     30s[K[?25h[?2026l[?2026h[?25l[A[1Gpulling manifest [K
pulling 4824460d29f2:  40% ▕███████           ▏  16 GB/ 42 GB  843 MB/s     30s[K[?25h[?2026l[?2026h[?25l[A[1Gpulling manifest [K
pulling 4824460d29f2:  40% ▕███████           ▏  16 GB/ 42 GB  843 MB/s     30s[K[?25h[?2026l[?2026h[?25l[A[1Gpulling manifest [K
pulling 4824460d29f2:  40% ▕███████           ▏  16 GB/ 42 GB  843 MB/s     30s[K[?25h[?2026l[?2026h[?25l[A[1Gpulling manifest [K
pulling 4824460d29f2:  40% ▕███████           ▏  17 GB/ 42 GB  843 MB/s     30s[K[?25h[?2026l[?2026h[?25l[A[1Gpulling manifest [K
pulling 4824460d29f2:  40% ▕███████           ▏  17 GB/ 42 GB  843 MB/s     30s[K[?25h[?2026l[?2026h[?25l[A[1Gpulling manifest [K
pulling 4824460d29f2:  40% ▕███████           ▏  17 GB/ 42 GB  843 MB/s     30s[K[?25h[?2026l[?2026h[?25l[A[1Gpulling manifest [K
pulling 4824460d29f2:  41% ▕███████           ▏  17 GB/ 42 GB  843 MB/s     29s[K[?25h[?2026l[?2026h[?25l[A[1Gpulling manifest [K
pulling 4824460d29f2:  41% ▕███████           ▏  17 GB/ 42 GB  833 MB/s     30s[K[?25h[?2026l[?2026h[?25l[A[1Gpulling manifest [K
pulling 4824460d29f2:  41% ▕███████           ▏  17 GB/ 42 GB  833 MB/s     30s[K[?25h[?2026l[?2026h[?25l[A[1Gpulling manifest [K
pulling 4824460d29f2:  41% ▕███████           ▏  17 GB/ 42 GB  833 MB/s     30s[K[?25h[?2026l[?2026h[?25l[A[1Gpulling manifest [K
pulling 4824460d29f2:  41% ▕███████           ▏  17 GB/ 42 GB  833 MB/s     29s[K[?25h[?2026l[?2026h[?25l[A[1Gpulling manifest [K
pulling 4824460d29f2:  41% ▕███████           ▏  17 GB/ 42 GB  833 MB/s     29s[K[?25h[?2026l[?2026h[?25l[A[1Gpulling manifest [K
pulling 4824460d29f2:  42% ▕███████           ▏  17 GB/ 42 GB  833 MB/s     29s[K[?25h[?2026l[?2026h[?25l[A[1Gpulling manifest [K
pulling 4824460d29f2:  42% ▕███████           ▏  17 GB/ 42 GB  833 MB/s     29s[K[?25h[?2026l[?2026h[?25l[A[1Gpulling manifest [K
pulling 4824460d29f2:  42% ▕███████           ▏  17 GB/ 42 GB  833 MB/s     29s[K[?25h[?2026l[?2026h[?25l[A[1Gpulling manifest [K
pulling 4824460d29f2:  42% ▕███████           ▏  18 GB/ 42 GB  833 MB/s     29s[K[?25h[?2026l[?2026h[?25l[A[1Gpulling manifest [K
pulling 4824460d29f2:  43% ▕███████           ▏  18 GB/ 42 GB  833 MB/s     29s[K[?25h[?2026l[?2026h[?25l[A[1Gpulling manifest [K
pulling 4824460d29f2:  43% ▕███████           ▏  18 GB/ 42 GB  831 MB/s     29s[K[?25h[?2026l[?2026h[?25l[A[1Gpulling manifest [K
pulling 4824460d29f2:  43% ▕███████           ▏  18 GB/ 42 GB  831 MB/s     29s[K[?25h[?2026l[?2026h[?25l[A[1Gpulling manifest [K
pulling 4824460d29f2:  43% ▕███████           ▏  18 GB/ 42 GB  831 MB/s     29s[K[?25h[?2026l[?2026h[?25l[A[1Gpulling manifest [K
pulling 4824460d29f2:  43% ▕███████           ▏  18 GB/ 42 GB  831 MB/s     29s[K[?25h[?2026l[?2026h[?25l[A[1Gpulling manifest [K
pulling 4824460d29f2:  43% ▕███████           ▏  18 GB/ 42 GB  831 MB/s     28s[K[?25h[?2026l[?2026h[?25l[A[1Gpulling manifest [K
pulling 4824460d29f2:  44% ▕███████           ▏  18 GB/ 42 GB  831 MB/s     28s[K[?25h[?2026l[?2026h[?25l[A[1Gpulling manifest [K
pulling 4824460d29f2:  44% ▕███████           ▏  18 GB/ 42 GB  831 MB/s     28s[K[?25h[?2026l[?2026h[?25l[A[1Gpulling manifest [K
pulling 4824460d29f2:  44% ▕███████           ▏  18 GB/ 42 GB  831 MB/s     28s[K[?25h[?2026l[?2026h[?25l[A[1Gpulling manifest [K
pulling 4824460d29f2:  44% ▕███████           ▏  18 GB/ 42 GB  831 MB/s     28s[K[?25h[?2026l[?2026h[?25l[A[1Gpulling manifest [K
pulling 4824460d29f2:  44% ▕███████           ▏  18 GB/ 42 GB  831 MB/s     28s[K[?25h[?2026l[?2026h[?25l[A[1Gpulling manifest [K
pulling 4824460d29f2:  45% ▕████████          ▏  18 GB/ 42 GB  822 MB/s     28s[K[?25h[?2026l[?2026h[?25l[A[1Gpulling manifest [K
pulling 4824460d29f2:  45% ▕████████          ▏  19 GB/ 42 GB  822 MB/s     28s[K[?25h[?2026l[?2026h[?25l[A[1Gpulling manifest [K
pulling 4824460d29f2:  45% ▕████████          ▏  19 GB/ 42 GB  822 MB/s     28s[K[?25h[?2026l[?2026h[?25l[A[1Gpulling manifest [K
pulling 4824460d29f2:  45% ▕████████          ▏  19 GB/ 42 GB  822 MB/s     28s[K[?25h[?2026l[?2026h[?25l[A[1Gpulling manifest [K
pulling 4824460d29f2:  45% ▕████████          ▏  19 GB/ 42 GB  822 MB/s     28s[K[?25h[?2026l[?2026h[?25l[A[1Gpulling manifest [K
pulling 4824460d29f2:  45% ▕████████          ▏  19 GB/ 42 GB  822 MB/s     28s[K[?25h[?2026l[?2026h[?25l[A[1Gpulling manifest [K
pulling 4824460d29f2:  46% ▕████████          ▏  19 GB/ 42 GB  822 MB/s     28s[K[?25h[?2026l[?2026h[?25l[A[1Gpulling manifest [K
pulling 4824460d29f2:  46% ▕████████          ▏  19 GB/ 42 GB  822 MB/s     27s[K[?25h[?2026l[?2026h[?25l[A[1Gpulling manifest [K
pulling 4824460d29f2:  46% ▕████████          ▏  19 GB/ 42 GB  822 MB/s     27s[K[?25h[?2026l[?2026h[?25l[A[1Gpulling manifest [K
pulling 4824460d29f2:  46% ▕████████          ▏  19 GB/ 42 GB  822 MB/s     27s[K[?25h[?2026l[?2026h[?25l[A[1Gpulling manifest [K
pulling 4824460d29f2:  46% ▕████████          ▏  19 GB/ 42 GB  810 MB/s     28s[K[?25h[?2026l[?2026h[?25l[A[1Gpulling manifest [K
pulling 4824460d29f2:  46% ▕████████          ▏  19 GB/ 42 GB  810 MB/s     28s[K[?25h[?2026l[?2026h[?25l[A[1Gpulling manifest [K
pulling 4824460d29f2:  47% ▕████████          ▏  19 GB/ 42 GB  810 MB/s     27s[K[?25h[?2026l[?2026h[?25l[A[1Gpulling manifest [K
pulling 4824460d29f2:  47% ▕████████          ▏  19 GB/ 42 GB  810 MB/s     27s[K[?25h[?2026l[?2026h[?25l[A[1Gpulling manifest [K
pulling 4824460d29f2:  47% ▕████████          ▏  19 GB/ 42 GB  810 MB/s     27s[K[?25h[?2026l[?2026h[?25l[A[1Gpulling manifest [K
pulling 4824460d29f2:  47% ▕████████          ▏  20 GB/ 42 GB  810 MB/s     27s[K[?25h[?2026l[?2026h[?25l[A[1Gpulling manifest [K
pulling 4824460d29f2:  48% ▕████████          ▏  20 GB/ 42 GB  810 MB/s     27s[K[?25h[?2026l[?2026h[?25l[A[1Gpulling manifest [K
pulling 4824460d29f2:  48% ▕████████          ▏  20 GB/ 42 GB  810 MB/s     27s[K[?25h[?2026l[?2026h[?25l[A[1Gpulling manifest [K
pulling 4824460d29f2:  48% ▕████████          ▏  20 GB/ 42 GB  810 MB/s     27s[K[?25h[?2026l[?2026h[?25l[A[1Gpulling manifest [K
pulling 4824460d29f2:  48% ▕████████          ▏  20 GB/ 42 GB  810 MB/s     27s[K[?25h[?2026l[?2026h[?25l[A[1Gpulling manifest [K
pulling 4824460d29f2:  48% ▕████████          ▏  20 GB/ 42 GB  810 MB/s     27s[K[?25h[?2026l[?2026h[?25l[A[1Gpulling manifest [K
pulling 4824460d29f2:  49% ▕████████          ▏  20 GB/ 42 GB  819 MB/s     26s[K[?25h[?2026l[?2026h[?25l[A[1Gpulling manifest [K
pulling 4824460d29f2:  49% ▕████████          ▏  20 GB/ 42 GB  819 MB/s     26s[K[?25h[?2026l[?2026h[?25l[A[1Gpulling manifest [K
pulling 4824460d29f2:  49% ▕████████          ▏  20 GB/ 42 GB  819 MB/s     26s[K[?25h[?2026l[?2026h[?25l[A[1Gpulling manifest [K
pulling 4824460d29f2:  49% ▕████████          ▏  20 GB/ 42 GB  819 MB/s     26s[K[?25h[?2026l[?2026h[?25l[A[1Gpulling manifest [K
pulling 4824460d29f2:  49% ▕████████          ▏  21 GB/ 42 GB  819 MB/s     26s[K[?25h[?2026l[?2026h[?25l[A[1Gpulling manifest [K
pulling 4824460d29f2:  50% ▕████████          ▏  21 GB/ 42 GB  819 MB/s     26s[K[?25h[?2026l[?2026h[?25l[A[1Gpulling manifest [K
pulling 4824460d29f2:  50% ▕████████          ▏  21 GB/ 42 GB  819 MB/s     26s[K[?25h[?2026l[?2026h[?25l[A[1Gpulling manifest [K
pulling 4824460d29f2:  50% ▕█████████         ▏  21 GB/ 42 GB  819 MB/s     25s[K[?25h[?2026l[?2026h[?25l[A[1Gpulling manifest [K
pulling 4824460d29f2:  50% ▕█████████         ▏  21 GB/ 42 GB  819 MB/s     25s[K[?25h[?2026l[?2026h[?25l[A[1Gpulling manifest [K
pulling 4824460d29f2:  50% ▕█████████         ▏  21 GB/ 42 GB  819 MB/s     25s[K[?25h[?2026l[?2026h[?25l[A[1Gpulling manifest [K
pulling 4824460d29f2:  51% ▕█████████         ▏  21 GB/ 42 GB  821 MB/s     25s[K[?25h[?2026l[?2026h[?25l[A[1Gpulling manifest [K
pulling 4824460d29f2:  51% ▕█████████         ▏  21 GB/ 42 GB  821 MB/s     25s[K[?25h[?2026l[?2026h[?25l[A[1Gpulling manifest [K
pulling 4824460d29f2:  51% ▕█████████         ▏  21 GB/ 42 GB  821 MB/s     25s[K[?25h[?2026l[?2026h[?25l[A[1Gpulling manifest [K
pulling 4824460d29f2:  51% ▕█████████         ▏  21 GB/ 42 GB  821 MB/s     25s[K[?25h[?2026l[?2026h[?25l[A[1Gpulling manifest [K
pulling 4824460d29f2:  51% ▕█████████         ▏  21 GB/ 42 GB  821 MB/s     25s[K[?25h[?2026l[?2026h[?25l[A[1Gpulling manifest [K
pulling 4824460d29f2:  51% ▕█████████         ▏  21 GB/ 42 GB  821 MB/s     25s[K[?25h[?2026l[?2026h[?25l[A[1Gpulling manifest [K
pulling 4824460d29f2:  52% ▕█████████         ▏  21 GB/ 42 GB  821 MB/s     25s[K[?25h[?2026l[?2026h[?25l[A[1Gpulling manifest [K
pulling 4824460d29f2:  52% ▕█████████         ▏  22 GB/ 42 GB  821 MB/s     24s[K[?25h[?2026l[?2026h[?25l[A[1Gpulling manifest [K
pulling 4824460d29f2:  52% ▕█████████         ▏  22 GB/ 42 GB  821 MB/s     24s[K[?25h[?2026l[?2026h[?25l[A[1Gpulling manifest [K
pulling 4824460d29f2:  52% ▕█████████         ▏  22 GB/ 42 GB  821 MB/s     24s[K[?25h[?2026l[?2026h[?25l[A[1Gpulling manifest [K
pulling 4824460d29f2:  52% ▕█████████         ▏  22 GB/ 42 GB  826 MB/s     24s[K[?25h[?2026l[?2026h[?25l[A[1Gpulling manifest [K
pulling 4824460d29f2:  53% ▕█████████         ▏  22 GB/ 42 GB  826 MB/s     24s[K[?25h[?2026l[?2026h[?25l[A[1Gpulling manifest [K
pulling 4824460d29f2:  53% ▕█████████         ▏  22 GB/ 42 GB  826 MB/s     24s[K[?25h[?2026l[?2026h[?25l[A[1Gpulling manifest [K
pulling 4824460d29f2:  53% ▕█████████         ▏  22 GB/ 42 GB  826 MB/s     24s[K[?25h[?2026l[?2026h[?25l[A[1Gpulling manifest [K
pulling 4824460d29f2:  53% ▕█████████         ▏  22 GB/ 42 GB  826 MB/s     24s[K[?25h[?2026l[?2026h[?25l[A[1Gpulling manifest [K
pulling 4824460d29f2:  54% ▕█████████         ▏  22 GB/ 42 GB  826 MB/s     23s[K[?25h[?2026l[?2026h[?25l[A[1Gpulling manifest [K
pulling 4824460d29f2:  54% ▕█████████         ▏  22 GB/ 42 GB  826 MB/s     23s[K[?25h[?2026l[?2026h[?25l[A[1Gpulling manifest [K
pulling 4824460d29f2:  54% ▕█████████         ▏  22 GB/ 42 GB  826 MB/s     23s[K[?25h[?2026l[?2026h[?25l[A[1Gpulling manifest [K
pulling 4824460d29f2:  54% ▕█████████         ▏  23 GB/ 42 GB  826 MB/s     23s[K[?25h[?2026l[?2026h[?25l[A[1Gpulling manifest [K
pulling 4824460d29f2:  54% ▕█████████         ▏  23 GB/ 42 GB  826 MB/s     23s[K[?25h[?2026l[?2026h[?25l[A[1Gpulling manifest [K
pulling 4824460d29f2:  55% ▕█████████         ▏  23 GB/ 42 GB  829 MB/s     23s[K[?25h[?2026l[?2026h[?25l[A[1Gpulling manifest [K
pulling 4824460d29f2:  55% ▕█████████         ▏  23 GB/ 42 GB  829 MB/s     23s[K[?25h[?2026l[?2026h[?25l[A[1Gpulling manifest [K
pulling 4824460d29f2:  55% ▕█████████         ▏  23 GB/ 42 GB  829 MB/s     23s[K[?25h[?2026l[?2026h[?25l[A[1Gpulling manifest [K
pulling 4824460d29f2:  55% ▕█████████         ▏  23 GB/ 42 GB  829 MB/s     23s[K[?25h[?2026l[?2026h[?25l[A[1Gpulling manifest [K
pulling 4824460d29f2:  55% ▕█████████         ▏  23 GB/ 42 GB  829 MB/s     22s[K[?25h[?2026l[?2026h[?25l[A[1Gpulling manifest [K
pulling 4824460d29f2:  55% ▕█████████         ▏  23 GB/ 42 GB  829 MB/s     22s[K[?25h[?2026l[?2026h[?25l[A[1Gpulling manifest [K
pulling 4824460d29f2:  56% ▕█████████         ▏  23 GB/ 42 GB  829 MB/s     22s[K[?25h[?2026l[?2026h[?25l[A[1Gpulling manifest [K
pulling 4824460d29f2:  56% ▕██████████        ▏  23 GB/ 42 GB  829 MB/s     22s[K[?25h[?2026l[?2026h[?25l[A[1Gpulling manifest [K
pulling 4824460d29f2:  56% ▕██████████        ▏  23 GB/ 42 GB  829 MB/s     22s[K[?25h[?2026l[?2026h[?25l[A[1Gpulling manifest [K
pulling 4824460d29f2:  56% ▕██████████        ▏  23 GB/ 42 GB  829 MB/s     22s[K[?25h[?2026l[?2026h[?25l[A[1Gpulling manifest [K
pulling 4824460d29f2:  56% ▕██████████        ▏  23 GB/ 42 GB  820 MB/s     22s[K[?25h[?2026l[?2026h[?25l[A[1Gpulling manifest [K
pulling 4824460d29f2:  56% ▕██████████        ▏  23 GB/ 42 GB  820 MB/s     22s[K[?25h[?2026l[?2026h[?25l[A[1Gpulling manifest [K
pulling 4824460d29f2:  57% ▕██████████        ▏  24 GB/ 42 GB  820 MB/s     22s[K[?25h[?2026l[?2026h[?25l[A[1Gpulling manifest [K
pulling 4824460d29f2:  57% ▕██████████        ▏  24 GB/ 42 GB  820 MB/s     22s[K[?25h[?2026l[?2026h[?25l[A[1Gpulling manifest [K
pulling 4824460d29f2:  57% ▕██████████        ▏  24 GB/ 42 GB  820 MB/s     22s[K[?25h[?2026l[?2026h[?25l[A[1Gpulling manifest [K
pulling 4824460d29f2:  57% ▕██████████        ▏  24 GB/ 42 GB  820 MB/s     22s[K[?25h[?2026l[?2026h[?25l[A[1Gpulling manifest [K
pulling 4824460d29f2:  57% ▕██████████        ▏  24 GB/ 42 GB  820 MB/s     22s[K[?25h[?2026l[?2026h[?25l[A[1Gpulling manifest [K
pulling 4824460d29f2:  57% ▕██████████        ▏  24 GB/ 42 GB  820 MB/s     22s[K[?25h[?2026l[?2026h[?25l[A[1Gpulling manifest [K
pulling 4824460d29f2:  58% ▕██████████        ▏  24 GB/ 42 GB  820 MB/s     21s[K[?25h[?2026l[?2026h[?25l[A[1Gpulling manifest [K
pulling 4824460d29f2:  58% ▕██████████        ▏  24 GB/ 42 GB  820 MB/s     21s[K[?25h[?2026l[?2026h[?25l[A[1Gpulling manifest [K
pulling 4824460d29f2:  58% ▕██████████        ▏  24 GB/ 42 GB  820 MB/s     21s[K[?25h[?2026l[?2026h[?25l[A[1Gpulling manifest [K
pulling 4824460d29f2:  58% ▕██████████        ▏  24 GB/ 42 GB  825 MB/s     21s[K[?25h[?2026l[?2026h[?25l[A[1Gpulling manifest [K
pulling 4824460d29f2:  58% ▕██████████        ▏  24 GB/ 42 GB  825 MB/s     21s[K[?25h[?2026l[?2026h[?25l[A[1Gpulling manifest [K
pulling 4824460d29f2:  59% ▕██████████        ▏  24 GB/ 42 GB  825 MB/s     21s[K[?25h[?2026l[?2026h[?25l[A[1Gpulling manifest [K
pulling 4824460d29f2:  59% ▕██████████        ▏  25 GB/ 42 GB  825 MB/s     21s[K[?25h[?2026l[?2026h[?25l[A[1Gpulling manifest [K
pulling 4824460d29f2:  59% ▕██████████        ▏  25 GB/ 42 GB  825 MB/s     21s[K[?25h[?2026l[?2026h[?25l[A[1Gpulling manifest [K
pulling 4824460d29f2:  59% ▕██████████        ▏  25 GB/ 42 GB  825 MB/s     21s[K[?25h[?2026l[?2026h[?25l[A[1Gpulling manifest [K
pulling 4824460d29f2:  59% ▕██████████        ▏  25 GB/ 42 GB  825 MB/s     20s[K[?25h[?2026l[?2026h[?25l[A[1Gpulling manifest [K
pulling 4824460d29f2:  60% ▕██████████        ▏  25 GB/ 42 GB  825 MB/s     20s[K[?25h[?2026l[?2026h[?25l[A[1Gpulling manifest [K
pulling 4824460d29f2:  60% ▕██████████        ▏  25 GB/ 42 GB  825 MB/s     20s[K[?25h[?2026l[?2026h[?25l[A[1Gpulling manifest [K
pulling 4824460d29f2:  60% ▕██████████        ▏  25 GB/ 42 GB  825 MB/s     20s[K[?25h[?2026l[?2026h[?25l[A[1Gpulling manifest [K
pulling 4824460d29f2:  60% ▕██████████        ▏  25 GB/ 42 GB  824 MB/s     20s[K[?25h[?2026l[?2026h[?25l[A[1Gpulling manifest [K
pulling 4824460d29f2:  60% ▕██████████        ▏  25 GB/ 42 GB  824 MB/s     20s[K[?25h[?2026l[?2026h[?25l[A[1Gpulling manifest [K
pulling 4824460d29f2:  61% ▕██████████        ▏  25 GB/ 42 GB  824 MB/s     20s[K[?25h[?2026l[?2026h[?25l[A[1Gpulling manifest [K
pulling 4824460d29f2:  61% ▕██████████        ▏  25 GB/ 42 GB  824 MB/s     20s[K[?25h[?2026l[?2026h[?25l[A[1Gpulling manifest [K
pulling 4824460d29f2:  61% ▕██████████        ▏  25 GB/ 42 GB  824 MB/s     20s[K[?25h[?2026l[?2026h[?25l[A[1Gpulling manifest [K
pulling 4824460d29f2:  61% ▕██████████        ▏  25 GB/ 42 GB  824 MB/s     20s[K[?25h[?2026l[?2026h[?25l[A[1Gpulling manifest [K
pulling 4824460d29f2:  61% ▕███████████       ▏  26 GB/ 42 GB  824 MB/s     19s[K[?25h[?2026l[?2026h[?25l[A[1Gpulling manifest [K
pulling 4824460d29f2:  61% ▕███████████       ▏  26 GB/ 42 GB  824 MB/s     19s[K[?25h[?2026l[?2026h[?25l[A[1Gpulling manifest [K
pulling 4824460d29f2:  62% ▕███████████       ▏  26 GB/ 42 GB  824 MB/s     19s[K[?25h[?2026l[?2026h[?25l[A[1Gpulling manifest [K
pulling 4824460d29f2:  62% ▕███████████       ▏  26 GB/ 42 GB  824 MB/s     19s[K[?25h[?2026l[?2026h[?25l[A[1Gpulling manifest [K
pulling 4824460d29f2:  62% ▕███████████       ▏  26 GB/ 42 GB  825 MB/s     19s[K[?25h[?2026l[?2026h[?25l[A[1Gpulling manifest [K
pulling 4824460d29f2:  62% ▕███████████       ▏  26 GB/ 42 GB  825 MB/s     19s[K[?25h[?2026l[?2026h[?25l[A[1Gpulling manifest [K
pulling 4824460d29f2:  62% ▕███████████       ▏  26 GB/ 42 GB  825 MB/s     19s[K[?25h[?2026l[?2026h[?25l[A[1Gpulling manifest [K
pulling 4824460d29f2:  63% ▕███████████       ▏  26 GB/ 42 GB  825 MB/s     19s[K[?25h[?2026l[?2026h[?25l[A[1Gpulling manifest [K
pulling 4824460d29f2:  63% ▕███████████       ▏  26 GB/ 42 GB  825 MB/s     19s[K[?25h[?2026l[?2026h[?25l[A[1Gpulling manifest [K
pulling 4824460d29f2:  63% ▕███████████       ▏  26 GB/ 42 GB  825 MB/s     19s[K[?25h[?2026l[?2026h[?25l[A[1Gpulling manifest [K
pulling 4824460d29f2:  63% ▕███████████       ▏  26 GB/ 42 GB  825 MB/s     18s[K[?25h[?2026l[?2026h[?25l[A[1Gpulling manifest [K
pulling 4824460d29f2:  63% ▕███████████       ▏  26 GB/ 42 GB  825 MB/s     18s[K[?25h[?2026l[?2026h[?25l[A[1Gpulling manifest [K
pulling 4824460d29f2:  64% ▕███████████       ▏  27 GB/ 42 GB  825 MB/s     18s[K[?25h[?2026l[?2026h[?25l[A[1Gpulling manifest [K
pulling 4824460d29f2:  64% ▕███████████       ▏  27 GB/ 42 GB  825 MB/s     18s[K[?25h[?2026l[?2026h[?25l[A[1Gpulling manifest [K
pulling 4824460d29f2:  64% ▕███████████       ▏  27 GB/ 42 GB  832 MB/s     18s[K[?25h[?2026l[?2026h[?25l[A[1Gpulling manifest [K
pulling 4824460d29f2:  64% ▕███████████       ▏  27 GB/ 42 GB  832 MB/s     18s[K[?25h[?2026l[?2026h[?25l[A[1Gpulling manifest [K
pulling 4824460d29f2:  64% ▕███████████       ▏  27 GB/ 42 GB  832 MB/s     18s[K[?25h[?2026l[?2026h[?25l[A[1Gpulling manifest [K
pulling 4824460d29f2:  65% ▕███████████       ▏  27 GB/ 42 GB  832 MB/s     18s[K[?25h[?2026l[?2026h[?25l[A[1Gpulling manifest [K
pulling 4824460d29f2:  65% ▕███████████       ▏  27 GB/ 42 GB  832 MB/s     17s[K[?25h[?2026l[?2026h[?25l[A[1Gpulling manifest [K
pulling 4824460d29f2:  65% ▕███████████       ▏  27 GB/ 42 GB  832 MB/s     17s[K[?25h[?2026l[?2026h[?25l[A[1Gpulling manifest [K
pulling 4824460d29f2:  65% ▕███████████       ▏  27 GB/ 42 GB  832 MB/s     17s[K[?25h[?2026l[?2026h[?25l[A[1Gpulling manifest [K
pulling 4824460d29f2:  65% ▕███████████       ▏  27 GB/ 42 GB  832 MB/s     17s[K[?25h[?2026l[?2026h[?25l[A[1Gpulling manifest [K
pulling 4824460d29f2:  66% ▕███████████       ▏  27 GB/ 42 GB  832 MB/s     17s[K[?25h[?2026l[?2026h[?25l[A[1Gpulling manifest [K
pulling 4824460d29f2:  66% ▕███████████       ▏  27 GB/ 42 GB  832 MB/s     17s[K[?25h[?2026l[?2026h[?25l[A[1Gpulling manifest [K
pulling 4824460d29f2:  66% ▕███████████       ▏  28 GB/ 42 GB  830 MB/s     17s[K[?25h[?2026l[?2026h[?25l[A[1Gpulling manifest [K
pulling 4824460d29f2:  66% ▕███████████       ▏  28 GB/ 42 GB  830 MB/s     17s[K[?25h[?2026l[?2026h[?25l[A[1Gpulling manifest [K
pulling 4824460d29f2:  66% ▕███████████       ▏  28 GB/ 42 GB  830 MB/s     17s[K[?25h[?2026l[?2026h[?25l[A[1Gpulling manifest [K
pulling 4824460d29f2:  67% ▕███████████       ▏  28 GB/ 42 GB  830 MB/s     17s[K[?25h[?2026l[?2026h[?25l[A[1Gpulling manifest [K
pulling 4824460d29f2:  67% ▕███████████       ▏  28 GB/ 42 GB  830 MB/s     17s[K[?25h[?2026l[?2026h[?25l[A[1Gpulling manifest [K
pulling 4824460d29f2:  67% ▕████████████      ▏  28 GB/ 42 GB  830 MB/s     16s[K[?25h[?2026l[?2026h[?25l[A[1Gpulling manifest [K
pulling 4824460d29f2:  67% ▕████████████      ▏  28 GB/ 42 GB  830 MB/s     16s[K[?25h[?2026l[?2026h[?25l[A[1Gpulling manifest [K
pulling 4824460d29f2:  67% ▕████████████      ▏  28 GB/ 42 GB  830 MB/s     16s[K[?25h[?2026l[?2026h[?25l[A[1Gpulling manifest [K
pulling 4824460d29f2:  67% ▕████████████      ▏  28 GB/ 42 GB  830 MB/s     16s[K[?25h[?2026l[?2026h[?25l[A[1Gpulling manifest [K
pulling 4824460d29f2:  68% ▕████████████      ▏  28 GB/ 42 GB  830 MB/s     16s[K[?25h[?2026l[?2026h[?25l[A[1Gpulling manifest [K
pulling 4824460d29f2:  68% ▕████████████      ▏  28 GB/ 42 GB  830 MB/s     16s[K[?25h[?2026l[?2026h[?25l[A[1Gpulling manifest [K
pulling 4824460d29f2:  68% ▕████████████      ▏  28 GB/ 42 GB  824 MB/s     16s[K[?25h[?2026l[?2026h[?25l[A[1Gpulling manifest [K
pulling 4824460d29f2:  68% ▕████████████      ▏  29 GB/ 42 GB  824 MB/s     16s[K[?25h[?2026l[?2026h[?25l[A[1Gpulling manifest [K
pulling 4824460d29f2:  68% ▕████████████      ▏  29 GB/ 42 GB  824 MB/s     16s[K[?25h[?2026l[?2026h[?25l[A[1Gpulling manifest [K
pulling 4824460d29f2:  69% ▕████████████      ▏  29 GB/ 42 GB  824 MB/s     16s[K[?25h[?2026l[?2026h[?25l[A[1Gpulling manifest [K
pulling 4824460d29f2:  69% ▕████████████      ▏  29 GB/ 42 GB  824 MB/s     16s[K[?25h[?2026l[?2026h[?25l[A[1Gpulling manifest [K
pulling 4824460d29f2:  69% ▕████████████      ▏  29 GB/ 42 GB  824 MB/s     16s[K[?25h[?2026l[?2026h[?25l[A[1Gpulling manifest [K
pulling 4824460d29f2:  69% ▕████████████      ▏  29 GB/ 42 GB  824 MB/s     15s[K[?25h[?2026l[?2026h[?25l[A[1Gpulling manifest [K
pulling 4824460d29f2:  69% ▕████████████      ▏  29 GB/ 42 GB  824 MB/s     15s[K[?25h[?2026l[?2026h[?25l[A[1Gpulling manifest [K
pulling 4824460d29f2:  70% ▕████████████      ▏  29 GB/ 42 GB  824 MB/s     15s[K[?25h[?2026l[?2026h[?25l[A[1Gpulling manifest [K
pulling 4824460d29f2:  70% ▕████████████      ▏  29 GB/ 42 GB  824 MB/s     15s[K[?25h[?2026l[?2026h[?25l[A[1Gpulling manifest [K
pulling 4824460d29f2:  70% ▕████████████      ▏  29 GB/ 42 GB  826 MB/s     15s[K[?25h[?2026l[?2026h[?25l[A[1Gpulling manifest [K
pulling 4824460d29f2:  70% ▕████████████      ▏  29 GB/ 42 GB  826 MB/s     15s[K[?25h[?2026l[?2026h[?25l[A[1Gpulling manifest [K
pulling 4824460d29f2:  70% ▕████████████      ▏  29 GB/ 42 GB  826 MB/s     15s[K[?25h[?2026l[?2026h[?25l[A[1Gpulling manifest [K
pulling 4824460d29f2:  71% ▕████████████      ▏  30 GB/ 42 GB  826 MB/s     15s[K[?25h[?2026l[?2026h[?25l[A[1Gpulling manifest [K
pulling 4824460d29f2:  71% ▕████████████      ▏  30 GB/ 42 GB  826 MB/s     15s[K[?25h[?2026l[?2026h[?25l[A[1Gpulling manifest [K
pulling 4824460d29f2:  71% ▕████████████      ▏  30 GB/ 42 GB  826 MB/s     14s[K[?25h[?2026l[?2026h[?25l[A[1Gpulling manifest [K
pulling 4824460d29f2:  71% ▕████████████      ▏  30 GB/ 42 GB  826 MB/s     14s[K[?25h[?2026l[?2026h[?25l[A[1Gpulling manifest [K
pulling 4824460d29f2:  71% ▕████████████      ▏  30 GB/ 42 GB  826 MB/s     14s[K[?25h[?2026l[?2026h[?25l[A[1Gpulling manifest [K
pulling 4824460d29f2:  72% ▕████████████      ▏  30 GB/ 42 GB  826 MB/s     14s[K[?25h[?2026l[?2026h[?25l[A[1Gpulling manifest [K
pulling 4824460d29f2:  72% ▕████████████      ▏  30 GB/ 42 GB  826 MB/s     14s[K[?25h[?2026l[?2026h[?25l[A[1Gpulling manifest [K
pulling 4824460d29f2:  72% ▕████████████      ▏  30 GB/ 42 GB  817 MB/s     14s[K[?25h[?2026l[?2026h[?25l[A[1Gpulling manifest [K
pulling 4824460d29f2:  72% ▕████████████      ▏  30 GB/ 42 GB  817 MB/s     14s[K[?25h[?2026l[?2026h[?25l[A[1Gpulling manifest [K
pulling 4824460d29f2:  72% ▕█████████████     ▏  30 GB/ 42 GB  817 MB/s     14s[K[?25h[?2026l[?2026h[?25l[A[1Gpulling manifest [K
pulling 4824460d29f2:  73% ▕█████████████     ▏  30 GB/ 42 GB  817 MB/s     14s[K[?25h[?2026l[?2026h[?25l[A[1Gpulling manifest [K
pulling 4824460d29f2:  73% ▕█████████████     ▏  30 GB/ 42 GB  817 MB/s     14s[K[?25h[?2026l[?2026h[?25l[A[1Gpulling manifest [K
pulling 4824460d29f2:  73% ▕█████████████     ▏  31 GB/ 42 GB  817 MB/s     14s[K[?25h[?2026l[?2026h[?25l[A[1Gpulling manifest [K
pulling 4824460d29f2:  73% ▕█████████████     ▏  31 GB/ 42 GB  817 MB/s     13s[K[?25h[?2026l[?2026h[?25l[A[1Gpulling manifest [K
pulling 4824460d29f2:  73% ▕█████████████     ▏  31 GB/ 42 GB  817 MB/s     13s[K[?25h[?2026l[?2026h[?25l[A[1Gpulling manifest [K
pulling 4824460d29f2:  74% ▕█████████████     ▏  31 GB/ 42 GB  817 MB/s     13s[K[?25h[?2026l[?2026h[?25l[A[1Gpulling manifest [K
pulling 4824460d29f2:  74% ▕█████████████     ▏  31 GB/ 42 GB  817 MB/s     13s[K[?25h[?2026l[?2026h[?25l[A[1Gpulling manifest [K
pulling 4824460d29f2:  74% ▕█████████████     ▏  31 GB/ 42 GB  834 MB/s     13s[K[?25h[?2026l[?2026h[?25l[A[1Gpulling manifest [K
pulling 4824460d29f2:  74% ▕█████████████     ▏  31 GB/ 42 GB  834 MB/s     13s[K[?25h[?2026l[?2026h[?25l[A[1Gpulling manifest [K
pulling 4824460d29f2:  74% ▕█████████████     ▏  31 GB/ 42 GB  834 MB/s     13s[K[?25h[?2026l[?2026h[?25l[A[1Gpulling manifest [K
pulling 4824460d29f2:  75% ▕█████████████     ▏  31 GB/ 42 GB  834 MB/s     12s[K[?25h[?2026l[?2026h[?25l[A[1Gpulling manifest [K
pulling 4824460d29f2:  75% ▕█████████████     ▏  31 GB/ 42 GB  834 MB/s     12s[K[?25h[?2026l[?2026h[?25l[A[1Gpulling manifest [K
pulling 4824460d29f2:  75% ▕█████████████     ▏  31 GB/ 42 GB  834 MB/s     12s[K[?25h[?2026l[?2026h[?25l[A[1Gpulling manifest [K
pulling 4824460d29f2:  75% ▕█████████████     ▏  31 GB/ 42 GB  834 MB/s     12s[K[?25h[?2026l[?2026h[?25l[A[1Gpulling manifest [K
pulling 4824460d29f2:  75% ▕█████████████     ▏  32 GB/ 42 GB  834 MB/s     12s[K[?25h[?2026l[?2026h[?25l[A[1Gpulling manifest [K
pulling 4824460d29f2:  75% ▕█████████████     ▏  32 GB/ 42 GB  834 MB/s     12s[K[?25h[?2026l[?2026h[?25l[A[1Gpulling manifest [K
pulling 4824460d29f2:  76% ▕█████████████     ▏  32 GB/ 42 GB  834 MB/s     12s[K[?25h[?2026l[?2026h[?25l[A[1Gpulling manifest [K
pulling 4824460d29f2:  76% ▕█████████████     ▏  32 GB/ 42 GB  839 MB/s     12s[K[?25h[?2026l[?2026h[?25l[A[1Gpulling manifest [K
pulling 4824460d29f2:  76% ▕█████████████     ▏  32 GB/ 42 GB  839 MB/s     12s[K[?25h[?2026l[?2026h[?25l[A[1Gpulling manifest [K
pulling 4824460d29f2:  76% ▕█████████████     ▏  32 GB/ 42 GB  839 MB/s     12s[K[?25h[?2026l[?2026h[?25l[A[1Gpulling manifest [K
pulling 4824460d29f2:  76% ▕█████████████     ▏  32 GB/ 42 GB  839 MB/s     11s[K[?25h[?2026l[?2026h[?25l[A[1Gpulling manifest [K
pulling 4824460d29f2:  76% ▕█████████████     ▏  32 GB/ 42 GB  839 MB/s     11s[K[?25h[?2026l[?2026h[?25l[A[1Gpulling manifest [K
pulling 4824460d29f2:  77% ▕█████████████     ▏  32 GB/ 42 GB  839 MB/s     11s[K[?25h[?2026l[?2026h[?25l[A[1Gpulling manifest [K
pulling 4824460d29f2:  77% ▕█████████████     ▏  32 GB/ 42 GB  839 MB/s     11s[K[?25h[?2026l[?2026h[?25l[A[1Gpulling manifest [K
pulling 4824460d29f2:  77% ▕█████████████     ▏  32 GB/ 42 GB  839 MB/s     11s[K[?25h[?2026l[?2026h[?25l[A[1Gpulling manifest [K
pulling 4824460d29f2:  77% ▕█████████████     ▏  32 GB/ 42 GB  839 MB/s     11s[K[?25h[?2026l[?2026h[?25l[A[1Gpulling manifest [K
pulling 4824460d29f2:  77% ▕█████████████     ▏  32 GB/ 42 GB  839 MB/s     11s[K[?25h[?2026l[?2026h[?25l[A[1Gpulling manifest [K
pulling 4824460d29f2:  77% ▕█████████████     ▏  32 GB/ 42 GB  839 MB/s     11s[K[?25h[?2026l[?2026h[?25l[A[1Gpulling manifest [K
pulling 4824460d29f2:  78% ▕█████████████     ▏  32 GB/ 42 GB  817 MB/s     11s[K[?25h[?2026l[?2026h[?25l[A[1Gpulling manifest [K
pulling 4824460d29f2:  78% ▕█████████████     ▏  33 GB/ 42 GB  817 MB/s     11s[K[?25h[?2026l[?2026h[?25l[A[1Gpulling manifest [K
pulling 4824460d29f2:  78% ▕██████████████    ▏  33 GB/ 42 GB  817 MB/s     11s[K[?25h[?2026l[?2026h[?25l[A[1Gpulling manifest [K
pulling 4824460d29f2:  78% ▕██████████████    ▏  33 GB/ 42 GB  817 MB/s     11s[K[?25h[?2026l[?2026h[?25l[A[1Gpulling manifest [K
pulling 4824460d29f2:  78% ▕██████████████    ▏  33 GB/ 42 GB  817 MB/s     11s[K[?25h[?2026l[?2026h[?25l[A[1Gpulling manifest [K
pulling 4824460d29f2:  78% ▕██████████████    ▏  33 GB/ 42 GB  817 MB/s     11s[K[?25h[?2026l[?2026h[?25l[A[1Gpulling manifest [K
pulling 4824460d29f2:  78% ▕██████████████    ▏  33 GB/ 42 GB  817 MB/s     11s[K[?25h[?2026l[?2026h[?25l[A[1Gpulling manifest [K
pulling 4824460d29f2:  79% ▕██████████████    ▏  33 GB/ 42 GB  817 MB/s     11s[K[?25h[?2026l[?2026h[?25l[A[1Gpulling manifest [K
pulling 4824460d29f2:  79% ▕██████████████    ▏  33 GB/ 42 GB  817 MB/s     11s[K[?25h[?2026l[?2026h[?25l[A[1Gpulling manifest [K
pulling 4824460d29f2:  79% ▕██████████████    ▏  33 GB/ 42 GB  817 MB/s     10s[K[?25h[?2026l[?2026h[?25l[A[1Gpulling manifest [K
pulling 4824460d29f2:  79% ▕██████████████    ▏  33 GB/ 42 GB  807 MB/s     10s[K[?25h[?2026l[?2026h[?25l[A[1Gpulling manifest [K
pulling 4824460d29f2:  79% ▕██████████████    ▏  33 GB/ 42 GB  807 MB/s     10s[K[?25h[?2026l[?2026h[?25l[A[1Gpulling manifest [K
pulling 4824460d29f2:  80% ▕██████████████    ▏  33 GB/ 42 GB  807 MB/s     10s[K[?25h[?2026l[?2026h[?25l[A[1Gpulling manifest [K
pulling 4824460d29f2:  80% ▕██████████████    ▏  33 GB/ 42 GB  807 MB/s     10s[K[?25h[?2026l[?2026h[?25l[A[1Gpulling manifest [K
pulling 4824460d29f2:  80% ▕██████████████    ▏  33 GB/ 42 GB  807 MB/s     10s[K[?25h[?2026l[?2026h[?25l[A[1Gpulling manifest [K
pulling 4824460d29f2:  80% ▕██████████████    ▏  34 GB/ 42 GB  807 MB/s     10s[K[?25h[?2026l[?2026h[?25l[A[1Gpulling manifest [K
pulling 4824460d29f2:  80% ▕██████████████    ▏  34 GB/ 42 GB  807 MB/s     10s[K[?25h[?2026l[?2026h[?25l[A[1Gpulling manifest [K
pulling 4824460d29f2:  80% ▕██████████████    ▏  34 GB/ 42 GB  807 MB/s     10s[K[?25h[?2026l[?2026h[?25l[A[1Gpulling manifest [K
pulling 4824460d29f2:  81% ▕██████████████    ▏  34 GB/ 42 GB  807 MB/s     10s[K[?25h[?2026l[?2026h[?25l[A[1Gpulling manifest [K
pulling 4824460d29f2:  81% ▕██████████████    ▏  34 GB/ 42 GB  807 MB/s     10s[K[?25h[?2026l[?2026h[?25l[A[1Gpulling manifest [K
pulling 4824460d29f2:  81% ▕██████████████    ▏  34 GB/ 42 GB  807 MB/s      9s[K[?25h[?2026l[?2026h[?25l[A[1Gpulling manifest [K
pulling 4824460d29f2:  81% ▕██████████████    ▏  34 GB/ 42 GB  807 MB/s      9s[K[?25h[?2026l[?2026h[?25l[A[1Gpulling manifest [K
pulling 4824460d29f2:  82% ▕██████████████    ▏  34 GB/ 42 GB  807 MB/s      9s[K[?25h[?2026l[?2026h[?25l[A[1Gpulling manifest [K
pulling 4824460d29f2:  82% ▕██████████████    ▏  34 GB/ 42 GB  807 MB/s      9s[K[?25h[?2026l[?2026h[?25l[A[1Gpulling manifest [K
pulling 4824460d29f2:  82% ▕██████████████    ▏  34 GB/ 42 GB  807 MB/s      9s[K[?25h[?2026l[?2026h[?25l[A[1Gpulling manifest [K
pulling 4824460d29f2:  82% ▕██████████████    ▏  34 GB/ 42 GB  807 MB/s      9s[K[?25h[?2026l[?2026h[?25l[A[1Gpulling manifest [K
pulling 4824460d29f2:  82% ▕██████████████    ▏  34 GB/ 42 GB  807 MB/s      9s[K[?25h[?2026l[?2026h[?25l[A[1Gpulling manifest [K
pulling 4824460d29f2:  82% ▕██████████████    ▏  35 GB/ 42 GB  807 MB/s      9s[K[?25h[?2026l[?2026h[?25l[A[1Gpulling manifest [K
pulling 4824460d29f2:  83% ▕██████████████    ▏  35 GB/ 42 GB  807 MB/s      9s[K[?25h[?2026l[?2026h[?25l[A[1Gpulling manifest [K
pulling 4824460d29f2:  83% ▕██████████████    ▏  35 GB/ 42 GB  807 MB/s      9s[K[?25h[?2026l[?2026h[?25l[A[1Gpulling manifest [K
pulling 4824460d29f2:  83% ▕██████████████    ▏  35 GB/ 42 GB  799 MB/s      9s[K[?25h[?2026l[?2026h[?25l[A[1Gpulling manifest [K
pulling 4824460d29f2:  83% ▕██████████████    ▏  35 GB/ 42 GB  799 MB/s      8s[K[?25h[?2026l[?2026h[?25l[A[1Gpulling manifest [K
pulling 4824460d29f2:  83% ▕██████████████    ▏  35 GB/ 42 GB  799 MB/s      8s[K[?25h[?2026l[?2026h[?25l[A[1Gpulling manifest [K
pulling 4824460d29f2:  83% ▕███████████████   ▏  35 GB/ 42 GB  799 MB/s      8s[K[?25h[?2026l[?2026h[?25l[A[1Gpulling manifest [K
pulling 4824460d29f2:  84% ▕███████████████   ▏  35 GB/ 42 GB  799 MB/s      8s[K[?25h[?2026l[?2026h[?25l[A[1Gpulling manifest [K
pulling 4824460d29f2:  84% ▕███████████████   ▏  35 GB/ 42 GB  799 MB/s      8s[K[?25h[?2026l[?2026h[?25l[A[1Gpulling manifest [K
pulling 4824460d29f2:  84% ▕███████████████   ▏  35 GB/ 42 GB  799 MB/s      8s[K[?25h[?2026l[?2026h[?25l[A[1Gpulling manifest [K
pulling 4824460d29f2:  84% ▕███████████████   ▏  35 GB/ 42 GB  799 MB/s      8s[K[?25h[?2026l[?2026h[?25l[A[1Gpulling manifest [K
pulling 4824460d29f2:  84% ▕███████████████   ▏  35 GB/ 42 GB  799 MB/s      8s[K[?25h[?2026l[?2026h[?25l[A[1Gpulling manifest [K
pulling 4824460d29f2:  85% ▕███████████████   ▏  35 GB/ 42 GB  799 MB/s      8s[K[?25h[?2026l[?2026h[?25l[A[1Gpulling manifest [K
pulling 4824460d29f2:  85% ▕███████████████   ▏  36 GB/ 42 GB  800 MB/s      8s[K[?25h[?2026l[?2026h[?25l[A[1Gpulling manifest [K
pulling 4824460d29f2:  85% ▕███████████████   ▏  36 GB/ 42 GB  800 MB/s      7s[K[?25h[?2026l[?2026h[?25l[A[1Gpulling manifest [K
pulling 4824460d29f2:  85% ▕███████████████   ▏  36 GB/ 42 GB  800 MB/s      7s[K[?25h[?2026l[?2026h[?25l[A[1Gpulling manifest [K
pulling 4824460d29f2:  85% ▕███████████████   ▏  36 GB/ 42 GB  800 MB/s      7s[K[?25h[?2026l[?2026h[?25l[A[1Gpulling manifest [K
pulling 4824460d29f2:  85% ▕███████████████   ▏  36 GB/ 42 GB  800 MB/s      7s[K[?25h[?2026l[?2026h[?25l[A[1Gpulling manifest [K
pulling 4824460d29f2:  86% ▕███████████████   ▏  36 GB/ 42 GB  800 MB/s      7s[K[?25h[?2026l[?2026h[?25l[A[1Gpulling manifest [K
pulling 4824460d29f2:  86% ▕███████████████   ▏  36 GB/ 42 GB  800 MB/s      7s[K[?25h[?2026l[?2026h[?25l[A[1Gpulling manifest [K
pulling 4824460d29f2:  86% ▕███████████████   ▏  36 GB/ 42 GB  800 MB/s      7s[K[?25h[?2026l[?2026h[?25l[A[1Gpulling manifest [K
pulling 4824460d29f2:  86% ▕███████████████   ▏  36 GB/ 42 GB  800 MB/s      7s[K[?25h[?2026l[?2026h[?25l[A[1Gpulling manifest [K
pulling 4824460d29f2:  86% ▕███████████████   ▏  36 GB/ 42 GB  800 MB/s      7s[K[?25h[?2026l[?2026h[?25l[A[1Gpulling manifest [K
pulling 4824460d29f2:  86% ▕███████████████   ▏  36 GB/ 42 GB  800 MB/s      7s[K[?25h[?2026l[?2026h[?25l[A[1Gpulling manifest [K
pulling 4824460d29f2:  87% ▕███████████████   ▏  36 GB/ 42 GB  787 MB/s      7s[K[?25h[?2026l[?2026h[?25l[A[1Gpulling manifest [K
pulling 4824460d29f2:  87% ▕███████████████   ▏  36 GB/ 42 GB  787 MB/s      7s[K[?25h[?2026l[?2026h[?25l[A[1Gpulling manifest [K
pulling 4824460d29f2:  87% ▕███████████████   ▏  36 GB/ 42 GB  787 MB/s      7s[K[?25h[?2026l[?2026h[?25l[A[1Gpulling manifest [K
pulling 4824460d29f2:  87% ▕███████████████   ▏  37 GB/ 42 GB  787 MB/s      6s[K[?25h[?2026l[?2026h[?25l[A[1Gpulling manifest [K
pulling 4824460d29f2:  87% ▕███████████████   ▏  37 GB/ 42 GB  787 MB/s      6s[K[?25h[?2026l[?2026h[?25l[A[1Gpulling manifest [K
pulling 4824460d29f2:  87% ▕███████████████   ▏  37 GB/ 42 GB  787 MB/s      6s[K[?25h[?2026l[?2026h[?25l[A[1Gpulling manifest [K
pulling 4824460d29f2:  88% ▕███████████████   ▏  37 GB/ 42 GB  787 MB/s      6s[K[?25h[?2026l[?2026h[?25l[A[1Gpulling manifest [K
pulling 4824460d29f2:  88% ▕███████████████   ▏  37 GB/ 42 GB  787 MB/s      6s[K[?25h[?2026l[?2026h[?25l[A[1Gpulling manifest [K
pulling 4824460d29f2:  88% ▕███████████████   ▏  37 GB/ 42 GB  787 MB/s      6s[K[?25h[?2026l[?2026h[?25l[A[1Gpulling manifest [K
pulling 4824460d29f2:  88% ▕███████████████   ▏  37 GB/ 42 GB  787 MB/s      6s[K[?25h[?2026l[?2026h[?25l[A[1Gpulling manifest [K
pulling 4824460d29f2:  88% ▕███████████████   ▏  37 GB/ 42 GB  777 MB/s      6s[K[?25h[?2026l[?2026h[?25l[A[1Gpulling manifest [K
pulling 4824460d29f2:  88% ▕███████████████   ▏  37 GB/ 42 GB  777 MB/s      6s[K[?25h[?2026l[?2026h[?25l[A[1Gpulling manifest [K
pulling 4824460d29f2:  89% ▕███████████████   ▏  37 GB/ 42 GB  777 MB/s      6s[K[?25h[?2026l[?2026h[?25l[A[1Gpulling manifest [K
pulling 4824460d29f2:  89% ▕███████████████   ▏  37 GB/ 42 GB  777 MB/s      6s[K[?25h[?2026l[?2026h[?25l[A[1Gpulling manifest [K
pulling 4824460d29f2:  89% ▕████████████████  ▏  37 GB/ 42 GB  777 MB/s      6s[K[?25h[?2026l[?2026h[?25l[A[1Gpulling manifest [K
pulling 4824460d29f2:  89% ▕████████████████  ▏  37 GB/ 42 GB  777 MB/s      5s[K[?25h[?2026l[?2026h[?25l[A[1Gpulling manifest [K
pulling 4824460d29f2:  89% ▕████████████████  ▏  38 GB/ 42 GB  777 MB/s      5s[K[?25h[?2026l[?2026h[?25l[A[1Gpulling manifest [K
pulling 4824460d29f2:  90% ▕████████████████  ▏  38 GB/ 42 GB  777 MB/s      5s[K[?25h[?2026l[?2026h[?25l[A[1Gpulling manifest [K
pulling 4824460d29f2:  90% ▕████████████████  ▏  38 GB/ 42 GB  777 MB/s      5s[K[?25h[?2026l[?2026h[?25l[A[1Gpulling manifest [K
pulling 4824460d29f2:  90% ▕████████████████  ▏  38 GB/ 42 GB  777 MB/s      5s[K[?25h[?2026l[?2026h[?25l[A[1Gpulling manifest [K
pulling 4824460d29f2:  90% ▕████████████████  ▏  38 GB/ 42 GB  760 MB/s      5s[K[?25h[?2026l[?2026h[?25l[A[1Gpulling manifest [K
pulling 4824460d29f2:  90% ▕████████████████  ▏  38 GB/ 42 GB  760 MB/s      5s[K[?25h[?2026l[?2026h[?25l[A[1Gpulling manifest [K
pulling 4824460d29f2:  90% ▕████████████████  ▏  38 GB/ 42 GB  760 MB/s      5s[K[?25h[?2026l[?2026h[?25l[A[1Gpulling manifest [K
pulling 4824460d29f2:  91% ▕████████████████  ▏  38 GB/ 42 GB  760 MB/s      5s[K[?25h[?2026l[?2026h[?25l[A[1Gpulling manifest [K
pulling 4824460d29f2:  91% ▕████████████████  ▏  38 GB/ 42 GB  760 MB/s      5s[K[?25h[?2026l[?2026h[?25l[A[1Gpulling manifest [K
pulling 4824460d29f2:  91% ▕████████████████  ▏  38 GB/ 42 GB  760 MB/s      5s[K[?25h[?2026l[?2026h[?25l[A[1Gpulling manifest [K
pulling 4824460d29f2:  91% ▕████████████████  ▏  38 GB/ 42 GB  760 MB/s      4s[K[?25h[?2026l[?2026h[?25l[A[1Gpulling manifest [K
pulling 4824460d29f2:  91% ▕████████████████  ▏  38 GB/ 42 GB  760 MB/s      4s[K[?25h[?2026l[?2026h[?25l[A[1Gpulling manifest [K
pulling 4824460d29f2:  92% ▕████████████████  ▏  38 GB/ 42 GB  760 MB/s      4s[K[?25h[?2026l[?2026h[?25l[A[1Gpulling manifest [K
pulling 4824460d29f2:  92% ▕████████████████  ▏  39 GB/ 42 GB  760 MB/s      4s[K[?25h[?2026l[?2026h[?25l[A[1Gpulling manifest [K
pulling 4824460d29f2:  92% ▕████████████████  ▏  39 GB/ 42 GB  757 MB/s      4s[K[?25h[?2026l[?2026h[?25l[A[1Gpulling manifest [K
pulling 4824460d29f2:  92% ▕████████████████  ▏  39 GB/ 42 GB  757 MB/s      4s[K[?25h[?2026l[?2026h[?25l[A[1Gpulling manifest [K
pulling 4824460d29f2:  92% ▕████████████████  ▏  39 GB/ 42 GB  757 MB/s      4s[K[?25h[?2026l[?2026h[?25l[A[1Gpulling manifest [K
pulling 4824460d29f2:  92% ▕████████████████  ▏  39 GB/ 42 GB  757 MB/s      4s[K[?25h[?2026l[?2026h[?25l[A[1Gpulling manifest [K
pulling 4824460d29f2:  93% ▕████████████████  ▏  39 GB/ 42 GB  757 MB/s      4s[K[?25h[?2026l[?2026h[?25l[A[1Gpulling manifest [K
pulling 4824460d29f2:  93% ▕████████████████  ▏  39 GB/ 42 GB  757 MB/s      4s[K[?25h[?2026l[?2026h[?25l[A[1Gpulling manifest [K
pulling 4824460d29f2:  93% ▕████████████████  ▏  39 GB/ 42 GB  757 MB/s      3s[K[?25h[?2026l[?2026h[?25l[A[1Gpulling manifest [K
pulling 4824460d29f2:  93% ▕████████████████  ▏  39 GB/ 42 GB  757 MB/s      3s[K[?25h[?2026l[?2026h[?25l[A[1Gpulling manifest [K
pulling 4824460d29f2:  93% ▕████████████████  ▏  39 GB/ 42 GB  757 MB/s      3s[K[?25h[?2026l[?2026h[?25l[A[1Gpulling manifest [K
pulling 4824460d29f2:  94% ▕████████████████  ▏  39 GB/ 42 GB  757 MB/s      3s[K[?25h[?2026l[?2026h[?25l[A[1Gpulling manifest [K
pulling 4824460d29f2:  94% ▕████████████████  ▏  39 GB/ 42 GB  769 MB/s      3s[K[?25h[?2026l[?2026h[?25l[A[1Gpulling manifest [K
pulling 4824460d29f2:  94% ▕████████████████  ▏  39 GB/ 42 GB  769 MB/s      3s[K[?25h[?2026l[?2026h[?25l[A[1Gpulling manifest [K
pulling 4824460d29f2:  94% ▕████████████████  ▏  39 GB/ 42 GB  769 MB/s      3s[K[?25h[?2026l[?2026h[?25l[A[1Gpulling manifest [K
pulling 4824460d29f2:  94% ▕████████████████  ▏  40 GB/ 42 GB  769 MB/s      3s[K[?25h[?2026l[?2026h[?25l[A[1Gpulling manifest [K
pulling 4824460d29f2:  94% ▕████████████████  ▏  40 GB/ 42 GB  769 MB/s      3s[K[?25h[?2026l[?2026h[?25l[A[1Gpulling manifest [K
pulling 4824460d29f2:  94% ▕████████████████  ▏  40 GB/ 42 GB  769 MB/s      3s[K[?25h[?2026l[?2026h[?25l[A[1Gpulling manifest [K
pulling 4824460d29f2:  95% ▕█████████████████ ▏  40 GB/ 42 GB  769 MB/s      2s[K[?25h[?2026l[?2026h[?25l[A[1Gpulling manifest [K
pulling 4824460d29f2:  95% ▕█████████████████ ▏  40 GB/ 42 GB  769 MB/s      2s[K[?25h[?2026l[?2026h[?25l[A[1Gpulling manifest [K
pulling 4824460d29f2:  95% ▕█████████████████ ▏  40 GB/ 42 GB  769 MB/s      2s[K[?25h[?2026l[?2026h[?25l[A[1Gpulling manifest [K
pulling 4824460d29f2:  95% ▕█████████████████ ▏  40 GB/ 42 GB  769 MB/s      2s[K[?25h[?2026l[?2026h[?25l[A[1Gpulling manifest [K
pulling 4824460d29f2:  95% ▕█████████████████ ▏  40 GB/ 42 GB  769 MB/s      2s[K[?25h[?2026l[?2026h[?25l[A[1Gpulling manifest [K
pulling 4824460d29f2:  95% ▕█████████████████ ▏  40 GB/ 42 GB  754 MB/s      2s[K[?25h[?2026l[?2026h[?25l[A[1Gpulling manifest [K
pulling 4824460d29f2:  95% ▕█████████████████ ▏  40 GB/ 42 GB  754 MB/s      2s[K[?25h[?2026l[?2026h[?25l[A[1Gpulling manifest [K
pulling 4824460d29f2:  95% ▕█████████████████ ▏  40 GB/ 42 GB  754 MB/s      2s[K[?25h[?2026l[?2026h[?25l[A[1Gpulling manifest [K
pulling 4824460d29f2:  95% ▕█████████████████ ▏  40 GB/ 42 GB  754 MB/s      2s[K[?25h[?2026l[?2026h[?25l[A[1Gpulling manifest [K
pulling 4824460d29f2:  95% ▕█████████████████ ▏  40 GB/ 42 GB  754 MB/s      2s[K[?25h[?2026l[?2026h[?25l[A[1Gpulling manifest [K
pulling 4824460d29f2:  95% ▕█████████████████ ▏  40 GB/ 42 GB  754 MB/s      2s[K[?25h[?2026l[?2026h[?25l[A[1Gpulling manifest [K
pulling 4824460d29f2:  96% ▕█████████████████ ▏  40 GB/ 42 GB  754 MB/s      2s[K[?25h[?2026l[?2026h[?25l[A[1Gpulling manifest [K
pulling 4824460d29f2:  96% ▕█████████████████ ▏  40 GB/ 42 GB  754 MB/s      2s[K[?25h[?2026l[?2026h[?25l[A[1Gpulling manifest [K
pulling 4824460d29f2:  96% ▕█████████████████ ▏  40 GB/ 42 GB  754 MB/s      2s[K[?25h[?2026l[?2026h[?25l[A[1Gpulling manifest [K
pulling 4824460d29f2:  96% ▕█████████████████ ▏  40 GB/ 42 GB  754 MB/s      2s[K[?25h[?2026l[?2026h[?25l[A[1Gpulling manifest [K
pulling 4824460d29f2:  96% ▕█████████████████ ▏  40 GB/ 42 GB  699 MB/s      2s[K[?25h[?2026l[?2026h[?25l[A[1Gpulling manifest [K
pulling 4824460d29f2:  96% ▕█████████████████ ▏  40 GB/ 42 GB  699 MB/s      2s[K[?25h[?2026l[?2026h[?25l[A[1Gpulling manifest [K
pulling 4824460d29f2:  96% ▕█████████████████ ▏  40 GB/ 42 GB  699 MB/s      2s[K[?25h[?2026l[?2026h[?25l[A[1Gpulling manifest [K
pulling 4824460d29f2:  96% ▕█████████████████ ▏  40 GB/ 42 GB  699 MB/s      2s[K[?25h[?2026l[?2026h[?25l[A[1Gpulling manifest [K
pulling 4824460d29f2:  96% ▕█████████████████ ▏  40 GB/ 42 GB  699 MB/s      2s[K[?25h[?2026l[?2026h[?25l[A[1Gpulling manifest [K
pulling 4824460d29f2:  96% ▕█████████████████ ▏  40 GB/ 42 GB  699 MB/s      2s[K[?25h[?2026l[?2026h[?25l[A[1Gpulling manifest [K
pulling 4824460d29f2:  96% ▕█████████████████ ▏  40 GB/ 42 GB  699 MB/s      2s[K[?25h[?2026l[?2026h[?25l[A[1Gpulling manifest [K
pulling 4824460d29f2:  96% ▕█████████████████ ▏  41 GB/ 42 GB  699 MB/s      2s[K[?25h[?2026l[?2026h[?25l[A[1Gpulling manifest [K
pulling 4824460d29f2:  97% ▕█████████████████ ▏  41 GB/ 42 GB  699 MB/s      2s[K[?25h[?2026l[?2026h[?25l[A[1Gpulling manifest [K
pulling 4824460d29f2:  97% ▕█████████████████ ▏  41 GB/ 42 GB  699 MB/s      2s[K[?25h[?2026l[?2026h[?25l[A[1Gpulling manifest [K
pulling 4824460d29f2:  97% ▕█████████████████ ▏  41 GB/ 42 GB  645 MB/s      2s[K[?25h[?2026l[?2026h[?25l[A[1Gpulling manifest [K
pulling 4824460d29f2:  97% ▕█████████████████ ▏  41 GB/ 42 GB  645 MB/s      2s[K[?25h[?2026l[?2026h[?25l[A[1Gpulling manifest [K
pulling 4824460d29f2:  97% ▕█████████████████ ▏  41 GB/ 42 GB  645 MB/s      2s[K[?25h[?2026l[?2026h[?25l[A[1Gpulling manifest [K
pulling 4824460d29f2:  97% ▕█████████████████ ▏  41 GB/ 42 GB  645 MB/s      2s[K[?25h[?2026l[?2026h[?25l[A[1Gpulling manifest [K
pulling 4824460d29f2:  97% ▕█████████████████ ▏  41 GB/ 42 GB  645 MB/s      2s[K[?25h[?2026l[?2026h[?25l[A[1Gpulling manifest [K
pulling 4824460d29f2:  97% ▕█████████████████ ▏  41 GB/ 42 GB  645 MB/s      2s[K[?25h[?2026l[?2026h[?25l[A[1Gpulling manifest [K
pulling 4824460d29f2:  97% ▕█████████████████ ▏  41 GB/ 42 GB  645 MB/s      2s[K[?25h[?2026l[?2026h[?25l[A[1Gpulling manifest [K
pulling 4824460d29f2:  97% ▕█████████████████ ▏  41 GB/ 42 GB  645 MB/s      2s[K[?25h[?2026l[?2026h[?25l[A[1Gpulling manifest [K
pulling 4824460d29f2:  97% ▕█████████████████ ▏  41 GB/ 42 GB  645 MB/s      2s[K[?25h[?2026l[?2026h[?25l[A[1Gpulling manifest [K
pulling 4824460d29f2:  97% ▕█████████████████ ▏  41 GB/ 42 GB  645 MB/s      2s[K[?25h[?2026l[?2026h[?25l[A[1Gpulling manifest [K
pulling 4824460d29f2:  97% ▕█████████████████ ▏  41 GB/ 42 GB  576 MB/s      2s[K[?25h[?2026l[?2026h[?25l[A[1Gpulling manifest [K
pulling 4824460d29f2:  97% ▕█████████████████ ▏  41 GB/ 42 GB  576 MB/s      2s[K[?25h[?2026l[?2026h[?25l[A[1Gpulling manifest [K
pulling 4824460d29f2:  97% ▕█████████████████ ▏  41 GB/ 42 GB  576 MB/s      2s[K[?25h[?2026l[?2026h[?25l[A[1Gpulling manifest [K
pulling 4824460d29f2:  97% ▕█████████████████ ▏  41 GB/ 42 GB  576 MB/s      2s[K[?25h[?2026l[?2026h[?25l[A[1Gpulling manifest [K
pulling 4824460d29f2:  97% ▕█████████████████ ▏  41 GB/ 42 GB  576 MB/s      2s[K[?25h[?2026l[?2026h[?25l[A[1Gpulling manifest [K
pulling 4824460d29f2:  97% ▕█████████████████ ▏  41 GB/ 42 GB  576 MB/s      2s[K[?25h[?2026l[?2026h[?25l[A[1Gpulling manifest [K
pulling 4824460d29f2:  97% ▕█████████████████ ▏  41 GB/ 42 GB  576 MB/s      1s[K[?25h[?2026l[?2026h[?25l[A[1Gpulling manifest [K
pulling 4824460d29f2:  97% ▕█████████████████ ▏  41 GB/ 42 GB  576 MB/s      1s[K[?25h[?2026l[?2026h[?25l[A[1Gpulling manifest [K
pulling 4824460d29f2:  97% ▕█████████████████ ▏  41 GB/ 42 GB  576 MB/s      1s[K[?25h[?2026l[?2026h[?25l[A[1Gpulling manifest [K
pulling 4824460d29f2:  98% ▕█████████████████ ▏  41 GB/ 42 GB  576 MB/s      1s[K[?25h[?2026l[?2026h[?25l[A[1Gpulling manifest [K
pulling 4824460d29f2:  98% ▕█████████████████ ▏  41 GB/ 42 GB  519 MB/s      1s[K[?25h[?2026l[?2026h[?25l[A[1Gpulling manifest [K
pulling 4824460d29f2:  98% ▕█████████████████ ▏  41 GB/ 42 GB  519 MB/s      1s[K[?25h[?2026l[?2026h[?25l[A[1Gpulling manifest [K
pulling 4824460d29f2:  98% ▕█████████████████ ▏  41 GB/ 42 GB  519 MB/s      1s[K[?25h[?2026l[?2026h[?25l[A[1Gpulling manifest [K
pulling 4824460d29f2:  98% ▕█████████████████ ▏  41 GB/ 42 GB  519 MB/s      1s[K[?25h[?2026l[?2026h[?25l[A[1Gpulling manifest [K
pulling 4824460d29f2:  98% ▕█████████████████ ▏  41 GB/ 42 GB  519 MB/s      1s[K[?25h[?2026l[?2026h[?25l[A[1Gpulling manifest [K
pulling 4824460d29f2:  98% ▕█████████████████ ▏  41 GB/ 42 GB  519 MB/s      1s[K[?25h[?2026l[?2026h[?25l[A[1Gpulling manifest [K
pulling 4824460d29f2:  98% ▕█████████████████ ▏  41 GB/ 42 GB  519 MB/s      1s[K[?25h[?2026l[?2026h[?25l[A[1Gpulling manifest [K
pulling 4824460d29f2:  98% ▕█████████████████ ▏  41 GB/ 42 GB  519 MB/s      1s[K[?25h[?2026l[?2026h[?25l[A[1Gpulling manifest [K
pulling 4824460d29f2:  98% ▕█████████████████ ▏  41 GB/ 42 GB  519 MB/s      1s[K[?25h[?2026l[?2026h[?25l[A[1Gpulling manifest [K
pulling 4824460d29f2:  98% ▕█████████████████ ▏  41 GB/ 42 GB  519 MB/s      1s[K[?25h[?2026l[?2026h[?25l[A[1Gpulling manifest [K
pulling 4824460d29f2:  98% ▕█████████████████ ▏  41 GB/ 42 GB  519 MB/s      1s[K[?25h[?2026l[?2026h[?25l[A[1Gpulling manifest [K
pulling 4824460d29f2:  98% ▕█████████████████ ▏  41 GB/ 42 GB  459 MB/s      1s[K[?25h[?2026l[?2026h[?25l[A[1Gpulling manifest [K
pulling 4824460d29f2:  98% ▕█████████████████ ▏  41 GB/ 42 GB  459 MB/s      1s[K[?25h[?2026l[?2026h[?25l[A[1Gpulling manifest [K
pulling 4824460d29f2:  98% ▕█████████████████ ▏  41 GB/ 42 GB  459 MB/s      1s[K[?25h[?2026l[?2026h[?25l[A[1Gpulling manifest [K
pulling 4824460d29f2:  98% ▕█████████████████ ▏  41 GB/ 42 GB  459 MB/s      1s[K[?25h[?2026l[?2026h[?25l[A[1Gpulling manifest [K
pulling 4824460d29f2:  98% ▕█████████████████ ▏  41 GB/ 42 GB  459 MB/s      1s[K[?25h[?2026l[?2026h[?25l[A[1Gpulling manifest [K
pulling 4824460d29f2:  98% ▕█████████████████ ▏  41 GB/ 42 GB  459 MB/s      1s[K[?25h[?2026l[?2026h[?25l[A[1Gpulling manifest [K
pulling 4824460d29f2:  98% ▕█████████████████ ▏  41 GB/ 42 GB  459 MB/s      1s[K[?25h[?2026l[?2026h[?25l[A[1Gpulling manifest [K
pulling 4824460d29f2:  98% ▕█████████████████ ▏  41 GB/ 42 GB  459 MB/s      1s[K[?25h[?2026l[?2026h[?25l[A[1Gpulling manifest [K
pulling 4824460d29f2:  98% ▕█████████████████ ▏  41 GB/ 42 GB  459 MB/s      1s[K[?25h[?2026l[?2026h[?25l[A[1Gpulling manifest [K
pulling 4824460d29f2:  98% ▕█████████████████ ▏  41 GB/ 42 GB  459 MB/s      1s[K[?25h[?2026l[?2026h[?25l[A[1Gpulling manifest [K
pulling 4824460d29f2:  98% ▕█████████████████ ▏  41 GB/ 42 GB  387 MB/s      1s[K[?25h[?2026l[?2026h[?25l[A[1Gpulling manifest [K
pulling 4824460d29f2:  98% ▕█████████████████ ▏  41 GB/ 42 GB  387 MB/s      1s[K[?25h[?2026l[?2026h[?25l[A[1Gpulling manifest [K
pulling 4824460d29f2:  98% ▕█████████████████ ▏  41 GB/ 42 GB  387 MB/s      1s[K[?25h[?2026l[?2026h[?25l[A[1Gpulling manifest [K
pulling 4824460d29f2:  98% ▕█████████████████ ▏  41 GB/ 42 GB  387 MB/s      1s[K[?25h[?2026l[?2026h[?25l[A[1Gpulling manifest [K
pulling 4824460d29f2:  98% ▕█████████████████ ▏  41 GB/ 42 GB  387 MB/s      1s[K[?25h[?2026l[?2026h[?25l[A[1Gpulling manifest [K
pulling 4824460d29f2:  98% ▕█████████████████ ▏  41 GB/ 42 GB  387 MB/s      1s[K[?25h[?2026l[?2026h[?25l[A[1Gpulling manifest [K
pulling 4824460d29f2:  98% ▕█████████████████ ▏  41 GB/ 42 GB  387 MB/s      1s[K[?25h[?2026l[?2026h[?25l[A[1Gpulling manifest [K
pulling 4824460d29f2:  99% ▕█████████████████ ▏  41 GB/ 42 GB  387 MB/s      1s[K[?25h[?2026l[?2026h[?25l[A[1Gpulling manifest [K
pulling 4824460d29f2:  99% ▕█████████████████ ▏  41 GB/ 42 GB  387 MB/s      1s[K[?25h[?2026l[?2026h[?25l[A[1Gpulling manifest [K
pulling 4824460d29f2:  99% ▕█████████████████ ▏  41 GB/ 42 GB  387 MB/s      1s[K[?25h[?2026l[?2026h[?25l[A[1Gpulling manifest [K
pulling 4824460d29f2:  99% ▕█████████████████ ▏  41 GB/ 42 GB  314 MB/s      1s[K[?25h[?2026l[?2026h[?25l[A[1Gpulling manifest [K
pulling 4824460d29f2:  99% ▕█████████████████ ▏  41 GB/ 42 GB  314 MB/s      1s[K[?25h[?2026l[?2026h[?25l[A[1Gpulling manifest [K
pulling 4824460d29f2:  99% ▕█████████████████ ▏  41 GB/ 42 GB  314 MB/s      1s[K[?25h[?2026l[?2026h[?25l[A[1Gpulling manifest [K
pulling 4824460d29f2:  99% ▕█████████████████ ▏  41 GB/ 42 GB  314 MB/s      1s[K[?25h[?2026l[?2026h[?25l[A[1Gpulling manifest [K
pulling 4824460d29f2:  99% ▕█████████████████ ▏  41 GB/ 42 GB  314 MB/s      1s[K[?25h[?2026l[?2026h[?25l[A[1Gpulling manifest [K
pulling 4824460d29f2:  99% ▕█████████████████ ▏  41 GB/ 42 GB  314 MB/s      1s[K[?25h[?2026l[?2026h[?25l[A[1Gpulling manifest [K
pulling 4824460d29f2:  99% ▕█████████████████ ▏  42 GB/ 42 GB  314 MB/s      1s[K[?25h[?2026l[?2026h[?25l[A[1Gpulling manifest [K
pulling 4824460d29f2:  99% ▕█████████████████ ▏  42 GB/ 42 GB  314 MB/s      1s[K[?25h[?2026l[?2026h[?25l[A[1Gpulling manifest [K
pulling 4824460d29f2:  99% ▕█████████████████ ▏  42 GB/ 42 GB  314 MB/s      1s[K[?25h[?2026l[?2026h[?25l[A[1Gpulling manifest [K
pulling 4824460d29f2:  99% ▕█████████████████ ▏  42 GB/ 42 GB  314 MB/s      1s[K[?25h[?2026l[?2026h[?25l[A[1Gpulling manifest [K
pulling 4824460d29f2:  99% ▕█████████████████ ▏  42 GB/ 42 GB  247 MB/s      1s[K[?25h[?2026l[?2026h[?25l[A[1Gpulling manifest [K
pulling 4824460d29f2:  99% ▕█████████████████ ▏  42 GB/ 42 GB  247 MB/s      1s[K[?25h[?2026l[?2026h[?25l[A[1Gpulling manifest [K
pulling 4824460d29f2:  99% ▕█████████████████ ▏  42 GB/ 42 GB  247 MB/s      1s[K[?25h[?2026l[?2026h[?25l[A[1Gpulling manifest [K
pulling 4824460d29f2:  99% ▕█████████████████ ▏  42 GB/ 42 GB  247 MB/s      1s[K[?25h[?2026l[?2026h[?25l[A[1Gpulling manifest [K
pulling 4824460d29f2:  99% ▕█████████████████ ▏  42 GB/ 42 GB  247 MB/s      1s[K[?25h[?2026l[?2026h[?25l[A[1Gpulling manifest [K
pulling 4824460d29f2:  99% ▕█████████████████ ▏  42 GB/ 42 GB  247 MB/s      1s[K[?25h[?2026l[?2026h[?25l[A[1Gpulling manifest [K
pulling 4824460d29f2:  99% ▕█████████████████ ▏  42 GB/ 42 GB  247 MB/s      1s[K[?25h[?2026l[?2026h[?25l[A[1Gpulling manifest [K
pulling 4824460d29f2:  99% ▕█████████████████ ▏  42 GB/ 42 GB  247 MB/s      1s[K[?25h[?2026l[?2026h[?25l[A[1Gpulling manifest [K
pulling 4824460d29f2:  99% ▕█████████████████ ▏  42 GB/ 42 GB  247 MB/s      1s[K[?25h[?2026l[?2026h[?25l[A[1Gpulling manifest [K
pulling 4824460d29f2:  99% ▕█████████████████ ▏  42 GB/ 42 GB  247 MB/s      1s[K[?25h[?2026l[?2026h[?25l[A[1Gpulling manifest [K
pulling 4824460d29f2:  99% ▕█████████████████ ▏  42 GB/ 42 GB  194 MB/s      1s[K[?25h[?2026l[?2026h[?25l[A[1Gpulling manifest [K
pulling 4824460d29f2:  99% ▕█████████████████ ▏  42 GB/ 42 GB  194 MB/s      1s[K[?25h[?2026l[?2026h[?25l[A[1Gpulling manifest [K
pulling 4824460d29f2:  99% ▕█████████████████ ▏  42 GB/ 42 GB  194 MB/s      1s[K[?25h[?2026l[?2026h[?25l[A[1Gpulling manifest [K
pulling 4824460d29f2:  99% ▕█████████████████ ▏  42 GB/ 42 GB  194 MB/s      1s[K[?25h[?2026l[?2026h[?25l[A[1Gpulling manifest [K
pulling 4824460d29f2:  99% ▕█████████████████ ▏  42 GB/ 42 GB  194 MB/s      1s[K[?25h[?2026l[?2026h[?25l[A[1Gpulling manifest [K
pulling 4824460d29f2:  99% ▕█████████████████ ▏  42 GB/ 42 GB  194 MB/s      1s[K[?25h[?2026l[?2026h[?25l[A[1Gpulling manifest [K
pulling 4824460d29f2:  99% ▕█████████████████ ▏  42 GB/ 42 GB  194 MB/s      1s[K[?25h[?2026l[?2026h[?25l[A[1Gpulling manifest [K
pulling 4824460d29f2:  99% ▕█████████████████ ▏  42 GB/ 42 GB  194 MB/s      1s[K[?25h[?2026l[?2026h[?25l[A[1Gpulling manifest [K
pulling 4824460d29f2:  99% ▕█████████████████ ▏  42 GB/ 42 GB  194 MB/s      1s[K[?25h[?2026l[?2026h[?25l[A[1Gpulling manifest [K
pulling 4824460d29f2:  99% ▕█████████████████ ▏  42 GB/ 42 GB  194 MB/s      1s[K[?25h[?2026l[?2026h[?25l[A[1Gpulling manifest [K
pulling 4824460d29f2:  99% ▕█████████████████ ▏  42 GB/ 42 GB  194 MB/s      1s[K[?25h[?2026l[?2026h[?25l[A[1Gpulling manifest [K
pulling 4824460d29f2:  99% ▕█████████████████ ▏  42 GB/ 42 GB  170 MB/s      1s[K[?25h[?2026l[?2026h[?25l[A[1Gpulling manifest [K
pulling 4824460d29f2: 100% ▕█████████████████ ▏  42 GB/ 42 GB  170 MB/s      1s[K[?25h[?2026l[?2026h[?25l[A[1Gpulling manifest [K
pulling 4824460d29f2: 100% ▕█████████████████ ▏  42 GB/ 42 GB  170 MB/s      1s[K[?25h[?2026l[?2026h[?25l[A[1Gpulling manifest [K
pulling 4824460d29f2: 100% ▕█████████████████ ▏  42 GB/ 42 GB  170 MB/s      1s[K[?25h[?2026l[?2026h[?25l[A[1Gpulling manifest [K
pulling 4824460d29f2: 100% ▕█████████████████ ▏  42 GB/ 42 GB  170 MB/s      1s[K[?25h[?2026l[?2026h[?25l[A[1Gpulling manifest [K
pulling 4824460d29f2: 100% ▕█████████████████ ▏  42 GB/ 42 GB  170 MB/s      1s[K[?25h[?2026l[?2026h[?25l[A[1Gpulling manifest [K
pulling 4824460d29f2: 100% ▕█████████████████ ▏  42 GB/ 42 GB  170 MB/s      0s[K[?25h[?2026l[?2026h[?25l[A[1Gpulling manifest [K
pulling 4824460d29f2: 100% ▕█████████████████ ▏  42 GB/ 42 GB  170 MB/s      0s[K[?25h[?2026l[?2026h[?25l[A[1Gpulling manifest [K
pulling 4824460d29f2: 100% ▕█████████████████ ▏  42 GB/ 42 GB  170 MB/s      0s[K[?25h[?2026l[?2026h[?25l[A[1Gpulling manifest [K
pulling 4824460d29f2: 100% ▕█████████████████ ▏  42 GB/ 42 GB  170 MB/s      0s[K[?25h[?2026l[?2026h[?25l[A[1Gpulling manifest [K
pulling 4824460d29f2: 100% ▕█████████████████ ▏  42 GB/ 42 GB  145 MB/s      0s[K[?25h[?2026l[?2026h[?25l[A[1Gpulling manifest [K
pulling 4824460d29f2: 100% ▕█████████████████ ▏  42 GB/ 42 GB  145 MB/s      0s[K[?25h[?2026l[?2026h[?25l[A[1Gpulling manifest [K
pulling 4824460d29f2: 100% ▕█████████████████ ▏  42 GB/ 42 GB  145 MB/s      0s[K[?25h[?2026l[?2026h[?25l[A[1Gpulling manifest [K
pulling 4824460d29f2: 100% ▕█████████████████ ▏  42 GB/ 42 GB  145 MB/s      0s[K[?25h[?2026l[?2026h[?25l[A[1Gpulling manifest [K
pulling 4824460d29f2: 100% ▕█████████████████ ▏  42 GB/ 42 GB  145 MB/s      0s[K[?25h[?2026l[?2026h[?25l[A[1Gpulling manifest [K
pulling 4824460d29f2: 100% ▕█████████████████ ▏  42 GB/ 42 GB  145 MB/s      0s[K[?25h[?2026l[?2026h[?25l[A[1Gpulling manifest [K
pulling 4824460d29f2: 100% ▕█████████████████ ▏  42 GB/ 42 GB  145 MB/s      0s[K[?25h[?2026l[?2026h[?25l[A[1Gpulling manifest [K
pulling 4824460d29f2: 100% ▕█████████████████ ▏  42 GB/ 42 GB  145 MB/s      0s[K[?25h[?2026l[?2026h[?25l[A[1Gpulling manifest [K
pulling 4824460d29f2: 100% ▕█████████████████ ▏  42 GB/ 42 GB  145 MB/s      0s[K[?25h[?2026l[?2026h[?25l[A[1Gpulling manifest [K
pulling 4824460d29f2: 100% ▕█████████████████ ▏  42 GB/ 42 GB  145 MB/s      0s[K[?25h[?2026l[?2026h[?25l[A[1Gpulling manifest [K
pulling 4824460d29f2: 100% ▕█████████████████ ▏  42 GB/ 42 GB  137 MB/s      0s[K[?25h[?2026l[?2026h[?25l[A[1Gpulling manifest [K
pulling 4824460d29f2: 100% ▕█████████████████ ▏  42 GB/ 42 GB  137 MB/s      0s[K[?25h[?2026l[?2026h[?25l[A[1Gpulling manifest [K
pulling 4824460d29f2: 100% ▕█████████████████ ▏  42 GB/ 42 GB  137 MB/s      0s[K[?25h[?2026l[?2026h[?25l[A[1Gpulling manifest [K
pulling 4824460d29f2: 100% ▕█████████████████ ▏  42 GB/ 42 GB  137 MB/s      0s[K[?25h[?2026l[?2026h[?25l[A[1Gpulling manifest [K
pulling 4824460d29f2: 100% ▕█████████████████ ▏  42 GB/ 42 GB  137 MB/s      0s[K[?25h[?2026l[?2026h[?25l[A[1Gpulling manifest [K
pulling 4824460d29f2: 100% ▕█████████████████ ▏  42 GB/ 42 GB  137 MB/s      0s[K[?25h[?2026l[?2026h[?25l[A[1Gpulling manifest [K
pulling 4824460d29f2: 100% ▕█████████████████ ▏  42 GB/ 42 GB  137 MB/s      0s[K[?25h[?2026l[?2026h[?25l[A[1Gpulling manifest [K
pulling 4824460d29f2: 100% ▕█████████████████ ▏  42 GB/ 42 GB  137 MB/s      0s[K[?25h[?2026l[?2026h[?25l[A[1Gpulling manifest [K
pulling 4824460d29f2: 100% ▕█████████████████ ▏  42 GB/ 42 GB  137 MB/s      0s[K[?25h[?2026l[?2026h[?25l[A[1Gpulling manifest [K
pulling 4824460d29f2: 100% ▕█████████████████ ▏  42 GB/ 42 GB  137 MB/s      0s[K[?25h[?2026l[?2026h[?25l[A[1Gpulling manifest [K
pulling 4824460d29f2: 100% ▕█████████████████ ▏  42 GB/ 42 GB  137 MB/s      0s[K[?25h[?2026l[?2026h[?25l[A[1Gpulling manifest [K
pulling 4824460d29f2: 100% ▕█████████████████ ▏  42 GB/ 42 GB  137 MB/s      0s[K[?25h[?2026l[?2026h[?25l[A[1Gpulling manifest [K
pulling 4824460d29f2: 100% ▕█████████████████ ▏  42 GB/ 42 GB  137 MB/s      0s[K[?25h[?2026l[?2026h[?25l[A[1Gpulling manifest [K
pulling 4824460d29f2: 100% ▕█████████████████ ▏  42 GB/ 42 GB  137 MB/s      0s[K[?25h[?2026l[?2026h[?25l[A[1Gpulling manifest [K
pulling 4824460d29f2: 100% ▕█████████████████ ▏  42 GB/ 42 GB  137 MB/s      0s[K[?25h[?2026l[?2026h[?25l[A[1Gpulling manifest [K
pulling 4824460d29f2: 100% ▕█████████████████ ▏  42 GB/ 42 GB  137 MB/s      0s[K[?25h[?2026l[?2026h[?25l[A[1Gpulling manifest [K
pulling 4824460d29f2: 100% ▕█████████████████ ▏  42 GB/ 42 GB  137 MB/s      0s[K[?25h[?2026l[?2026h[?25l[A[1Gpulling manifest [K
pulling 4824460d29f2: 100% ▕█████████████████ ▏  42 GB/ 42 GB  137 MB/s      0s[K
verifying sha256 digest ⠋ [K[?25h[?2026l[?2026h[?25l[A[A[1Gpulling manifest [K
pulling 4824460d29f2: 100% ▕█████████████████ ▏  42 GB/ 42 GB  137 MB/s      0s[K
verifying sha256 digest ⠙ [K[?25h[?2026l[?2026h[?25l[A[A[1Gpulling manifest [K
pulling 4824460d29f2: 100% ▕█████████████████ ▏  42 GB/ 42 GB  137 MB/s      0s[K
verifying sha256 digest ⠹ [K[?25h[?2026l[?2026h[?25l[A[A[1Gpulling manifest [K
pulling 4824460d29f2: 100% ▕█████████████████ ▏  42 GB/ 42 GB  137 MB/s      0s[K
verifying sha256 digest ⠸ [K[?25h[?2026l[?2026h[?25l[A[A[1Gpulling manifest [K
pulling 4824460d29f2: 100% ▕█████████████████ ▏  42 GB/ 42 GB  137 MB/s      0s[K
verifying sha256 digest ⠼ [K[?25h[?2026l[?2026h[?25l[A[A[1Gpulling manifest [K
pulling 4824460d29f2: 100% ▕█████████████████ ▏  42 GB/ 42 GB  137 MB/s      0s[K
verifying sha256 digest ⠴ [K[?25h[?2026l[?2026h[?25l[A[A[1Gpulling manifest [K
pulling 4824460d29f2: 100% ▕█████████████████ ▏  42 GB/ 42 GB  137 MB/s      0s[K
verifying sha256 digest ⠦ [K[?25h[?2026l[?2026h[?25l[A[A[1Gpulling manifest [K
pulling 4824460d29f2: 100% ▕█████████████████ ▏  42 GB/ 42 GB  137 MB/s      0s[K
verifying sha256 digest ⠧ [K[?25h[?2026l[?2026h[?25l[A[A[1Gpulling manifest [K
pulling 4824460d29f2: 100% ▕█████████████████ ▏  42 GB/ 42 GB  137 MB/s      0s[K
verifying sha256 digest ⠇ [K[?25h[?2026l[?2026h[?25l[A[A[1Gpulling manifest [K
pulling 4824460d29f2: 100% ▕█████████████████ ▏  42 GB/ 42 GB  137 MB/s      0s[K
verifying sha256 digest ⠏ [K[?25h[?2026l[?2026h[?25l[A[A[1Gpulling manifest [K
pulling 4824460d29f2: 100% ▕█████████████████ ▏  42 GB/ 42 GB  137 MB/s      0s[K
verifying sha256 digest ⠋ [K[?25h[?2026l[?2026h[?25l[A[A[1Gpulling manifest [K
pulling 4824460d29f2: 100% ▕█████████████████ ▏  42 GB/ 42 GB  137 MB/s      0s[K
verifying sha256 digest ⠙ [K[?25h[?2026l[?2026h[?25l[A[A[1Gpulling manifest [K
pulling 4824460d29f2: 100% ▕█████████████████ ▏  42 GB/ 42 GB  137 MB/s      0s[K
verifying sha256 digest ⠹ [K[?25h[?2026l[?2026h[?25l[A[A[1Gpulling manifest [K
pulling 4824460d29f2: 100% ▕█████████████████ ▏  42 GB/ 42 GB  137 MB/s      0s[K
verifying sha256 digest ⠸ [K[?25h[?2026l[?2026h[?25l[A[A[1Gpulling manifest [K
pulling 4824460d29f2: 100% ▕█████████████████ ▏  42 GB/ 42 GB  137 MB/s      0s[K
verifying sha256 digest ⠼ [K[?25h[?2026l[?2026h[?25l[A[A[1Gpulling manifest [K
pulling 4824460d29f2: 100% ▕█████████████████ ▏  42 GB/ 42 GB  137 MB/s      0s[K
verifying sha256 digest ⠴ [K[?25h[?2026l[?2026h[?25l[A[A[1Gpulling manifest [K
pulling 4824460d29f2: 100% ▕█████████████████ ▏  42 GB/ 42 GB  137 MB/s      0s[K
verifying sha256 digest ⠦ [K[?25h[?2026l[?2026h[?25l[A[A[1Gpulling manifest [K
pulling 4824460d29f2: 100% ▕█████████████████ ▏  42 GB/ 42 GB  137 MB/s      0s[K
verifying sha256 digest ⠧ [K[?25h[?2026l[?2026h[?25l[A[A[1Gpulling manifest [K
pulling 4824460d29f2: 100% ▕█████████████████ ▏  42 GB/ 42 GB  137 MB/s      0s[K
verifying sha256 digest ⠇ [K[?25h[?2026l[?2026h[?25l[A[A[1Gpulling manifest [K
pulling 4824460d29f2: 100% ▕█████████████████ ▏  42 GB/ 42 GB  137 MB/s      0s[K
verifying sha256 digest ⠏ [K[?25h[?2026l[?2026h[?25l[A[A[1Gpulling manifest [K
pulling 4824460d29f2: 100% ▕█████████████████ ▏  42 GB/ 42 GB  137 MB/s      0s[K
verifying sha256 digest ⠋ [K[?25h[?2026l[?2026h[?25l[A[A[1Gpulling manifest [K
pulling 4824460d29f2: 100% ▕█████████████████ ▏  42 GB/ 42 GB  137 MB/s      0s[K
verifying sha256 digest ⠙ [K[?25h[?2026l[?2026h[?25l[A[A[1Gpulling manifest [K
pulling 4824460d29f2: 100% ▕█████████████████ ▏  42 GB/ 42 GB  137 MB/s      0s[K
verifying sha256 digest ⠹ [K[?25h[?2026l[?2026h[?25l[A[A[1Gpulling manifest [K
pulling 4824460d29f2: 100% ▕█████████████████ ▏  42 GB/ 42 GB  137 MB/s      0s[K
verifying sha256 digest ⠸ [K[?25h[?2026l[?2026h[?25l[A[A[1Gpulling manifest [K
pulling 4824460d29f2: 100% ▕█████████████████ ▏  42 GB/ 42 GB  137 MB/s      0s[K
verifying sha256 digest ⠼ [K[?25h[?2026l[?2026h[?25l[A[A[1Gpulling manifest [K
pulling 4824460d29f2: 100% ▕█████████████████ ▏  42 GB/ 42 GB  137 MB/s      0s[K
verifying sha256 digest ⠴ [K[?25h[?2026l[?2026h[?25l[A[A[1Gpulling manifest [K
pulling 4824460d29f2: 100% ▕█████████████████ ▏  42 GB/ 42 GB  137 MB/s      0s[K
verifying sha256 digest ⠦ [K[?25h[?2026l[?2026h[?25l[A[A[1Gpulling manifest [K
pulling 4824460d29f2: 100% ▕█████████████████ ▏  42 GB/ 42 GB  137 MB/s      0s[K
verifying sha256 digest ⠧ [K[?25h[?2026l[?2026h[?25l[A[A[1Gpulling manifest [K
pulling 4824460d29f2: 100% ▕█████████████████ ▏  42 GB/ 42 GB  137 MB/s      0s[K
verifying sha256 digest ⠇ [K[?25h[?2026l[?2026h[?25l[A[A[1Gpulling manifest [K
pulling 4824460d29f2: 100% ▕█████████████████ ▏  42 GB/ 42 GB  137 MB/s      0s[K
verifying sha256 digest ⠏ [K[?25h[?2026l[?2026h[?25l[A[A[1Gpulling manifest [K
pulling 4824460d29f2: 100% ▕█████████████████ ▏  42 GB/ 42 GB  137 MB/s      0s[K
verifying sha256 digest ⠋ [K[?25h[?2026l[?2026h[?25l[A[A[1Gpulling manifest [K
pulling 4824460d29f2: 100% ▕█████████████████ ▏  42 GB/ 42 GB  137 MB/s      0s[K
verifying sha256 digest ⠙ [K[?25h[?2026l[?2026h[?25l[A[A[1Gpulling manifest [K
pulling 4824460d29f2: 100% ▕█████████████████ ▏  42 GB/ 42 GB  137 MB/s      0s[K
verifying sha256 digest ⠹ [K[?25h[?2026l[?2026h[?25l[A[A[1Gpulling manifest [K
pulling 4824460d29f2: 100% ▕█████████████████ ▏  42 GB/ 42 GB  137 MB/s      0s[K
verifying sha256 digest ⠸ [K[?25h[?2026l[?2026h[?25l[A[A[1Gpulling manifest [K
pulling 4824460d29f2: 100% ▕█████████████████ ▏  42 GB/ 42 GB  137 MB/s      0s[K
verifying sha256 digest ⠼ [K[?25h[?2026l[?2026h[?25l[A[A[1Gpulling manifest [K
pulling 4824460d29f2: 100% ▕█████████████████ ▏  42 GB/ 42 GB  137 MB/s      0s[K
verifying sha256 digest ⠴ [K[?25h[?2026l[?2026h[?25l[A[A[1Gpulling manifest [K
pulling 4824460d29f2: 100% ▕█████████████████ ▏  42 GB/ 42 GB  137 MB/s      0s[K
verifying sha256 digest ⠦ [K[?25h[?2026l[?2026h[?25l[A[A[1Gpulling manifest [K
pulling 4824460d29f2: 100% ▕█████████████████ ▏  42 GB/ 42 GB  137 MB/s      0s[K
verifying sha256 digest ⠧ [K[?25h[?2026l[?2026h[?25l[A[A[1Gpulling manifest [K
pulling 4824460d29f2: 100% ▕█████████████████ ▏  42 GB/ 42 GB  137 MB/s      0s[K
verifying sha256 digest ⠇ [K[?25h[?2026l[?2026h[?25l[A[A[1Gpulling manifest [K
pulling 4824460d29f2: 100% ▕█████████████████ ▏  42 GB/ 42 GB  137 MB/s      0s[K
verifying sha256 digest ⠏ [K[?25h[?2026l[?2026h[?25l[A[A[1Gpulling manifest [K
pulling 4824460d29f2: 100% ▕█████████████████ ▏  42 GB/ 42 GB  137 MB/s      0s[K
verifying sha256 digest ⠋ [K[?25h[?2026l[?2026h[?25l[A[A[1Gpulling manifest [K
pulling 4824460d29f2: 100% ▕█████████████████ ▏  42 GB/ 42 GB  137 MB/s      0s[K
verifying sha256 digest ⠙ [K[?25h[?2026l[?2026h[?25l[A[A[1Gpulling manifest [K
pulling 4824460d29f2: 100% ▕█████████████████ ▏  42 GB/ 42 GB  137 MB/s      0s[K
verifying sha256 digest ⠹ [K[?25h[?2026l[?2026h[?25l[A[A[1Gpulling manifest [K
pulling 4824460d29f2: 100% ▕█████████████████ ▏  42 GB/ 42 GB  137 MB/s      0s[K
verifying sha256 digest ⠸ [K[?25h[?2026l[?2026h[?25l[A[A[1Gpulling manifest [K
pulling 4824460d29f2: 100% ▕█████████████████ ▏  42 GB/ 42 GB  137 MB/s      0s[K
verifying sha256 digest ⠼ [K[?25h[?2026l[?2026h[?25l[A[A[1Gpulling manifest [K
pulling 4824460d29f2: 100% ▕█████████████████ ▏  42 GB/ 42 GB  137 MB/s      0s[K
verifying sha256 digest ⠴ [K[?25h[?2026l[?2026h[?25l[A[A[1Gpulling manifest [K
pulling 4824460d29f2: 100% ▕█████████████████ ▏  42 GB/ 42 GB  137 MB/s      0s[K
verifying sha256 digest ⠦ [K[?25h[?2026l[?2026h[?25l[A[A[1Gpulling manifest [K
pulling 4824460d29f2: 100% ▕█████████████████ ▏  42 GB/ 42 GB  137 MB/s      0s[K
verifying sha256 digest ⠧ [K[?25h[?2026l[?2026h[?25l[A[A[1Gpulling manifest [K
pulling 4824460d29f2: 100% ▕█████████████████ ▏  42 GB/ 42 GB  137 MB/s      0s[K
verifying sha256 digest ⠇ [K[?25h[?2026l[?2026h[?25l[A[A[1Gpulling manifest [K
pulling 4824460d29f2: 100% ▕█████████████████ ▏  42 GB/ 42 GB  137 MB/s      0s[K
verifying sha256 digest ⠏ [K[?25h[?2026l[?2026h[?25l[A[A[1Gpulling manifest [K
pulling 4824460d29f2: 100% ▕█████████████████ ▏  42 GB/ 42 GB  137 MB/s      0s[K
verifying sha256 digest ⠋ [K[?25h[?2026l[?2026h[?25l[A[A[1Gpulling manifest [K
pulling 4824460d29f2: 100% ▕█████████████████ ▏  42 GB/ 42 GB  137 MB/s      0s[K
verifying sha256 digest ⠙ [K[?25h[?2026l[?2026h[?25l[A[A[1Gpulling manifest [K
pulling 4824460d29f2: 100% ▕█████████████████ ▏  42 GB/ 42 GB  137 MB/s      0s[K
verifying sha256 digest ⠹ [K[?25h[?2026l[?2026h[?25l[A[A[1Gpulling manifest [K
pulling 4824460d29f2: 100% ▕█████████████████ ▏  42 GB/ 42 GB  137 MB/s      0s[K
verifying sha256 digest ⠸ [K[?25h[?2026l[?2026h[?25l[A[A[1Gpulling manifest [K
pulling 4824460d29f2: 100% ▕█████████████████ ▏  42 GB/ 42 GB  137 MB/s      0s[K
verifying sha256 digest ⠼ [K[?25h[?2026l[?2026h[?25l[A[A[1Gpulling manifest [K
pulling 4824460d29f2: 100% ▕█████████████████ ▏  42 GB/ 42 GB  137 MB/s      0s[K
verifying sha256 digest ⠴ [K[?25h[?2026l[?2026h[?25l[A[A[1Gpulling manifest [K
pulling 4824460d29f2: 100% ▕█████████████████ ▏  42 GB/ 42 GB  137 MB/s      0s[K
verifying sha256 digest ⠦ [K[?25h[?2026l[?2026h[?25l[A[A[1Gpulling manifest [K
pulling 4824460d29f2: 100% ▕█████████████████ ▏  42 GB/ 42 GB  137 MB/s      0s[K
verifying sha256 digest ⠧ [K[?25h[?2026l[?2026h[?25l[A[A[1Gpulling manifest [K
pulling 4824460d29f2: 100% ▕█████████████████ ▏  42 GB/ 42 GB  137 MB/s      0s[K
verifying sha256 digest ⠇ [K[?25h[?2026l[?2026h[?25l[A[A[1Gpulling manifest [K
pulling 4824460d29f2: 100% ▕█████████████████ ▏  42 GB/ 42 GB  137 MB/s      0s[K
verifying sha256 digest ⠏ [K[?25h[?2026l[?2026h[?25l[A[A[1Gpulling manifest [K
pulling 4824460d29f2: 100% ▕█████████████████ ▏  42 GB/ 42 GB  137 MB/s      0s[K
verifying sha256 digest ⠋ [K[?25h[?2026l[?2026h[?25l[A[A[1Gpulling manifest [K
pulling 4824460d29f2: 100% ▕█████████████████ ▏  42 GB/ 42 GB  137 MB/s      0s[K
verifying sha256 digest ⠙ [K[?25h[?2026l[?2026h[?25l[A[A[1Gpulling manifest [K
pulling 4824460d29f2: 100% ▕█████████████████ ▏  42 GB/ 42 GB  137 MB/s      0s[K
verifying sha256 digest ⠹ [K[?25h[?2026l[?2026h[?25l[A[A[1Gpulling manifest [K
pulling 4824460d29f2: 100% ▕█████████████████ ▏  42 GB/ 42 GB  137 MB/s      0s[K
verifying sha256 digest ⠸ [K[?25h[?2026l[?2026h[?25l[A[A[1Gpulling manifest [K
pulling 4824460d29f2: 100% ▕█████████████████ ▏  42 GB/ 42 GB  137 MB/s      0s[K
verifying sha256 digest ⠼ [K[?25h[?2026l[?2026h[?25l[A[A[1Gpulling manifest [K
pulling 4824460d29f2: 100% ▕█████████████████ ▏  42 GB/ 42 GB  137 MB/s      0s[K
verifying sha256 digest ⠴ [K[?25h[?2026l[?2026h[?25l[A[A[1Gpulling manifest [K
pulling 4824460d29f2: 100% ▕█████████████████ ▏  42 GB/ 42 GB  137 MB/s      0s[K
verifying sha256 digest ⠦ [K[?25h[?2026l[?2026h[?25l[A[A[1Gpulling manifest [K
pulling 4824460d29f2: 100% ▕█████████████████ ▏  42 GB/ 42 GB  137 MB/s      0s[K
verifying sha256 digest ⠧ [K[?25h[?2026l[?2026h[?25l[A[A[1Gpulling manifest [K
pulling 4824460d29f2: 100% ▕█████████████████ ▏  42 GB/ 42 GB  137 MB/s      0s[K
verifying sha256 digest ⠇ [K[?25h[?2026l[?2026h[?25l[A[A[1Gpulling manifest [K
pulling 4824460d29f2: 100% ▕█████████████████ ▏  42 GB/ 42 GB  137 MB/s      0s[K
verifying sha256 digest ⠏ [K[?25h[?2026l[?2026h[?25l[A[A[1Gpulling manifest [K
pulling 4824460d29f2: 100% ▕█████████████████ ▏  42 GB/ 42 GB  137 MB/s      0s[K
verifying sha256 digest ⠋ [K[?25h[?2026l[?2026h[?25l[A[A[1Gpulling manifest [K
pulling 4824460d29f2: 100% ▕█████████████████ ▏  42 GB/ 42 GB  137 MB/s      0s[K
verifying sha256 digest ⠙ [K[?25h[?2026l[?2026h[?25l[A[A[1Gpulling manifest [K
pulling 4824460d29f2: 100% ▕█████████████████ ▏  42 GB/ 42 GB  137 MB/s      0s[K
verifying sha256 digest ⠹ [K[?25h[?2026l[?2026h[?25l[A[A[1Gpulling manifest [K
pulling 4824460d29f2: 100% ▕█████████████████ ▏  42 GB/ 42 GB  137 MB/s      0s[K
verifying sha256 digest ⠸ [K[?25h[?2026l[?2026h[?25l[A[A[1Gpulling manifest [K
pulling 4824460d29f2: 100% ▕█████████████████ ▏  42 GB/ 42 GB  137 MB/s      0s[K
verifying sha256 digest ⠼ [K[?25h[?2026l[?2026h[?25l[A[A[1Gpulling manifest [K
pulling 4824460d29f2: 100% ▕█████████████████ ▏  42 GB/ 42 GB  137 MB/s      0s[K
verifying sha256 digest ⠴ [K[?25h[?2026l[?2026h[?25l[A[A[1Gpulling manifest [K
pulling 4824460d29f2: 100% ▕█████████████████ ▏  42 GB/ 42 GB  137 MB/s      0s[K
verifying sha256 digest ⠦ [K[?25h[?2026l[?2026h[?25l[A[A[1Gpulling manifest [K
pulling 4824460d29f2: 100% ▕█████████████████ ▏  42 GB/ 42 GB  137 MB/s      0s[K
verifying sha256 digest ⠧ [K[?25h[?2026l[?2026h[?25l[A[A[1Gpulling manifest [K
pulling 4824460d29f2: 100% ▕█████████████████ ▏  42 GB/ 42 GB  137 MB/s      0s[K
verifying sha256 digest ⠇ [K[?25h[?2026l[?2026h[?25l[A[A[1Gpulling manifest [K
pulling 4824460d29f2: 100% ▕█████████████████ ▏  42 GB/ 42 GB  137 MB/s      0s[K
verifying sha256 digest ⠏ [K[?25h[?2026l[?2026h[?25l[A[A[1Gpulling manifest [K
pulling 4824460d29f2: 100% ▕█████████████████ ▏  42 GB/ 42 GB  137 MB/s      0s[K
verifying sha256 digest ⠋ [K[?25h[?2026l[?2026h[?25l[A[A[1Gpulling manifest [K
pulling 4824460d29f2: 100% ▕█████████████████ ▏  42 GB/ 42 GB  137 MB/s      0s[K
verifying sha256 digest ⠙ [K[?25h[?2026l[?2026h[?25l[A[A[1Gpulling manifest [K
pulling 4824460d29f2: 100% ▕█████████████████ ▏  42 GB/ 42 GB  137 MB/s      0s[K
verifying sha256 digest ⠹ [K[?25h[?2026l[?2026h[?25l[A[A[1Gpulling manifest [K
pulling 4824460d29f2: 100% ▕█████████████████ ▏  42 GB/ 42 GB  137 MB/s      0s[K
verifying sha256 digest ⠸ [K[?25h[?2026l[?2026h[?25l[A[A[1Gpulling manifest [K
pulling 4824460d29f2: 100% ▕█████████████████ ▏  42 GB/ 42 GB  137 MB/s      0s[K
verifying sha256 digest ⠼ [K[?25h[?2026l[?2026h[?25l[A[A[1Gpulling manifest [K
pulling 4824460d29f2: 100% ▕█████████████████ ▏  42 GB/ 42 GB  137 MB/s      0s[K
verifying sha256 digest ⠴ [K[?25h[?2026l[?2026h[?25l[A[A[1Gpulling manifest [K
pulling 4824460d29f2: 100% ▕█████████████████ ▏  42 GB/ 42 GB  137 MB/s      0s[K
verifying sha256 digest ⠦ [K[?25h[?2026l[?2026h[?25l[A[A[1Gpulling manifest [K
pulling 4824460d29f2: 100% ▕█████████████████ ▏  42 GB/ 42 GB  137 MB/s      0s[K
verifying sha256 digest ⠧ [K[?25h[?2026l[?2026h[?25l[A[A[1Gpulling manifest [K
pulling 4824460d29f2: 100% ▕█████████████████ ▏  42 GB/ 42 GB  137 MB/s      0s[K
verifying sha256 digest ⠇ [K[?25h[?2026l[?2026h[?25l[A[A[1Gpulling manifest [K
pulling 4824460d29f2: 100% ▕█████████████████ ▏  42 GB/ 42 GB  137 MB/s      0s[K
verifying sha256 digest ⠏ [K[?25h[?2026l[?2026h[?25l[A[A[1Gpulling manifest [K
pulling 4824460d29f2: 100% ▕█████████████████ ▏  42 GB/ 42 GB  137 MB/s      0s[K
verifying sha256 digest ⠋ [K[?25h[?2026l[?2026h[?25l[A[A[1Gpulling manifest [K
pulling 4824460d29f2: 100% ▕█████████████████ ▏  42 GB/ 42 GB  137 MB/s      0s[K
verifying sha256 digest ⠙ [K[?25h[?2026l[?2026h[?25l[A[A[1Gpulling manifest [K
pulling 4824460d29f2: 100% ▕█████████████████ ▏  42 GB/ 42 GB  137 MB/s      0s[K
verifying sha256 digest ⠹ [K[?25h[?2026l[?2026h[?25l[A[A[1Gpulling manifest [K
pulling 4824460d29f2: 100% ▕█████████████████ ▏  42 GB/ 42 GB  137 MB/s      0s[K
verifying sha256 digest ⠸ [K[?25h[?2026l[?2026h[?25l[A[A[1Gpulling manifest [K
pulling 4824460d29f2: 100% ▕█████████████████ ▏  42 GB/ 42 GB  137 MB/s      0s[K
verifying sha256 digest ⠼ [K[?25h[?2026l[?2026h[?25l[A[A[1Gpulling manifest [K
pulling 4824460d29f2: 100% ▕█████████████████ ▏  42 GB/ 42 GB  137 MB/s      0s[K
verifying sha256 digest ⠴ [K[?25h[?2026l[?2026h[?25l[A[A[1Gpulling manifest [K
pulling 4824460d29f2: 100% ▕█████████████████ ▏  42 GB/ 42 GB  137 MB/s      0s[K
verifying sha256 digest ⠦ [K[?25h[?2026l[?2026h[?25l[A[A[1Gpulling manifest [K
pulling 4824460d29f2: 100% ▕█████████████████ ▏  42 GB/ 42 GB  137 MB/s      0s[K
verifying sha256 digest ⠧ [K[?25h[?2026l[?2026h[?25l[A[A[1Gpulling manifest [K
pulling 4824460d29f2: 100% ▕█████████████████ ▏  42 GB/ 42 GB  137 MB/s      0s[K
verifying sha256 digest ⠇ [K[?25h[?2026l[?2026h[?25l[A[A[1Gpulling manifest [K
pulling 4824460d29f2: 100% ▕█████████████████ ▏  42 GB/ 42 GB  137 MB/s      0s[K
verifying sha256 digest ⠏ [K[?25h[?2026l[?2026h[?25l[A[A[1Gpulling manifest [K
pulling 4824460d29f2: 100% ▕█████████████████ ▏  42 GB/ 42 GB  137 MB/s      0s[K
verifying sha256 digest ⠋ [K[?25h[?2026l[?2026h[?25l[A[A[1Gpulling manifest [K
pulling 4824460d29f2: 100% ▕█████████████████ ▏  42 GB/ 42 GB  137 MB/s      0s[K
verifying sha256 digest ⠙ [K[?25h[?2026l[?2026h[?25l[A[A[1Gpulling manifest [K
pulling 4824460d29f2: 100% ▕█████████████████ ▏  42 GB/ 42 GB  137 MB/s      0s[K
verifying sha256 digest ⠹ [K[?25h[?2026l[?2026h[?25l[A[A[1Gpulling manifest [K
pulling 4824460d29f2: 100% ▕█████████████████ ▏  42 GB/ 42 GB  137 MB/s      0s[K
verifying sha256 digest ⠸ [K[?25h[?2026l[?2026h[?25l[A[A[1Gpulling manifest [K
pulling 4824460d29f2: 100% ▕█████████████████ ▏  42 GB/ 42 GB  137 MB/s      0s[K
verifying sha256 digest ⠼ [K[?25h[?2026l[?2026h[?25l[A[A[1Gpulling manifest [K
pulling 4824460d29f2: 100% ▕█████████████████ ▏  42 GB/ 42 GB  137 MB/s      0s[K
verifying sha256 digest ⠴ [K[?25h[?2026l[?2026h[?25l[A[A[1Gpulling manifest [K
pulling 4824460d29f2: 100% ▕█████████████████ ▏  42 GB/ 42 GB  137 MB/s      0s[K
verifying sha256 digest ⠦ [K[?25h[?2026l[?2026h[?25l[A[A[1Gpulling manifest [K
pulling 4824460d29f2: 100% ▕█████████████████ ▏  42 GB/ 42 GB  137 MB/s      0s[K
verifying sha256 digest ⠧ [K[?25h[?2026l[?2026h[?25l[A[A[1Gpulling manifest [K
pulling 4824460d29f2: 100% ▕█████████████████ ▏  42 GB/ 42 GB  137 MB/s      0s[K
verifying sha256 digest ⠇ [K[?25h[?2026l[?2026h[?25l[A[A[1Gpulling manifest [K
pulling 4824460d29f2: 100% ▕█████████████████ ▏  42 GB/ 42 GB  137 MB/s      0s[K
verifying sha256 digest ⠏ [K[?25h[?2026l[?2026h[?25l[A[A[1Gpulling manifest [K
pulling 4824460d29f2: 100% ▕█████████████████ ▏  42 GB/ 42 GB  137 MB/s      0s[K
verifying sha256 digest ⠋ [K[?25h[?2026l[?2026h[?25l[A[A[1Gpulling manifest [K
pulling 4824460d29f2: 100% ▕█████████████████ ▏  42 GB/ 42 GB  137 MB/s      0s[K
verifying sha256 digest ⠙ [K[?25h[?2026l[?2026h[?25l[A[A[1Gpulling manifest [K
pulling 4824460d29f2: 100% ▕█████████████████ ▏  42 GB/ 42 GB  137 MB/s      0s[K
verifying sha256 digest ⠹ [K[?25h[?2026l[?2026h[?25l[A[A[1Gpulling manifest [K
pulling 4824460d29f2: 100% ▕█████████████████ ▏  42 GB/ 42 GB  137 MB/s      0s[K
verifying sha256 digest ⠸ [K[?25h[?2026l[?2026h[?25l[A[A[1Gpulling manifest [K
pulling 4824460d29f2: 100% ▕█████████████████ ▏  42 GB/ 42 GB  137 MB/s      0s[K
verifying sha256 digest ⠼ [K[?25h[?2026l[?2026h[?25l[A[A[1Gpulling manifest [K
pulling 4824460d29f2: 100% ▕█████████████████ ▏  42 GB/ 42 GB  137 MB/s      0s[K
verifying sha256 digest ⠴ [K[?25h[?2026l[?2026h[?25l[A[A[1Gpulling manifest [K
pulling 4824460d29f2: 100% ▕█████████████████ ▏  42 GB/ 42 GB  137 MB/s      0s[K
verifying sha256 digest ⠦ [K[?25h[?2026l[?2026h[?25l[A[A[1Gpulling manifest [K
pulling 4824460d29f2: 100% ▕█████████████████ ▏  42 GB/ 42 GB  137 MB/s      0s[K
verifying sha256 digest ⠧ [K[?25h[?2026l[?2026h[?25l[A[A[1Gpulling manifest [K
pulling 4824460d29f2: 100% ▕█████████████████ ▏  42 GB/ 42 GB  137 MB/s      0s[K
verifying sha256 digest ⠇ [K[?25h[?2026l[?2026h[?25l[A[A[1Gpulling manifest [K
pulling 4824460d29f2: 100% ▕█████████████████ ▏  42 GB/ 42 GB  137 MB/s      0s[K
verifying sha256 digest ⠏ [K[?25h[?2026l[?2026h[?25l[A[A[1Gpulling manifest [K
pulling 4824460d29f2: 100% ▕█████████████████ ▏  42 GB/ 42 GB  137 MB/s      0s[K
verifying sha256 digest ⠋ [K[?25h[?2026l[?2026h[?25l[A[A[1Gpulling manifest [K
pulling 4824460d29f2: 100% ▕█████████████████ ▏  42 GB/ 42 GB  137 MB/s      0s[K
verifying sha256 digest ⠙ [K[?25h[?2026l[?2026h[?25l[A[A[1Gpulling manifest [K
pulling 4824460d29f2: 100% ▕█████████████████ ▏  42 GB/ 42 GB  137 MB/s      0s[K
verifying sha256 digest ⠹ [K[?25h[?2026l[?2026h[?25l[A[A[1Gpulling manifest [K
pulling 4824460d29f2: 100% ▕█████████████████ ▏  42 GB/ 42 GB  137 MB/s      0s[K
verifying sha256 digest ⠸ [K[?25h[?2026l[?2026h[?25l[A[A[1Gpulling manifest [K
pulling 4824460d29f2: 100% ▕█████████████████ ▏  42 GB/ 42 GB  137 MB/s      0s[K
verifying sha256 digest ⠼ [K[?25h[?2026l[?2026h[?25l[A[A[1Gpulling manifest [K
pulling 4824460d29f2: 100% ▕█████████████████ ▏  42 GB/ 42 GB  137 MB/s      0s[K
verifying sha256 digest ⠴ [K[?25h[?2026l[?2026h[?25l[A[A[1Gpulling manifest [K
pulling 4824460d29f2: 100% ▕█████████████████ ▏  42 GB/ 42 GB  137 MB/s      0s[K
verifying sha256 digest ⠦ [K[?25h[?2026l[?2026h[?25l[A[A[1Gpulling manifest [K
pulling 4824460d29f2: 100% ▕█████████████████ ▏  42 GB/ 42 GB  137 MB/s      0s[K
verifying sha256 digest ⠧ [K[?25h[?2026l[?2026h[?25l[A[A[1Gpulling manifest [K
pulling 4824460d29f2: 100% ▕█████████████████ ▏  42 GB/ 42 GB  137 MB/s      0s[K
verifying sha256 digest ⠇ [K[?25h[?2026l[?2026h[?25l[A[A[1Gpulling manifest [K
pulling 4824460d29f2: 100% ▕█████████████████ ▏  42 GB/ 42 GB  137 MB/s      0s[K
verifying sha256 digest ⠏ [K[?25h[?2026l[?2026h[?25l[A[A[1Gpulling manifest [K
pulling 4824460d29f2: 100% ▕█████████████████ ▏  42 GB/ 42 GB  137 MB/s      0s[K
verifying sha256 digest ⠋ [K[?25h[?2026l[?2026h[?25l[A[A[1Gpulling manifest [K
pulling 4824460d29f2: 100% ▕█████████████████ ▏  42 GB/ 42 GB  137 MB/s      0s[K
verifying sha256 digest ⠙ [K[?25h[?2026l[?2026h[?25l[A[A[1Gpulling manifest [K
pulling 4824460d29f2: 100% ▕█████████████████ ▏  42 GB/ 42 GB  137 MB/s      0s[K
verifying sha256 digest ⠹ [K[?25h[?2026l[?2026h[?25l[A[A[1Gpulling manifest [K
pulling 4824460d29f2: 100% ▕█████████████████ ▏  42 GB/ 42 GB  137 MB/s      0s[K
verifying sha256 digest ⠸ [K[?25h[?2026l[?2026h[?25l[A[A[1Gpulling manifest [K
pulling 4824460d29f2: 100% ▕█████████████████ ▏  42 GB/ 42 GB  137 MB/s      0s[K
verifying sha256 digest ⠼ [K[?25h[?2026l[?2026h[?25l[A[A[1Gpulling manifest [K
pulling 4824460d29f2: 100% ▕█████████████████ ▏  42 GB/ 42 GB  137 MB/s      0s[K
verifying sha256 digest ⠴ [K[?25h[?2026l[?2026h[?25l[A[A[1Gpulling manifest [K
pulling 4824460d29f2: 100% ▕█████████████████ ▏  42 GB/ 42 GB  137 MB/s      0s[K
verifying sha256 digest ⠦ [K[?25h[?2026l[?2026h[?25l[A[A[1Gpulling manifest [K
pulling 4824460d29f2: 100% ▕█████████████████ ▏  42 GB/ 42 GB  137 MB/s      0s[K
verifying sha256 digest ⠧ [K[?25h[?2026l[?2026h[?25l[A[A[1Gpulling manifest [K
pulling 4824460d29f2: 100% ▕█████████████████ ▏  42 GB/ 42 GB  137 MB/s      0s[K
verifying sha256 digest ⠇ [K[?25h[?2026l[?2026h[?25l[A[A[1Gpulling manifest [K
pulling 4824460d29f2: 100% ▕█████████████████ ▏  42 GB/ 42 GB  137 MB/s      0s[K
verifying sha256 digest ⠏ [K[?25h[?2026l[?2026h[?25l[A[A[1Gpulling manifest [K
pulling 4824460d29f2: 100% ▕█████████████████ ▏  42 GB/ 42 GB  137 MB/s      0s[K
verifying sha256 digest ⠋ [K[?25h[?2026l[?2026h[?25l[A[A[1Gpulling manifest [K
pulling 4824460d29f2: 100% ▕█████████████████ ▏  42 GB/ 42 GB  137 MB/s      0s[K
verifying sha256 digest ⠙ [K[?25h[?2026l[?2026h[?25l[A[A[1Gpulling manifest [K
pulling 4824460d29f2: 100% ▕█████████████████ ▏  42 GB/ 42 GB  137 MB/s      0s[K
verifying sha256 digest ⠹ [K[?25h[?2026l[?2026h[?25l[A[A[1Gpulling manifest [K
pulling 4824460d29f2: 100% ▕█████████████████ ▏  42 GB/ 42 GB  137 MB/s      0s[K
verifying sha256 digest ⠸ [K[?25h[?2026l[?2026h[?25l[A[A[1Gpulling manifest [K
pulling 4824460d29f2: 100% ▕█████████████████ ▏  42 GB/ 42 GB  137 MB/s      0s[K
verifying sha256 digest ⠼ [K[?25h[?2026l[?2026h[?25l[A[A[1Gpulling manifest [K
pulling 4824460d29f2: 100% ▕█████████████████ ▏  42 GB/ 42 GB  137 MB/s      0s[K
verifying sha256 digest ⠴ [K[?25h[?2026l[?2026h[?25l[A[A[1Gpulling manifest [K
pulling 4824460d29f2: 100% ▕█████████████████ ▏  42 GB/ 42 GB  137 MB/s      0s[K
verifying sha256 digest ⠦ [K[?25h[?2026l[?2026h[?25l[A[A[1Gpulling manifest [K
pulling 4824460d29f2: 100% ▕█████████████████ ▏  42 GB/ 42 GB  137 MB/s      0s[K
verifying sha256 digest ⠧ [K[?25h[?2026l[?2026h[?25l[A[A[1Gpulling manifest [K
pulling 4824460d29f2: 100% ▕█████████████████ ▏  42 GB/ 42 GB  137 MB/s      0s[K
verifying sha256 digest ⠇ [K[?25h[?2026l[?2026h[?25l[A[A[1Gpulling manifest [K
pulling 4824460d29f2: 100% ▕█████████████████ ▏  42 GB/ 42 GB  137 MB/s      0s[K
verifying sha256 digest ⠏ [K[?25h[?2026l[?2026h[?25l[A[A[1Gpulling manifest [K
pulling 4824460d29f2: 100% ▕█████████████████ ▏  42 GB/ 42 GB  137 MB/s      0s[K
verifying sha256 digest ⠋ [K[?25h[?2026l[?2026h[?25l[A[A[1Gpulling manifest [K
pulling 4824460d29f2: 100% ▕█████████████████ ▏  42 GB/ 42 GB  137 MB/s      0s[K
verifying sha256 digest ⠙ [K[?25h[?2026l[?2026h[?25l[A[A[1Gpulling manifest [K
pulling 4824460d29f2: 100% ▕█████████████████ ▏  42 GB/ 42 GB  137 MB/s      0s[K
verifying sha256 digest ⠹ [K[?25h[?2026l[?2026h[?25l[A[A[1Gpulling manifest [K
pulling 4824460d29f2: 100% ▕█████████████████ ▏  42 GB/ 42 GB  137 MB/s      0s[K
verifying sha256 digest ⠸ [K[?25h[?2026l[?2026h[?25l[A[A[1Gpulling manifest [K
pulling 4824460d29f2: 100% ▕█████████████████ ▏  42 GB/ 42 GB  137 MB/s      0s[K
verifying sha256 digest ⠼ [K[?25h[?2026l[?2026h[?25l[A[A[1Gpulling manifest [K
pulling 4824460d29f2: 100% ▕█████████████████ ▏  42 GB/ 42 GB  137 MB/s      0s[K
verifying sha256 digest ⠴ [K[?25h[?2026l[?2026h[?25l[A[A[1Gpulling manifest [K
pulling 4824460d29f2: 100% ▕█████████████████ ▏  42 GB/ 42 GB  137 MB/s      0s[K
verifying sha256 digest ⠦ [K[?25h[?2026l[?2026h[?25l[A[A[1Gpulling manifest [K
pulling 4824460d29f2: 100% ▕█████████████████ ▏  42 GB/ 42 GB  137 MB/s      0s[K
verifying sha256 digest ⠧ [K[?25h[?2026l[?2026h[?25l[A[A[1Gpulling manifest [K
pulling 4824460d29f2: 100% ▕█████████████████ ▏  42 GB/ 42 GB  137 MB/s      0s[K
verifying sha256 digest ⠇ [K[?25h[?2026l[?2026h[?25l[A[A[1Gpulling manifest [K
pulling 4824460d29f2: 100% ▕█████████████████ ▏  42 GB/ 42 GB  137 MB/s      0s[K
verifying sha256 digest ⠏ [K[?25h[?2026l[?2026h[?25l[A[A[1Gpulling manifest [K
pulling 4824460d29f2: 100% ▕█████████████████ ▏  42 GB/ 42 GB  137 MB/s      0s[K
verifying sha256 digest ⠋ [K[?25h[?2026l[?2026h[?25l[A[A[1Gpulling manifest [K
pulling 4824460d29f2: 100% ▕█████████████████ ▏  42 GB/ 42 GB  137 MB/s      0s[K
verifying sha256 digest ⠙ [K[?25h[?2026l[?2026h[?25l[A[A[1Gpulling manifest [K
pulling 4824460d29f2: 100% ▕█████████████████ ▏  42 GB/ 42 GB  137 MB/s      0s[K
verifying sha256 digest ⠹ [K[?25h[?2026l[?2026h[?25l[A[A[1Gpulling manifest [K
pulling 4824460d29f2: 100% ▕█████████████████ ▏  42 GB/ 42 GB  137 MB/s      0s[K
verifying sha256 digest ⠸ [K[?25h[?2026l[?2026h[?25l[A[A[1Gpulling manifest [K
pulling 4824460d29f2: 100% ▕█████████████████ ▏  42 GB/ 42 GB  137 MB/s      0s[K
verifying sha256 digest ⠼ [K[?25h[?2026l[?2026h[?25l[A[A[1Gpulling manifest [K
pulling 4824460d29f2: 100% ▕█████████████████ ▏  42 GB/ 42 GB  137 MB/s      0s[K
verifying sha256 digest ⠴ [K[?25h[?2026l[?2026h[?25l[A[A[1Gpulling manifest [K
pulling 4824460d29f2: 100% ▕█████████████████ ▏  42 GB/ 42 GB  137 MB/s      0s[K
verifying sha256 digest ⠦ [K[?25h[?2026l[?2026h[?25l[A[A[1Gpulling manifest [K
pulling 4824460d29f2: 100% ▕█████████████████ ▏  42 GB/ 42 GB  137 MB/s      0s[K
verifying sha256 digest ⠧ [K[?25h[?2026l[?2026h[?25l[A[A[1Gpulling manifest [K
pulling 4824460d29f2: 100% ▕█████████████████ ▏  42 GB/ 42 GB  137 MB/s      0s[K
verifying sha256 digest ⠇ [K[?25h[?2026l[?2026h[?25l[A[A[1Gpulling manifest [K
pulling 4824460d29f2: 100% ▕█████████████████ ▏  42 GB/ 42 GB  137 MB/s      0s[K
verifying sha256 digest ⠏ [K[?25h[?2026l[?2026h[?25l[A[A[1Gpulling manifest [K
pulling 4824460d29f2: 100% ▕█████████████████ ▏  42 GB/ 42 GB  137 MB/s      0s[K
verifying sha256 digest ⠋ [K[?25h[?2026l[?2026h[?25l[A[A[1Gpulling manifest [K
pulling 4824460d29f2: 100% ▕█████████████████ ▏  42 GB/ 42 GB  137 MB/s      0s[K
verifying sha256 digest ⠙ [K[?25h[?2026l[?2026h[?25l[A[A[1Gpulling manifest [K
pulling 4824460d29f2: 100% ▕█████████████████ ▏  42 GB/ 42 GB  137 MB/s      0s[K
verifying sha256 digest ⠹ [K[?25h[?2026l[?2026h[?25l[A[A[1Gpulling manifest [K
pulling 4824460d29f2: 100% ▕█████████████████ ▏  42 GB/ 42 GB  137 MB/s      0s[K
verifying sha256 digest ⠸ [K[?25h[?2026l[?2026h[?25l[A[A[1Gpulling manifest [K
pulling 4824460d29f2: 100% ▕█████████████████ ▏  42 GB/ 42 GB  137 MB/s      0s[K
verifying sha256 digest ⠼ [K[?25h[?2026l[?2026h[?25l[A[A[1Gpulling manifest [K
pulling 4824460d29f2: 100% ▕█████████████████ ▏  42 GB/ 42 GB  137 MB/s      0s[K
verifying sha256 digest ⠴ [K[?25h[?2026l[?2026h[?25l[A[A[1Gpulling manifest [K
pulling 4824460d29f2: 100% ▕█████████████████ ▏  42 GB/ 42 GB  137 MB/s      0s[K
verifying sha256 digest ⠦ [K[?25h[?2026l[?2026h[?25l[A[A[1Gpulling manifest [K
pulling 4824460d29f2: 100% ▕█████████████████ ▏  42 GB/ 42 GB  137 MB/s      0s[K
verifying sha256 digest ⠧ [K[?25h[?2026l[?2026h[?25l[A[A[1Gpulling manifest [K
pulling 4824460d29f2: 100% ▕█████████████████ ▏  42 GB/ 42 GB  137 MB/s      0s[K
verifying sha256 digest ⠇ [K[?25h[?2026l[?2026h[?25l[A[A[1Gpulling manifest [K
pulling 4824460d29f2: 100% ▕█████████████████ ▏  42 GB/ 42 GB  137 MB/s      0s[K
verifying sha256 digest ⠏ [K[?25h[?2026l[?2026h[?25l[A[A[1Gpulling manifest [K
pulling 4824460d29f2: 100% ▕█████████████████ ▏  42 GB/ 42 GB  137 MB/s      0s[K
verifying sha256 digest ⠋ [K[?25h[?2026l[?2026h[?25l[A[A[1Gpulling manifest [K
pulling 4824460d29f2: 100% ▕█████████████████ ▏  42 GB/ 42 GB  137 MB/s      0s[K
verifying sha256 digest ⠙ [K[?25h[?2026l[?2026h[?25l[A[A[1Gpulling manifest [K
pulling 4824460d29f2: 100% ▕█████████████████ ▏  42 GB/ 42 GB  137 MB/s      0s[K
verifying sha256 digest ⠹ [K[?25h[?2026l[?2026h[?25l[A[A[1Gpulling manifest [K
pulling 4824460d29f2: 100% ▕█████████████████ ▏  42 GB/ 42 GB  137 MB/s      0s[K
verifying sha256 digest ⠸ [K[?25h[?2026l[?2026h[?25l[A[A[1Gpulling manifest [K
pulling 4824460d29f2: 100% ▕█████████████████ ▏  42 GB/ 42 GB  137 MB/s      0s[K
verifying sha256 digest ⠼ [K[?25h[?2026l[?2026h[?25l[A[A[1Gpulling manifest [K
pulling 4824460d29f2: 100% ▕█████████████████ ▏  42 GB/ 42 GB  137 MB/s      0s[K
verifying sha256 digest ⠴ [K[?25h[?2026l[?2026h[?25l[A[A[1Gpulling manifest [K
pulling 4824460d29f2: 100% ▕█████████████████ ▏  42 GB/ 42 GB  137 MB/s      0s[K
verifying sha256 digest ⠦ [K[?25h[?2026l[?2026h[?25l[A[A[1Gpulling manifest [K
pulling 4824460d29f2: 100% ▕█████████████████ ▏  42 GB/ 42 GB  137 MB/s      0s[K
verifying sha256 digest ⠧ [K[?25h[?2026l[?2026h[?25l[A[A[1Gpulling manifest [K
pulling 4824460d29f2: 100% ▕█████████████████ ▏  42 GB/ 42 GB  137 MB/s      0s[K
verifying sha256 digest ⠇ [K[?25h[?2026l[?2026h[?25l[A[A[1Gpulling manifest [K
pulling 4824460d29f2: 100% ▕█████████████████ ▏  42 GB/ 42 GB  137 MB/s      0s[K
verifying sha256 digest ⠏ [K[?25h[?2026l[?2026h[?25l[A[A[1Gpulling manifest [K
pulling 4824460d29f2: 100% ▕█████████████████ ▏  42 GB/ 42 GB  137 MB/s      0s[K
verifying sha256 digest ⠋ [K[?25h[?2026l[?2026h[?25l[A[A[1Gpulling manifest [K
pulling 4824460d29f2: 100% ▕█████████████████ ▏  42 GB/ 42 GB  137 MB/s      0s[K
verifying sha256 digest ⠙ [K[?25h[?2026l[?2026h[?25l[A[A[1Gpulling manifest [K
pulling 4824460d29f2: 100% ▕█████████████████ ▏  42 GB/ 42 GB  137 MB/s      0s[K
verifying sha256 digest ⠹ [K[?25h[?2026l[?2026h[?25l[A[A[1Gpulling manifest [K
pulling 4824460d29f2: 100% ▕█████████████████ ▏  42 GB/ 42 GB  137 MB/s      0s[K
verifying sha256 digest ⠸ [K[?25h[?2026l[?2026h[?25l[A[A[1Gpulling manifest [K
pulling 4824460d29f2: 100% ▕█████████████████ ▏  42 GB/ 42 GB  137 MB/s      0s[K
verifying sha256 digest ⠼ [K[?25h[?2026l[?2026h[?25l[A[A[1Gpulling manifest [K
pulling 4824460d29f2: 100% ▕█████████████████ ▏  42 GB/ 42 GB  137 MB/s      0s[K
verifying sha256 digest ⠴ [K[?25h[?2026l[?2026h[?25l[A[A[1Gpulling manifest [K
pulling 4824460d29f2: 100% ▕█████████████████ ▏  42 GB/ 42 GB  137 MB/s      0s[K
verifying sha256 digest ⠦ [K[?25h[?2026l[?2026h[?25l[A[A[1Gpulling manifest [K
pulling 4824460d29f2: 100% ▕█████████████████ ▏  42 GB/ 42 GB  137 MB/s      0s[K
verifying sha256 digest ⠧ [K[?25h[?2026l[?2026h[?25l[A[A[1Gpulling manifest [K
pulling 4824460d29f2: 100% ▕█████████████████ ▏  42 GB/ 42 GB  137 MB/s      0s[K
verifying sha256 digest ⠇ [K[?25h[?2026l[?2026h[?25l[A[A[1Gpulling manifest [K
pulling 4824460d29f2: 100% ▕█████████████████ ▏  42 GB/ 42 GB  137 MB/s      0s[K
verifying sha256 digest ⠏ [K[?25h[?2026l[?2026h[?25l[A[A[1Gpulling manifest [K
pulling 4824460d29f2: 100% ▕█████████████████ ▏  42 GB/ 42 GB  137 MB/s      0s[K
verifying sha256 digest ⠋ [K[?25h[?2026l[?2026h[?25l[A[A[1Gpulling manifest [K
pulling 4824460d29f2: 100% ▕█████████████████ ▏  42 GB/ 42 GB  137 MB/s      0s[K
verifying sha256 digest ⠙ [K[?25h[?2026l[?2026h[?25l[A[A[1Gpulling manifest [K
pulling 4824460d29f2: 100% ▕█████████████████ ▏  42 GB/ 42 GB  137 MB/s      0s[K
verifying sha256 digest ⠹ [K[?25h[?2026l[?2026h[?25l[A[A[1Gpulling manifest [K
pulling 4824460d29f2: 100% ▕█████████████████ ▏  42 GB/ 42 GB  137 MB/s      0s[K
verifying sha256 digest ⠸ [K[?25h[?2026l[?2026h[?25l[A[A[1Gpulling manifest [K
pulling 4824460d29f2: 100% ▕█████████████████ ▏  42 GB/ 42 GB  137 MB/s      0s[K
verifying sha256 digest ⠼ [K[?25h[?2026l[?2026h[?25l[A[A[1Gpulling manifest [K
pulling 4824460d29f2: 100% ▕█████████████████ ▏  42 GB/ 42 GB  137 MB/s      0s[K
verifying sha256 digest ⠴ [K[?25h[?2026l[?2026h[?25l[A[A[1Gpulling manifest [K
pulling 4824460d29f2: 100% ▕█████████████████ ▏  42 GB/ 42 GB  137 MB/s      0s[K
verifying sha256 digest ⠦ [K[?25h[?2026l[?2026h[?25l[A[A[1Gpulling manifest [K
pulling 4824460d29f2: 100% ▕█████████████████ ▏  42 GB/ 42 GB  137 MB/s      0s[K
verifying sha256 digest ⠧ [K[?25h[?2026l[?2026h[?25l[A[A[1Gpulling manifest [K
pulling 4824460d29f2: 100% ▕█████████████████ ▏  42 GB/ 42 GB  137 MB/s      0s[K
verifying sha256 digest ⠇ [K[?25h[?2026l[?2026h[?25l[A[A[1Gpulling manifest [K
pulling 4824460d29f2: 100% ▕█████████████████ ▏  42 GB/ 42 GB  137 MB/s      0s[K
verifying sha256 digest ⠏ [K[?25h[?2026l[?2026h[?25l[A[A[1Gpulling manifest [K
pulling 4824460d29f2: 100% ▕█████████████████ ▏  42 GB/ 42 GB  137 MB/s      0s[K
verifying sha256 digest ⠋ [K[?25h[?2026l[?2026h[?25l[A[A[1Gpulling manifest [K
pulling 4824460d29f2: 100% ▕█████████████████ ▏  42 GB/ 42 GB  137 MB/s      0s[K
verifying sha256 digest ⠙ [K[?25h[?2026l[?2026h[?25l[A[A[1Gpulling manifest [K
pulling 4824460d29f2: 100% ▕█████████████████ ▏  42 GB/ 42 GB  137 MB/s      0s[K
verifying sha256 digest ⠹ [K[?25h[?2026l[?2026h[?25l[A[A[1Gpulling manifest [K
pulling 4824460d29f2: 100% ▕█████████████████ ▏  42 GB/ 42 GB  137 MB/s      0s[K
verifying sha256 digest ⠸ [K[?25h[?2026l[?2026h[?25l[A[A[1Gpulling manifest [K
pulling 4824460d29f2: 100% ▕█████████████████ ▏  42 GB/ 42 GB  137 MB/s      0s[K
verifying sha256 digest ⠼ [K[?25h[?2026l[?2026h[?25l[A[A[1Gpulling manifest [K
pulling 4824460d29f2: 100% ▕█████████████████ ▏  42 GB/ 42 GB  137 MB/s      0s[K
verifying sha256 digest ⠴ [K[?25h[?2026l[?2026h[?25l[A[A[1Gpulling manifest [K
pulling 4824460d29f2: 100% ▕█████████████████ ▏  42 GB/ 42 GB  137 MB/s      0s[K
verifying sha256 digest ⠦ [K[?25h[?2026l[?2026h[?25l[A[A[1Gpulling manifest [K
pulling 4824460d29f2: 100% ▕█████████████████ ▏  42 GB/ 42 GB  137 MB/s      0s[K
verifying sha256 digest ⠧ [K[?25h[?2026l[?2026h[?25l[A[A[1Gpulling manifest [K
pulling 4824460d29f2: 100% ▕█████████████████ ▏  42 GB/ 42 GB  137 MB/s      0s[K
verifying sha256 digest ⠇ [K[?25h[?2026l[?2026h[?25l[A[A[1Gpulling manifest [K
pulling 4824460d29f2: 100% ▕█████████████████ ▏  42 GB/ 42 GB  137 MB/s      0s[K
verifying sha256 digest ⠏ [K[?25h[?2026l[?2026h[?25l[A[A[1Gpulling manifest [K
pulling 4824460d29f2: 100% ▕█████████████████ ▏  42 GB/ 42 GB  137 MB/s      0s[K
verifying sha256 digest ⠋ [K[?25h[?2026l[?2026h[?25l[A[A[1Gpulling manifest [K
pulling 4824460d29f2: 100% ▕█████████████████ ▏  42 GB/ 42 GB  137 MB/s      0s[K
verifying sha256 digest ⠙ [K[?25h[?2026l[?2026h[?25l[A[A[1Gpulling manifest [K
pulling 4824460d29f2: 100% ▕█████████████████ ▏  42 GB/ 42 GB  137 MB/s      0s[K
verifying sha256 digest ⠹ [K[?25h[?2026l[?2026h[?25l[A[A[1Gpulling manifest [K
pulling 4824460d29f2: 100% ▕█████████████████ ▏  42 GB/ 42 GB  137 MB/s      0s[K
verifying sha256 digest ⠸ [K[?25h[?2026l[?2026h[?25l[A[A[1Gpulling manifest [K
pulling 4824460d29f2: 100% ▕█████████████████ ▏  42 GB/ 42 GB  137 MB/s      0s[K
verifying sha256 digest ⠼ [K[?25h[?2026l[?2026h[?25l[A[A[1Gpulling manifest [K
pulling 4824460d29f2: 100% ▕█████████████████ ▏  42 GB/ 42 GB  137 MB/s      0s[K
verifying sha256 digest ⠴ [K[?25h[?2026l[?2026h[?25l[A[A[1Gpulling manifest [K
pulling 4824460d29f2: 100% ▕█████████████████ ▏  42 GB/ 42 GB  137 MB/s      0s[K
verifying sha256 digest ⠦ [K[?25h[?2026l[?2026h[?25l[A[A[1Gpulling manifest [K
pulling 4824460d29f2: 100% ▕█████████████████ ▏  42 GB/ 42 GB  137 MB/s      0s[K
verifying sha256 digest ⠧ [K[?25h[?2026l[?2026h[?25l[A[A[1Gpulling manifest [K
pulling 4824460d29f2: 100% ▕█████████████████ ▏  42 GB/ 42 GB  137 MB/s      0s[K
verifying sha256 digest ⠇ [K[?25h[?2026l[?2026h[?25l[A[A[1Gpulling manifest [K
pulling 4824460d29f2: 100% ▕█████████████████ ▏  42 GB/ 42 GB  137 MB/s      0s[K
verifying sha256 digest ⠏ [K[?25h[?2026l[?2026h[?25l[A[A[1Gpulling manifest [K
pulling 4824460d29f2: 100% ▕█████████████████ ▏  42 GB/ 42 GB  137 MB/s      0s[K
verifying sha256 digest ⠋ [K[?25h[?2026l[?2026h[?25l[A[A[1Gpulling manifest [K
pulling 4824460d29f2: 100% ▕█████████████████ ▏  42 GB/ 42 GB  137 MB/s      0s[K
verifying sha256 digest ⠙ [K[?25h[?2026l[?2026h[?25l[A[A[1Gpulling manifest [K
pulling 4824460d29f2: 100% ▕█████████████████ ▏  42 GB/ 42 GB  137 MB/s      0s[K
verifying sha256 digest ⠹ [K[?25h[?2026l[?2026h[?25l[A[A[1Gpulling manifest [K
pulling 4824460d29f2: 100% ▕█████████████████ ▏  42 GB/ 42 GB  137 MB/s      0s[K
verifying sha256 digest ⠸ [K[?25h[?2026l[?2026h[?25l[A[A[1Gpulling manifest [K
pulling 4824460d29f2: 100% ▕█████████████████ ▏  42 GB/ 42 GB  137 MB/s      0s[K
verifying sha256 digest ⠼ [K[?25h[?2026l[?2026h[?25l[A[A[1Gpulling manifest [K
pulling 4824460d29f2: 100% ▕█████████████████ ▏  42 GB/ 42 GB  137 MB/s      0s[K
verifying sha256 digest ⠴ [K[?25h[?2026l[?2026h[?25l[A[A[1Gpulling manifest [K
pulling 4824460d29f2: 100% ▕█████████████████ ▏  42 GB/ 42 GB  137 MB/s      0s[K
verifying sha256 digest ⠦ [K[?25h[?2026l[?2026h[?25l[A[A[1Gpulling manifest [K
pulling 4824460d29f2: 100% ▕█████████████████ ▏  42 GB/ 42 GB  137 MB/s      0s[K
verifying sha256 digest ⠧ [K[?25h[?2026l[?2026h[?25l[A[A[1Gpulling manifest [K
pulling 4824460d29f2: 100% ▕█████████████████ ▏  42 GB/ 42 GB  137 MB/s      0s[K
verifying sha256 digest ⠇ [K[?25h[?2026l[?2026h[?25l[A[A[1Gpulling manifest [K
pulling 4824460d29f2: 100% ▕█████████████████ ▏  42 GB/ 42 GB  137 MB/s      0s[K
verifying sha256 digest ⠏ [K[?25h[?2026l[?2026h[?25l[A[A[1Gpulling manifest [K
pulling 4824460d29f2: 100% ▕█████████████████ ▏  42 GB/ 42 GB  137 MB/s      0s[K
verifying sha256 digest ⠋ [K[?25h[?2026l[?2026h[?25l[A[A[1Gpulling manifest [K
pulling 4824460d29f2: 100% ▕█████████████████ ▏  42 GB/ 42 GB  137 MB/s      0s[K
verifying sha256 digest ⠙ [K[?25h[?2026l[?2026h[?25l[A[A[1Gpulling manifest [K
pulling 4824460d29f2: 100% ▕█████████████████ ▏  42 GB/ 42 GB  137 MB/s      0s[K
verifying sha256 digest ⠹ [K[?25h[?2026l[?2026h[?25l[A[A[1Gpulling manifest [K
pulling 4824460d29f2: 100% ▕█████████████████ ▏  42 GB/ 42 GB  137 MB/s      0s[K
verifying sha256 digest ⠸ [K[?25h[?2026l[?2026h[?25l[A[A[1Gpulling manifest [K
pulling 4824460d29f2: 100% ▕█████████████████ ▏  42 GB/ 42 GB  137 MB/s      0s[K
verifying sha256 digest ⠼ [K[?25h[?2026l[?2026h[?25l[A[A[1Gpulling manifest [K
pulling 4824460d29f2: 100% ▕█████████████████ ▏  42 GB/ 42 GB  137 MB/s      0s[K
verifying sha256 digest ⠴ [K[?25h[?2026l[?2026h[?25l[A[A[1Gpulling manifest [K
pulling 4824460d29f2: 100% ▕█████████████████ ▏  42 GB/ 42 GB  137 MB/s      0s[K
verifying sha256 digest ⠦ [K[?25h[?2026l[?2026h[?25l[A[A[1Gpulling manifest [K
pulling 4824460d29f2: 100% ▕█████████████████ ▏  42 GB/ 42 GB  137 MB/s      0s[K
verifying sha256 digest ⠧ [K[?25h[?2026l[?2026h[?25l[A[A[1Gpulling manifest [K
pulling 4824460d29f2: 100% ▕█████████████████ ▏  42 GB/ 42 GB  137 MB/s      0s[K
verifying sha256 digest ⠇ [K[?25h[?2026l[?2026h[?25l[A[A[1Gpulling manifest [K
pulling 4824460d29f2: 100% ▕█████████████████ ▏  42 GB/ 42 GB  137 MB/s      0s[K
verifying sha256 digest ⠏ [K[?25h[?2026l[?2026h[?25l[A[A[1Gpulling manifest [K
pulling 4824460d29f2: 100% ▕█████████████████ ▏  42 GB/ 42 GB  137 MB/s      0s[K
verifying sha256 digest ⠋ [K[?25h[?2026l[?2026h[?25l[A[A[1Gpulling manifest [K
pulling 4824460d29f2: 100% ▕█████████████████ ▏  42 GB/ 42 GB  137 MB/s      0s[K
verifying sha256 digest ⠙ [K[?25h[?2026l[?2026h[?25l[A[A[1Gpulling manifest [K
pulling 4824460d29f2: 100% ▕█████████████████ ▏  42 GB/ 42 GB  137 MB/s      0s[K
verifying sha256 digest ⠹ [K[?25h[?2026l[?2026h[?25l[A[A[1Gpulling manifest [K
pulling 4824460d29f2: 100% ▕█████████████████ ▏  42 GB/ 42 GB  137 MB/s      0s[K
verifying sha256 digest ⠸ [K[?25h[?2026l[?2026h[?25l[A[A[1Gpulling manifest [K
pulling 4824460d29f2: 100% ▕█████████████████ ▏  42 GB/ 42 GB  137 MB/s      0s[K
verifying sha256 digest ⠼ [K[?25h[?2026l[?2026h[?25l[A[A[1Gpulling manifest [K
pulling 4824460d29f2: 100% ▕█████████████████ ▏  42 GB/ 42 GB  137 MB/s      0s[K
verifying sha256 digest ⠴ [K[?25h[?2026l[?2026h[?25l[A[A[1Gpulling manifest [K
pulling 4824460d29f2: 100% ▕█████████████████ ▏  42 GB/ 42 GB  137 MB/s      0s[K
verifying sha256 digest ⠦ [K[?25h[?2026l[?2026h[?25l[A[A[1Gpulling manifest [K
pulling 4824460d29f2: 100% ▕█████████████████ ▏  42 GB/ 42 GB  137 MB/s      0s[K
verifying sha256 digest ⠧ [K[?25h[?2026l[?2026h[?25l[A[A[1Gpulling manifest [K
pulling 4824460d29f2: 100% ▕█████████████████ ▏  42 GB/ 42 GB  137 MB/s      0s[K
verifying sha256 digest ⠇ [K[?25h[?2026l[?2026h[?25l[A[A[1Gpulling manifest [K
pulling 4824460d29f2: 100% ▕█████████████████ ▏  42 GB/ 42 GB  137 MB/s      0s[K
verifying sha256 digest ⠏ [K[?25h[?2026l[?2026h[?25l[A[A[1Gpulling manifest [K
pulling 4824460d29f2: 100% ▕█████████████████ ▏  42 GB/ 42 GB  137 MB/s      0s[K
verifying sha256 digest ⠋ [K[?25h[?2026l[?2026h[?25l[A[A[1Gpulling manifest [K
pulling 4824460d29f2: 100% ▕█████████████████ ▏  42 GB/ 42 GB  137 MB/s      0s[K
verifying sha256 digest ⠙ [K[?25h[?2026l[?2026h[?25l[A[A[1Gpulling manifest [K
pulling 4824460d29f2: 100% ▕█████████████████ ▏  42 GB/ 42 GB  137 MB/s      0s[K
verifying sha256 digest ⠹ [K[?25h[?2026l[?2026h[?25l[A[A[1Gpulling manifest [K
pulling 4824460d29f2: 100% ▕█████████████████ ▏  42 GB/ 42 GB  137 MB/s      0s[K
verifying sha256 digest ⠸ [K[?25h[?2026l[?2026h[?25l[A[A[1Gpulling manifest [K
pulling 4824460d29f2: 100% ▕█████████████████ ▏  42 GB/ 42 GB  137 MB/s      0s[K
verifying sha256 digest ⠼ [K[?25h[?2026l[?2026h[?25l[A[A[1Gpulling manifest [K
pulling 4824460d29f2: 100% ▕█████████████████ ▏  42 GB/ 42 GB  137 MB/s      0s[K
verifying sha256 digest ⠴ [K[?25h[?2026l[?2026h[?25l[A[A[1Gpulling manifest [K
pulling 4824460d29f2: 100% ▕█████████████████ ▏  42 GB/ 42 GB  137 MB/s      0s[K
verifying sha256 digest ⠦ [K[?25h[?2026l[?2026h[?25l[A[A[1Gpulling manifest [K
pulling 4824460d29f2: 100% ▕█████████████████ ▏  42 GB/ 42 GB  137 MB/s      0s[K
verifying sha256 digest ⠧ [K[?25h[?2026l[?2026h[?25l[A[A[1Gpulling manifest [K
pulling 4824460d29f2: 100% ▕█████████████████ ▏  42 GB/ 42 GB  137 MB/s      0s[K
verifying sha256 digest ⠇ [K[?25h[?2026l[?2026h[?25l[A[A[1Gpulling manifest [K
pulling 4824460d29f2: 100% ▕█████████████████ ▏  42 GB/ 42 GB  137 MB/s      0s[K
verifying sha256 digest ⠏ [K[?25h[?2026l[?2026h[?25l[A[A[1Gpulling manifest [K
pulling 4824460d29f2: 100% ▕█████████████████ ▏  42 GB/ 42 GB  137 MB/s      0s[K
verifying sha256 digest ⠋ [K[?25h[?2026l[?2026h[?25l[A[A[1Gpulling manifest [K
pulling 4824460d29f2: 100% ▕█████████████████ ▏  42 GB/ 42 GB  137 MB/s      0s[K
verifying sha256 digest ⠙ [K[?25h[?2026l[?2026h[?25l[A[A[1Gpulling manifest [K
pulling 4824460d29f2: 100% ▕█████████████████ ▏  42 GB/ 42 GB  137 MB/s      0s[K
verifying sha256 digest ⠹ [K[?25h[?2026l[?2026h[?25l[A[A[1Gpulling manifest [K
pulling 4824460d29f2: 100% ▕█████████████████ ▏  42 GB/ 42 GB  137 MB/s      0s[K
verifying sha256 digest ⠸ [K[?25h[?2026l[?2026h[?25l[A[A[1Gpulling manifest [K
pulling 4824460d29f2: 100% ▕█████████████████ ▏  42 GB/ 42 GB  137 MB/s      0s[K
verifying sha256 digest ⠼ [K[?25h[?2026l[?2026h[?25l[A[A[1Gpulling manifest [K
pulling 4824460d29f2: 100% ▕█████████████████ ▏  42 GB/ 42 GB  137 MB/s      0s[K
verifying sha256 digest ⠴ [K[?25h[?2026l[?2026h[?25l[A[A[1Gpulling manifest [K
pulling 4824460d29f2: 100% ▕█████████████████ ▏  42 GB/ 42 GB  137 MB/s      0s[K
verifying sha256 digest ⠦ [K[?25h[?2026l[?2026h[?25l[A[A[1Gpulling manifest [K
pulling 4824460d29f2: 100% ▕█████████████████ ▏  42 GB/ 42 GB  137 MB/s      0s[K
verifying sha256 digest ⠧ [K[?25h[?2026l[?2026h[?25l[A[A[1Gpulling manifest [K
pulling 4824460d29f2: 100% ▕█████████████████ ▏  42 GB/ 42 GB  137 MB/s      0s[K
verifying sha256 digest ⠇ [K[?25h[?2026l[?2026h[?25l[A[A[1Gpulling manifest [K
pulling 4824460d29f2: 100% ▕█████████████████ ▏  42 GB/ 42 GB  137 MB/s      0s[K
verifying sha256 digest ⠏ [K[?25h[?2026l[?2026h[?25l[A[A[1Gpulling manifest [K
pulling 4824460d29f2: 100% ▕█████████████████ ▏  42 GB/ 42 GB  137 MB/s      0s[K
verifying sha256 digest ⠋ [K[?25h[?2026l[?2026h[?25l[A[A[1Gpulling manifest [K
pulling 4824460d29f2: 100% ▕█████████████████ ▏  42 GB/ 42 GB  137 MB/s      0s[K
verifying sha256 digest ⠙ [K[?25h[?2026l[?2026h[?25l[A[A[1Gpulling manifest [K
pulling 4824460d29f2: 100% ▕█████████████████ ▏  42 GB/ 42 GB  137 MB/s      0s[K
verifying sha256 digest ⠹ [K[?25h[?2026l[?2026h[?25l[A[A[1Gpulling manifest [K
pulling 4824460d29f2: 100% ▕█████████████████ ▏  42 GB/ 42 GB  137 MB/s      0s[K
verifying sha256 digest ⠸ [K[?25h[?2026l[?2026h[?25l[A[A[1Gpulling manifest [K
pulling 4824460d29f2: 100% ▕█████████████████ ▏  42 GB/ 42 GB  137 MB/s      0s[K
verifying sha256 digest ⠼ [K[?25h[?2026l[?2026h[?25l[A[A[1Gpulling manifest [K
pulling 4824460d29f2: 100% ▕█████████████████ ▏  42 GB/ 42 GB  137 MB/s      0s[K
verifying sha256 digest ⠴ [K[?25h[?2026l[?2026h[?25l[A[A[1Gpulling manifest [K
pulling 4824460d29f2: 100% ▕█████████████████ ▏  42 GB/ 42 GB  137 MB/s      0s[K
verifying sha256 digest ⠦ [K[?25h[?2026l[?2026h[?25l[A[A[1Gpulling manifest [K
pulling 4824460d29f2: 100% ▕█████████████████ ▏  42 GB/ 42 GB  137 MB/s      0s[K
verifying sha256 digest ⠧ [K[?25h[?2026l[?2026h[?25l[A[A[1Gpulling manifest [K
pulling 4824460d29f2: 100% ▕█████████████████ ▏  42 GB/ 42 GB  137 MB/s      0s[K
verifying sha256 digest ⠇ [K[?25h[?2026l[?2026h[?25l[A[A[1Gpulling manifest [K
pulling 4824460d29f2: 100% ▕█████████████████ ▏  42 GB/ 42 GB  137 MB/s      0s[K
verifying sha256 digest ⠏ [K[?25h[?2026l[?2026h[?25l[A[A[1Gpulling manifest [K
pulling 4824460d29f2: 100% ▕█████████████████ ▏  42 GB/ 42 GB  137 MB/s      0s[K
verifying sha256 digest ⠋ [K[?25h[?2026l[?2026h[?25l[A[A[1Gpulling manifest [K
pulling 4824460d29f2: 100% ▕█████████████████ ▏  42 GB/ 42 GB  137 MB/s      0s[K
verifying sha256 digest ⠙ [K[?25h[?2026l[?2026h[?25l[A[A[1Gpulling manifest [K
pulling 4824460d29f2: 100% ▕█████████████████ ▏  42 GB/ 42 GB  137 MB/s      0s[K
verifying sha256 digest ⠹ [K[?25h[?2026l[?2026h[?25l[A[A[1Gpulling manifest [K
pulling 4824460d29f2: 100% ▕█████████████████ ▏  42 GB/ 42 GB  137 MB/s      0s[K
verifying sha256 digest ⠸ [K[?25h[?2026l[?2026h[?25l[A[A[1Gpulling manifest [K
pulling 4824460d29f2: 100% ▕█████████████████ ▏  42 GB/ 42 GB  137 MB/s      0s[K
verifying sha256 digest ⠼ [K[?25h[?2026l[?2026h[?25l[A[A[1Gpulling manifest [K
pulling 4824460d29f2: 100% ▕█████████████████ ▏  42 GB/ 42 GB  137 MB/s      0s[K
verifying sha256 digest ⠴ [K[?25h[?2026l[?2026h[?25l[A[A[1Gpulling manifest [K
pulling 4824460d29f2: 100% ▕█████████████████ ▏  42 GB/ 42 GB  137 MB/s      0s[K
verifying sha256 digest ⠦ [K[?25h[?2026l[?2026h[?25l[A[A[1Gpulling manifest [K
pulling 4824460d29f2: 100% ▕█████████████████ ▏  42 GB/ 42 GB  137 MB/s      0s[K
verifying sha256 digest ⠧ [K[?25h[?2026l[?2026h[?25l[A[A[1Gpulling manifest [K
pulling 4824460d29f2: 100% ▕█████████████████ ▏  42 GB/ 42 GB  137 MB/s      0s[K
verifying sha256 digest ⠇ [K[?25h[?2026l[?2026h[?25l[A[A[1Gpulling manifest [K
pulling 4824460d29f2: 100% ▕█████████████████ ▏  42 GB/ 42 GB  137 MB/s      0s[K
verifying sha256 digest ⠏ [K[?25h[?2026l[?2026h[?25l[A[A[1Gpulling manifest [K
pulling 4824460d29f2: 100% ▕█████████████████ ▏  42 GB/ 42 GB  137 MB/s      0s[K
verifying sha256 digest ⠋ [K[?25h[?2026l[?2026h[?25l[A[A[1Gpulling manifest [K
pulling 4824460d29f2: 100% ▕█████████████████ ▏  42 GB/ 42 GB  137 MB/s      0s[K
verifying sha256 digest ⠙ [K[?25h[?2026l[?2026h[?25l[A[A[1Gpulling manifest [K
pulling 4824460d29f2: 100% ▕█████████████████ ▏  42 GB/ 42 GB  137 MB/s      0s[K
verifying sha256 digest ⠹ [K[?25h[?2026l[?2026h[?25l[A[A[1Gpulling manifest [K
pulling 4824460d29f2: 100% ▕█████████████████ ▏  42 GB/ 42 GB  137 MB/s      0s[K
verifying sha256 digest ⠸ [K[?25h[?2026l[?2026h[?25l[A[A[1Gpulling manifest [K
pulling 4824460d29f2: 100% ▕█████████████████ ▏  42 GB/ 42 GB  137 MB/s      0s[K
verifying sha256 digest ⠼ [K[?25h[?2026l[?2026h[?25l[A[A[1Gpulling manifest [K
pulling 4824460d29f2: 100% ▕█████████████████ ▏  42 GB/ 42 GB  137 MB/s      0s[K
verifying sha256 digest ⠴ [K[?25h[?2026l[?2026h[?25l[A[A[1Gpulling manifest [K
pulling 4824460d29f2: 100% ▕█████████████████ ▏  42 GB/ 42 GB  137 MB/s      0s[K
verifying sha256 digest ⠦ [K[?25h[?2026l[?2026h[?25l[A[A[1Gpulling manifest [K
pulling 4824460d29f2: 100% ▕█████████████████ ▏  42 GB/ 42 GB  137 MB/s      0s[K
verifying sha256 digest ⠧ [K[?25h[?2026l[?2026h[?25l[A[A[1Gpulling manifest [K
pulling 4824460d29f2: 100% ▕█████████████████ ▏  42 GB/ 42 GB  137 MB/s      0s[K
verifying sha256 digest ⠇ [K[?25h[?2026l[?2026h[?25l[A[A[1Gpulling manifest [K
pulling 4824460d29f2: 100% ▕█████████████████ ▏  42 GB/ 42 GB  137 MB/s      0s[K
verifying sha256 digest ⠏ [K[?25h[?2026l[?2026h[?25l[A[A[1Gpulling manifest [K
pulling 4824460d29f2: 100% ▕█████████████████ ▏  42 GB/ 42 GB  137 MB/s      0s[K
verifying sha256 digest ⠋ [K[?25h[?2026l[?2026h[?25l[A[A[1Gpulling manifest [K
pulling 4824460d29f2: 100% ▕█████████████████ ▏  42 GB/ 42 GB  137 MB/s      0s[K
verifying sha256 digest ⠙ [K[?25h[?2026l[?2026h[?25l[A[A[1Gpulling manifest [K
pulling 4824460d29f2: 100% ▕█████████████████ ▏  42 GB/ 42 GB  137 MB/s      0s[K
verifying sha256 digest ⠹ [K[?25h[?2026l[?2026h[?25l[A[A[1Gpulling manifest [K
pulling 4824460d29f2: 100% ▕█████████████████ ▏  42 GB/ 42 GB  137 MB/s      0s[K
verifying sha256 digest ⠸ [K[?25h[?2026l[?2026h[?25l[A[A[1Gpulling manifest [K
pulling 4824460d29f2: 100% ▕█████████████████ ▏  42 GB/ 42 GB  137 MB/s      0s[K
verifying sha256 digest ⠼ [K[?25h[?2026l[?2026h[?25l[A[A[1Gpulling manifest [K
pulling 4824460d29f2: 100% ▕█████████████████ ▏  42 GB/ 42 GB  137 MB/s      0s[K
verifying sha256 digest ⠴ [K[?25h[?2026l[?2026h[?25l[A[A[1Gpulling manifest [K
pulling 4824460d29f2: 100% ▕█████████████████ ▏  42 GB/ 42 GB  137 MB/s      0s[K
verifying sha256 digest ⠦ [K[?25h[?2026l[?2026h[?25l[A[A[1Gpulling manifest [K
pulling 4824460d29f2: 100% ▕█████████████████ ▏  42 GB/ 42 GB  137 MB/s      0s[K
verifying sha256 digest ⠧ [K[?25h[?2026l[?2026h[?25l[A[A[1Gpulling manifest [K
pulling 4824460d29f2: 100% ▕█████████████████ ▏  42 GB/ 42 GB  137 MB/s      0s[K
verifying sha256 digest ⠇ [K[?25h[?2026l[?2026h[?25l[A[A[1Gpulling manifest [K
pulling 4824460d29f2: 100% ▕█████████████████ ▏  42 GB/ 42 GB  137 MB/s      0s[K
verifying sha256 digest ⠏ [K[?25h[?2026l[?2026h[?25l[A[A[1Gpulling manifest [K
pulling 4824460d29f2: 100% ▕█████████████████ ▏  42 GB/ 42 GB  137 MB/s      0s[K
verifying sha256 digest ⠋ [K[?25h[?2026l[?2026h[?25l[A[A[1Gpulling manifest [K
pulling 4824460d29f2: 100% ▕█████████████████ ▏  42 GB/ 42 GB  137 MB/s      0s[K
verifying sha256 digest ⠙ [K[?25h[?2026l[?2026h[?25l[A[A[1Gpulling manifest [K
pulling 4824460d29f2: 100% ▕█████████████████ ▏  42 GB/ 42 GB  137 MB/s      0s[K
verifying sha256 digest ⠹ [K[?25h[?2026l[?2026h[?25l[A[A[1Gpulling manifest [K
pulling 4824460d29f2: 100% ▕█████████████████ ▏  42 GB/ 42 GB  137 MB/s      0s[K
verifying sha256 digest ⠸ [K[?25h[?2026l[?2026h[?25l[A[A[1Gpulling manifest [K
pulling 4824460d29f2: 100% ▕█████████████████ ▏  42 GB/ 42 GB  137 MB/s      0s[K
verifying sha256 digest ⠼ [K[?25h[?2026l[?2026h[?25l[A[A[1Gpulling manifest [K
pulling 4824460d29f2: 100% ▕█████████████████ ▏  42 GB/ 42 GB  137 MB/s      0s[K
verifying sha256 digest ⠴ [K[?25h[?2026l[?2026h[?25l[A[A[1Gpulling manifest [K
pulling 4824460d29f2: 100% ▕█████████████████ ▏  42 GB/ 42 GB  137 MB/s      0s[K
verifying sha256 digest ⠦ [K[?25h[?2026l[?2026h[?25l[A[A[1Gpulling manifest [K
pulling 4824460d29f2: 100% ▕█████████████████ ▏  42 GB/ 42 GB  137 MB/s      0s[K
verifying sha256 digest ⠧ [K[?25h[?2026l[?2026h[?25l[A[A[1Gpulling manifest [K
pulling 4824460d29f2: 100% ▕█████████████████ ▏  42 GB/ 42 GB  137 MB/s      0s[K
verifying sha256 digest ⠇ [K[?25h[?2026l[?2026h[?25l[A[A[1Gpulling manifest [K
pulling 4824460d29f2: 100% ▕█████████████████ ▏  42 GB/ 42 GB  137 MB/s      0s[K
verifying sha256 digest ⠏ [K[?25h[?2026l[?2026h[?25l[A[A[1Gpulling manifest [K
pulling 4824460d29f2: 100% ▕█████████████████ ▏  42 GB/ 42 GB  137 MB/s      0s[K
verifying sha256 digest ⠋ [K[?25h[?2026l[?2026h[?25l[A[A[1Gpulling manifest [K
pulling 4824460d29f2: 100% ▕█████████████████ ▏  42 GB/ 42 GB  137 MB/s      0s[K
verifying sha256 digest ⠙ [K[?25h[?2026l[?2026h[?25l[A[A[1Gpulling manifest [K
pulling 4824460d29f2: 100% ▕█████████████████ ▏  42 GB/ 42 GB  137 MB/s      0s[K
verifying sha256 digest ⠹ [K[?25h[?2026l[?2026h[?25l[A[A[1Gpulling manifest [K
pulling 4824460d29f2: 100% ▕█████████████████ ▏  42 GB/ 42 GB  137 MB/s      0s[K
verifying sha256 digest ⠸ [K[?25h[?2026l[?2026h[?25l[A[A[1Gpulling manifest [K
pulling 4824460d29f2: 100% ▕█████████████████ ▏  42 GB/ 42 GB  137 MB/s      0s[K
verifying sha256 digest ⠼ [K[?25h[?2026l[?2026h[?25l[A[A[1Gpulling manifest [K
pulling 4824460d29f2: 100% ▕█████████████████ ▏  42 GB/ 42 GB  137 MB/s      0s[K
verifying sha256 digest ⠴ [K[?25h[?2026l[?2026h[?25l[A[A[1Gpulling manifest [K
pulling 4824460d29f2: 100% ▕█████████████████ ▏  42 GB/ 42 GB  137 MB/s      0s[K
verifying sha256 digest ⠦ [K[?25h[?2026l[?2026h[?25l[A[A[1Gpulling manifest [K
pulling 4824460d29f2: 100% ▕█████████████████ ▏  42 GB/ 42 GB  137 MB/s      0s[K
verifying sha256 digest ⠧ [K[?25h[?2026l[?2026h[?25l[A[A[1Gpulling manifest [K
pulling 4824460d29f2: 100% ▕█████████████████ ▏  42 GB/ 42 GB  137 MB/s      0s[K
verifying sha256 digest ⠇ [K[?25h[?2026l[?2026h[?25l[A[A[1Gpulling manifest [K
pulling 4824460d29f2: 100% ▕█████████████████ ▏  42 GB/ 42 GB  137 MB/s      0s[K
verifying sha256 digest ⠏ [K[?25h[?2026l[?2026h[?25l[A[A[1Gpulling manifest [K
pulling 4824460d29f2: 100% ▕█████████████████ ▏  42 GB/ 42 GB  137 MB/s      0s[K
verifying sha256 digest ⠋ [K[?25h[?2026l[?2026h[?25l[A[A[1Gpulling manifest [K
pulling 4824460d29f2: 100% ▕█████████████████ ▏  42 GB/ 42 GB  137 MB/s      0s[K
verifying sha256 digest ⠙ [K[?25h[?2026l[?2026h[?25l[A[A[1Gpulling manifest [K
pulling 4824460d29f2: 100% ▕█████████████████ ▏  42 GB/ 42 GB  137 MB/s      0s[K
verifying sha256 digest ⠹ [K[?25h[?2026l[?2026h[?25l[A[A[1Gpulling manifest [K
pulling 4824460d29f2: 100% ▕█████████████████ ▏  42 GB/ 42 GB  137 MB/s      0s[K
verifying sha256 digest ⠸ [K[?25h[?2026l[?2026h[?25l[A[A[1Gpulling manifest [K
pulling 4824460d29f2: 100% ▕█████████████████ ▏  42 GB/ 42 GB  137 MB/s      0s[K
verifying sha256 digest ⠼ [K[?25h[?2026l[?2026h[?25l[A[A[1Gpulling manifest [K
pulling 4824460d29f2: 100% ▕█████████████████ ▏  42 GB/ 42 GB  137 MB/s      0s[K
verifying sha256 digest ⠴ [K[?25h[?2026l[?2026h[?25l[A[A[1Gpulling manifest [K
pulling 4824460d29f2: 100% ▕█████████████████ ▏  42 GB/ 42 GB  137 MB/s      0s[K
verifying sha256 digest ⠦ [K[?25h[?2026l[?2026h[?25l[A[A[1Gpulling manifest [K
pulling 4824460d29f2: 100% ▕█████████████████ ▏  42 GB/ 42 GB  137 MB/s      0s[K
verifying sha256 digest ⠧ [K[?25h[?2026l[?2026h[?25l[A[A[1Gpulling manifest [K
pulling 4824460d29f2: 100% ▕█████████████████ ▏  42 GB/ 42 GB  137 MB/s      0s[K
verifying sha256 digest ⠇ [K[?25h[?2026l[?2026h[?25l[A[A[1Gpulling manifest [K
pulling 4824460d29f2: 100% ▕█████████████████ ▏  42 GB/ 42 GB  137 MB/s      0s[K
verifying sha256 digest ⠏ [K[?25h[?2026l[?2026h[?25l[A[A[1Gpulling manifest [K
pulling 4824460d29f2: 100% ▕█████████████████ ▏  42 GB/ 42 GB  137 MB/s      0s[K
verifying sha256 digest ⠋ [K[?25h[?2026l[?2026h[?25l[A[A[1Gpulling manifest [K
pulling 4824460d29f2: 100% ▕█████████████████ ▏  42 GB/ 42 GB  137 MB/s      0s[K
verifying sha256 digest ⠙ [K[?25h[?2026l[?2026h[?25l[A[A[1Gpulling manifest [K
pulling 4824460d29f2: 100% ▕█████████████████ ▏  42 GB/ 42 GB  137 MB/s      0s[K
verifying sha256 digest ⠹ [K[?25h[?2026l[?2026h[?25l[A[A[1Gpulling manifest [K
pulling 4824460d29f2: 100% ▕█████████████████ ▏  42 GB/ 42 GB  137 MB/s      0s[K
verifying sha256 digest ⠸ [K[?25h[?2026l[?2026h[?25l[A[A[1Gpulling manifest [K
pulling 4824460d29f2: 100% ▕█████████████████ ▏  42 GB/ 42 GB  137 MB/s      0s[K
verifying sha256 digest ⠼ [K[?25h[?2026l[?2026h[?25l[A[A[1Gpulling manifest [K
pulling 4824460d29f2: 100% ▕█████████████████ ▏  42 GB/ 42 GB  137 MB/s      0s[K
verifying sha256 digest ⠴ [K[?25h[?2026l[?2026h[?25l[A[A[1Gpulling manifest [K
pulling 4824460d29f2: 100% ▕█████████████████ ▏  42 GB/ 42 GB  137 MB/s      0s[K
verifying sha256 digest ⠦ [K[?25h[?2026l[?2026h[?25l[A[A[1Gpulling manifest [K
pulling 4824460d29f2: 100% ▕█████████████████ ▏  42 GB/ 42 GB  137 MB/s      0s[K
verifying sha256 digest ⠧ [K[?25h[?2026l[?2026h[?25l[A[A[1Gpulling manifest [K
pulling 4824460d29f2: 100% ▕█████████████████ ▏  42 GB/ 42 GB  137 MB/s      0s[K
verifying sha256 digest ⠇ [K[?25h[?2026l[?2026h[?25l[A[A[1Gpulling manifest [K
pulling 4824460d29f2: 100% ▕█████████████████ ▏  42 GB/ 42 GB  137 MB/s      0s[K
verifying sha256 digest ⠏ [K[?25h[?2026l[?2026h[?25l[A[A[1Gpulling manifest [K
pulling 4824460d29f2: 100% ▕█████████████████ ▏  42 GB/ 42 GB  137 MB/s      0s[K
verifying sha256 digest ⠋ [K[?25h[?2026l[?2026h[?25l[A[A[1Gpulling manifest [K
pulling 4824460d29f2: 100% ▕█████████████████ ▏  42 GB/ 42 GB  137 MB/s      0s[K
verifying sha256 digest ⠙ [K[?25h[?2026l[?2026h[?25l[A[A[1Gpulling manifest [K
pulling 4824460d29f2: 100% ▕█████████████████ ▏  42 GB/ 42 GB  137 MB/s      0s[K
verifying sha256 digest ⠹ [K[?25h[?2026l[?2026h[?25l[A[A[1Gpulling manifest [K
pulling 4824460d29f2: 100% ▕█████████████████ ▏  42 GB/ 42 GB  137 MB/s      0s[K
verifying sha256 digest ⠸ [K[?25h[?2026l[?2026h[?25l[A[A[1Gpulling manifest [K
pulling 4824460d29f2: 100% ▕█████████████████ ▏  42 GB/ 42 GB  137 MB/s      0s[K
verifying sha256 digest ⠼ [K[?25h[?2026l[?2026h[?25l[A[A[1Gpulling manifest [K
pulling 4824460d29f2: 100% ▕█████████████████ ▏  42 GB/ 42 GB  137 MB/s      0s[K
verifying sha256 digest ⠴ [K[?25h[?2026l[?2026h[?25l[A[A[1Gpulling manifest [K
pulling 4824460d29f2: 100% ▕█████████████████ ▏  42 GB/ 42 GB  137 MB/s      0s[K
verifying sha256 digest ⠦ [K[?25h[?2026l[?2026h[?25l[A[A[1Gpulling manifest [K
pulling 4824460d29f2: 100% ▕█████████████████ ▏  42 GB/ 42 GB  137 MB/s      0s[K
verifying sha256 digest ⠧ [K[?25h[?2026l[?2026h[?25l[A[A[1Gpulling manifest [K
pulling 4824460d29f2: 100% ▕█████████████████ ▏  42 GB/ 42 GB  137 MB/s      0s[K
verifying sha256 digest ⠇ [K[?25h[?2026l[?2026h[?25l[A[A[1Gpulling manifest [K
pulling 4824460d29f2: 100% ▕█████████████████ ▏  42 GB/ 42 GB  137 MB/s      0s[K
verifying sha256 digest ⠏ [K[?25h[?2026l[?2026h[?25l[A[A[1Gpulling manifest [K
pulling 4824460d29f2: 100% ▕█████████████████ ▏  42 GB/ 42 GB  137 MB/s      0s[K
verifying sha256 digest ⠋ [K[?25h[?2026l[?2026h[?25l[A[A[1Gpulling manifest [K
pulling 4824460d29f2: 100% ▕█████████████████ ▏  42 GB/ 42 GB  137 MB/s      0s[K
verifying sha256 digest ⠙ [K[?25h[?2026l[?2026h[?25l[A[A[1Gpulling manifest [K
pulling 4824460d29f2: 100% ▕█████████████████ ▏  42 GB/ 42 GB  137 MB/s      0s[K
verifying sha256 digest ⠹ [K[?25h[?2026l[?2026h[?25l[A[A[1Gpulling manifest [K
pulling 4824460d29f2: 100% ▕█████████████████ ▏  42 GB/ 42 GB  137 MB/s      0s[K
verifying sha256 digest ⠸ [K[?25h[?2026l[?2026h[?25l[A[A[1Gpulling manifest [K
pulling 4824460d29f2: 100% ▕█████████████████ ▏  42 GB/ 42 GB  137 MB/s      0s[K
verifying sha256 digest ⠼ [K[?25h[?2026l[?2026h[?25l[A[A[1Gpulling manifest [K
pulling 4824460d29f2: 100% ▕█████████████████ ▏  42 GB/ 42 GB  137 MB/s      0s[K
verifying sha256 digest ⠴ [K[?25h[?2026l[?2026h[?25l[A[A[1Gpulling manifest [K
pulling 4824460d29f2: 100% ▕█████████████████ ▏  42 GB/ 42 GB  137 MB/s      0s[K
verifying sha256 digest ⠦ [K[?25h[?2026l[?2026h[?25l[A[A[1Gpulling manifest [K
pulling 4824460d29f2: 100% ▕█████████████████ ▏  42 GB/ 42 GB  137 MB/s      0s[K
verifying sha256 digest ⠧ [K[?25h[?2026l[?2026h[?25l[A[A[1Gpulling manifest [K
pulling 4824460d29f2: 100% ▕█████████████████ ▏  42 GB/ 42 GB  137 MB/s      0s[K
verifying sha256 digest ⠇ [K[?25h[?2026l[?2026h[?25l[A[A[1Gpulling manifest [K
pulling 4824460d29f2: 100% ▕█████████████████ ▏  42 GB/ 42 GB  137 MB/s      0s[K
verifying sha256 digest ⠏ [K[?25h[?2026l[?2026h[?25l[A[A[1Gpulling manifest [K
pulling 4824460d29f2: 100% ▕█████████████████ ▏  42 GB/ 42 GB  137 MB/s      0s[K
verifying sha256 digest ⠋ [K[?25h[?2026l[?2026h[?25l[A[A[1Gpulling manifest [K
pulling 4824460d29f2: 100% ▕█████████████████ ▏  42 GB/ 42 GB  137 MB/s      0s[K
verifying sha256 digest ⠙ [K[?25h[?2026l[?2026h[?25l[A[A[1Gpulling manifest [K
pulling 4824460d29f2: 100% ▕█████████████████ ▏  42 GB/ 42 GB  137 MB/s      0s[K
verifying sha256 digest ⠹ [K[?25h[?2026l[?2026h[?25l[A[A[1Gpulling manifest [K
pulling 4824460d29f2: 100% ▕█████████████████ ▏  42 GB/ 42 GB  137 MB/s      0s[K
verifying sha256 digest ⠸ [K[?25h[?2026l[?2026h[?25l[A[A[1Gpulling manifest [K
pulling 4824460d29f2: 100% ▕█████████████████ ▏  42 GB/ 42 GB  137 MB/s      0s[K
verifying sha256 digest ⠼ [K[?25h[?2026l[?2026h[?25l[A[A[1Gpulling manifest [K
pulling 4824460d29f2: 100% ▕█████████████████ ▏  42 GB/ 42 GB  137 MB/s      0s[K
verifying sha256 digest ⠴ [K[?25h[?2026l[?2026h[?25l[A[A[1Gpulling manifest [K
pulling 4824460d29f2: 100% ▕█████████████████ ▏  42 GB/ 42 GB  137 MB/s      0s[K
verifying sha256 digest ⠦ [K[?25h[?2026l[?2026h[?25l[A[A[1Gpulling manifest [K
pulling 4824460d29f2: 100% ▕█████████████████ ▏  42 GB/ 42 GB  137 MB/s      0s[K
verifying sha256 digest ⠧ [K[?25h[?2026l[?2026h[?25l[A[A[1Gpulling manifest [K
pulling 4824460d29f2: 100% ▕█████████████████ ▏  42 GB/ 42 GB  137 MB/s      0s[K
verifying sha256 digest [K
writing manifest [K
success [K[?25h[?2026l
